2024-10-07T00:00:00.000Z,13.31,-11.05,99999.9,999.99,9999999.0
2024-10-07T00:01:00.000Z,13.33,-11.08,445.7,9.42,21338
2024-10-07T00:02:00.000Z,13.32,-11.04,445.7,9.42,21338
2024-10-07T00:03:00.000Z,13.31,-11.04,99999.9,999.99,9999999.0
2024-10-07T00:04:00.000Z,13.30,-11.19,99999.9,999.99,9999999.0
2024-10-07T00:05:00.000Z,13.31,-10.99,99999.9,999.99,9999999.0
2024-10-07T00:06:00.000Z,13.29,-10.95,449.5,9.53,21565
2024-10-07T00:07:00.000Z,13.29,-10.82,449.5,9.53,21565
2024-10-07T00:08:00.000Z,13.27,-10.69,99999.9,999.99,9999999.0
2024-10-07T00:09:00.000Z,13.29,-10.75,99999.9,999.99,9999999.0
2024-10-07T00:10:00.000Z,13.29,-10.70,449.9,9.52,27063
2024-10-07T00:11:00.000Z,13.32,-10.69,449.9,9.52,27063
2024-10-07T00:12:00.000Z,13.32,-10.37,449.9,9.52,27063
2024-10-07T00:13:00.000Z,13.32,-10.22,99999.9,999.99,9999999.0
2024-10-07T00:14:00.000Z,13.36,-10.28,452.7,8.76,18275
2024-10-07T00:15:00.000Z,13.38,-10.50,452.7,8.76,18275
2024-10-07T00:16:00.000Z,13.40,-10.59,452.7,8.76,18275
2024-10-07T00:17:00.000Z,13.41,-10.57,452.5,8.75,20527
2024-10-07T00:18:00.000Z,13.40,-10.54,452.5,8.75,20527
2024-10-07T00:19:00.000Z,13.42,-10.62,452.5,8.75,20527
2024-10-07T00:20:00.000Z,13.42,-10.59,99999.9,999.99,9999999.0
2024-10-07T00:21:00.000Z,13.41,-10.75,449.1,8.56,18847
2024-10-07T00:22:00.000Z,13.38,-10.86,449.1,8.56,18847
2024-10-07T00:23:00.000Z,13.38,-10.88,449.1,8.56,18847
2024-10-07T00:24:00.000Z,13.39,-11.02,99999.9,999.99,9999999.0
2024-10-07T00:25:00.000Z,13.38,-11.08,451.1,8.67,19864
2024-10-07T00:26:00.000Z,13.38,-11.18,451.1,8.67,19864
2024-10-07T00:27:00.000Z,13.40,-11.08,452.8,8.44,19820
2024-10-07T00:28:00.000Z,13.42,-11.00,452.8,8.44,19820
2024-10-07T00:29:00.000Z,13.44,-11.02,449.8,7.90,22745
2024-10-07T00:30:00.000Z,13.45,-11.04,449.8,7.90,22746
2024-10-07T00:31:00.000Z,13.44,-11.05,99999.9,999.99,9999999.0
2024-10-07T00:32:00.000Z,13.43,-11.15,99999.9,999.99,9999999.0
2024-10-07T00:33:00.000Z,13.40,-11.13,455.2,8.26,20483
2024-10-07T00:34:00.000Z,13.30,-10.82,455.2,8.26,20483
2024-10-07T00:35:00.000Z,13.24,-10.82,455.8,9.14,20908
2024-10-07T00:36:00.000Z,13.22,-10.89,455.8,9.14,20908
2024-10-07T00:37:00.000Z,13.21,-10.82,455.8,9.14,20908
2024-10-07T00:38:00.000Z,13.22,-10.75,99999.9,999.99,9999999.0
2024-10-07T00:39:00.000Z,13.25,-10.73,99999.9,999.99,9999999.0
2024-10-07T00:40:00.000Z,13.28,-10.72,99999.9,999.99,9999999.0
2024-10-07T00:41:00.000Z,13.27,-11.01,99999.9,999.99,9999999.0
2024-10-07T00:42:00.000Z,13.30,-10.63,455.5,9.13,21588
2024-10-07T00:43:00.000Z,13.35,-10.64,455.5,9.13,21588
2024-10-07T00:44:00.000Z,13.39,-11.32,455.5,9.13,21588
2024-10-07T00:45:00.000Z,13.37,-11.18,455.2,8.07,23551
2024-10-07T00:46:00.000Z,13.39,-10.96,455.2,8.07,23551
2024-10-07T00:47:00.000Z,13.37,-11.02,453.8,8.23,20908
2024-10-07T00:48:00.000Z,13.34,-11.11,453.8,8.23,20906
2024-10-07T00:49:00.000Z,13.34,-11.24,454.7,8.58,20527
2024-10-07T00:50:00.000Z,13.34,-11.33,454.7,8.58,20527
2024-10-07T00:51:00.000Z,13.32,-11.34,452.0,8.69,19363
2024-10-07T00:52:00.000Z,13.33,-11.13,452.0,8.69,19363
2024-10-07T00:53:00.000Z,13.32,-10.78,452.1,8.60,19234
2024-10-07T00:54:00.000Z,13.29,-11.32,452.2,8.53,19126
2024-10-07T00:55:00.000Z,13.29,-11.43,452.0,8.51,19350
2024-10-07T00:56:00.000Z,13.29,-11.38,451.8,8.49,19493
2024-10-07T00:57:00.000Z,13.38,-12.28,451.4,7.40,17612
2024-10-07T00:58:00.000Z,13.21,-11.59,451.4,7.37,17567
2024-10-07T00:59:00.000Z,13.14,-11.20,450.0,9.17,28594
2024-10-07T01:00:00.000Z,13.09,-11.11,449.8,9.13,28783
2024-10-07T01:01:00.000Z,12.83,-9.80,449.1,9.03,29335
2024-10-07T01:02:00.000Z,12.88,-9.61,449.5,9.22,29165
2024-10-07T01:03:00.000Z,12.74,-9.66,451.3,9.99,28463
2024-10-07T01:04:00.000Z,12.55,-9.75,451.0,10.21,28343
2024-10-07T01:05:00.000Z,12.64,-9.77,446.5,13.66,26478
2024-10-07T01:06:00.000Z,12.61,-9.87,446.5,13.66,26478
2024-10-07T01:07:00.000Z,12.55,-9.75,447.9,13.84,27063
2024-10-07T01:08:00.000Z,12.50,-9.44,447.9,13.84,27063
2024-10-07T01:09:00.000Z,12.33,-9.04,450.2,14.82,27959
2024-10-07T01:10:00.000Z,12.26,-9.09,450.4,14.88,28018
2024-10-07T01:11:00.000Z,12.15,-9.58,99999.9,999.99,9999999.0
2024-10-07T01:12:00.000Z,12.14,-9.93,446.4,16.12,29709
2024-10-07T01:13:00.000Z,12.10,-9.72,446.4,16.12,29709
2024-10-07T01:14:00.000Z,12.00,-9.58,445.9,16.49,31962
2024-10-07T01:15:00.000Z,11.97,-9.84,445.5,16.86,34097
2024-10-07T01:16:00.000Z,11.96,-9.33,443.4,16.38,32243
2024-10-07T01:17:00.000Z,12.28,-8.27,443.0,16.30,31921
2024-10-07T01:18:00.000Z,12.16,-8.46,99999.9,999.99,9999999.0
2024-10-07T01:19:00.000Z,12.11,-8.92,446.4,14.85,31450
2024-10-07T01:20:00.000Z,12.05,-9.37,446.5,14.70,31469
2024-10-07T01:21:00.000Z,12.16,-9.95,446.9,13.76,31590
2024-10-07T01:22:00.000Z,12.08,-10.04,445.4,12.13,23699
2024-10-07T01:23:00.000Z,12.18,-9.52,445.3,12.05,23265
2024-10-07T01:24:00.000Z,12.37,-9.82,446.6,13.97,31285
2024-10-07T01:25:00.000Z,12.60,-9.80,451.3,12.20,27480
2024-10-07T01:26:00.000Z,12.63,-10.45,453.8,11.47,27892
2024-10-07T01:27:00.000Z,12.14,-8.98,453.5,13.18,27451
2024-10-07T01:28:00.000Z,11.72,-9.27,447.5,14.37,35872
2024-10-07T01:29:00.000Z,11.33,-8.98,446.7,15.98,38264
2024-10-07T01:30:00.000Z,11.54,-9.68,446.9,17.29,39213
2024-10-07T01:31:00.000Z,11.79,-10.35,447.1,14.86,36612
2024-10-07T01:32:00.000Z,11.53,-11.01,447.1,14.86,36612
2024-10-07T01:33:00.000Z,11.63,-11.10,445.2,15.65,40239
2024-10-07T01:34:00.000Z,11.72,-10.51,452.1,11.19,33616
2024-10-07T01:35:00.000Z,11.76,-10.44,454.2,9.84,31588
2024-10-07T01:36:00.000Z,11.29,-2.72,452.8,11.45,39525
2024-10-07T01:37:00.000Z,11.36,3.35,452.8,11.45,39525
2024-10-07T01:38:00.000Z,11.38,3.12,99999.9,999.99,9999999.0
2024-10-07T01:39:00.000Z,11.42,1.97,481.0,12.57,60413
2024-10-07T01:40:00.000Z,11.56,1.96,481.0,12.57,60413
2024-10-07T01:41:00.000Z,10.37,0.48,478.2,11.35,50077
2024-10-07T01:42:00.000Z,11.40,1.67,479.1,11.41,49708
2024-10-07T01:43:00.000Z,11.76,1.36,481.2,11.58,48835
2024-10-07T01:44:00.000Z,11.70,1.24,477.2,11.07,45120
2024-10-07T01:45:00.000Z,12.10,0.82,477.1,11.06,45057
2024-10-07T01:46:00.000Z,12.26,0.91,99999.9,999.99,9999999.0
2024-10-07T01:47:00.000Z,12.19,0.75,99999.9,999.99,9999999.0
2024-10-07T01:48:00.000Z,12.24,0.47,99999.9,999.99,9999999.0
2024-10-07T01:49:00.000Z,12.31,0.54,99999.9,999.99,9999999.0
2024-10-07T01:50:00.000Z,12.30,0.44,480.3,12.52,36553
2024-10-07T01:51:00.000Z,12.35,0.54,480.3,12.52,36553
2024-10-07T01:52:00.000Z,12.34,0.63,99999.9,999.99,9999999.0
2024-10-07T01:53:00.000Z,12.34,0.78,99999.9,999.99,9999999.0
2024-10-07T01:54:00.000Z,12.35,0.90,480.2,12.57,35872
2024-10-07T01:55:00.000Z,12.33,0.93,480.2,12.57,35872
2024-10-07T01:56:00.000Z,12.32,1.01,480.2,12.57,35872
2024-10-07T01:57:00.000Z,12.31,1.05,99999.9,999.99,9999999.0
2024-10-07T01:58:00.000Z,12.30,1.05,99999.9,999.99,9999999.0
2024-10-07T01:59:00.000Z,11.99,1.29,479.0,13.14,35197
2024-10-07T02:00:00.000Z,11.92,1.26,479.0,13.14,35209
2024-10-07T02:01:00.000Z,11.90,1.49,475.7,15.13,47749
2024-10-07T02:02:00.000Z,11.85,0.14,474.1,15.02,47761
2024-10-07T02:03:00.000Z,11.93,0.31,479.6,13.51,26935
2024-10-07T02:04:00.000Z,12.05,-1.36,479.8,14.02,29764
2024-10-07T02:05:00.000Z,11.90,-2.62,480.5,15.65,38679
2024-10-07T02:06:00.000Z,11.93,-4.59,99999.9,999.99,9999999.0
2024-10-07T02:07:00.000Z,12.06,-2.20,490.8,15.03,37116
2024-10-07T02:08:00.000Z,12.39,-1.92,486.0,14.34,40553
2024-10-07T02:09:00.000Z,11.60,-5.43,482.1,12.15,43952
2024-10-07T02:10:00.000Z,11.76,-5.74,490.2,17.58,41986
2024-10-07T02:11:00.000Z,12.20,-5.92,490.3,17.61,41975
2024-10-07T02:12:00.000Z,12.20,-5.79,99999.9,999.99,9999999.0
2024-10-07T02:13:00.000Z,12.20,-5.35,99999.9,999.99,9999999.0
2024-10-07T02:14:00.000Z,12.22,-5.04,99999.9,999.99,9999999.0
2024-10-07T02:15:00.000Z,12.25,-4.93,483.4,13.39,26124
2024-10-07T02:16:00.000Z,12.25,-4.70,483.4,13.39,26124
2024-10-07T02:17:00.000Z,12.24,-4.36,483.4,13.39,26124
2024-10-07T02:18:00.000Z,12.25,-4.21,99999.9,999.99,9999999.0
2024-10-07T02:19:00.000Z,12.24,-4.39,99999.9,999.99,9999999.0
2024-10-07T02:20:00.000Z,12.20,-4.45,484.7,13.79,32088
2024-10-07T02:21:00.000Z,12.05,-4.97,484.7,13.79,32088
2024-10-07T02:22:00.000Z,11.99,-4.99,99999.9,999.99,9999999.0
2024-10-07T02:23:00.000Z,11.79,-4.77,488.9,15.21,38420
2024-10-07T02:24:00.000Z,11.73,-4.98,488.9,15.21,38420
2024-10-07T02:25:00.000Z,11.57,-4.85,488.9,15.21,38420
2024-10-07T02:26:00.000Z,11.52,-4.77,492.1,15.32,39711
2024-10-07T02:27:00.000Z,12.13,-3.05,492.1,15.32,39711
2024-10-07T02:28:00.000Z,12.18,-3.35,492.1,15.32,39711
2024-10-07T02:29:00.000Z,12.06,-2.95,99999.9,999.99,9999999.0
2024-10-07T02:30:00.000Z,11.76,-2.27,492.6,13.69,44826
2024-10-07T02:31:00.000Z,11.55,-3.37,492.6,13.69,44826
2024-10-07T02:32:00.000Z,10.57,-4.45,471.8,18.40,112177
2024-10-07T02:33:00.000Z,10.23,-4.61,476.3,15.86,88982
2024-10-07T02:34:00.000Z,9.11,-5.22,485.0,10.91,43257
2024-10-07T02:35:00.000Z,7.80,-5.17,99999.9,999.99,9999999.0
2024-10-07T02:36:00.000Z,8.36,-4.01,473.2,17.05,144964
2024-10-07T02:37:00.000Z,9.91,-6.40,472.6,16.94,118317
2024-10-07T02:38:00.000Z,10.35,-7.23,474.7,17.07,37339
2024-10-07T02:39:00.000Z,10.29,-7.08,484.0,18.16,32423
2024-10-07T02:40:00.000Z,10.46,-6.96,481.8,19.33,43648
2024-10-07T02:41:00.000Z,10.55,-7.39,481.7,19.45,44068
2024-10-07T02:42:00.000Z,10.59,-7.89,481.2,20.17,46558
2024-10-07T02:43:00.000Z,10.70,-7.48,480.9,19.75,47169
2024-10-07T02:44:00.000Z,10.69,-7.15,484.1,18.78,47842
2024-10-07T02:45:00.000Z,10.62,-7.43,485.9,18.56,45241
2024-10-07T02:46:00.000Z,10.62,-6.79,485.7,19.23,39094
2024-10-07T02:47:00.000Z,10.43,-5.47,487.1,19.84,43046
2024-10-07T02:48:00.000Z,10.69,-3.86,485.9,20.04,46465
2024-10-07T02:49:00.000Z,10.71,-2.30,484.4,20.26,50321
2024-10-07T02:50:00.000Z,10.51,-3.35,485.1,19.65,40678
2024-10-07T02:51:00.000Z,10.18,-1.97,485.1,19.65,40678
2024-10-07T02:52:00.000Z,10.17,-2.71,485.9,22.82,33612
2024-10-07T02:53:00.000Z,10.54,-1.11,485.6,23.57,31771
2024-10-07T02:54:00.000Z,10.34,-1.73,482.7,25.45,26019
2024-10-07T02:55:00.000Z,10.33,-5.04,483.7,27.56,32622
2024-10-07T02:56:00.000Z,10.23,-4.84,483.7,27.58,32709
2024-10-07T02:57:00.000Z,10.31,-2.68,485.4,26.25,42582
2024-10-07T02:58:00.000Z,10.17,-4.87,484.5,29.77,36171
2024-10-07T02:59:00.000Z,10.19,-6.41,484.1,31.84,32026
2024-10-07T03:00:00.000Z,10.16,-3.96,485.5,28.86,27828
2024-10-07T03:01:00.000Z,10.01,-4.23,484.7,28.42,26353
2024-10-07T03:02:00.000Z,9.38,-4.99,485.5,28.73,26685
2024-10-07T03:03:00.000Z,9.45,-5.24,99999.9,999.99,9999999.0
2024-10-07T03:04:00.000Z,9.39,-5.28,489.8,30.83,29122
2024-10-07T03:05:00.000Z,9.32,-5.14,490.0,30.99,29265
2024-10-07T03:06:00.000Z,9.60,-5.80,491.4,31.92,30086
2024-10-07T03:07:00.000Z,9.72,-3.86,485.8,29.60,32028
2024-10-07T03:08:00.000Z,9.72,-3.17,485.3,29.40,32200
2024-10-07T03:09:00.000Z,9.70,-2.27,99999.9,999.99,9999999.0
2024-10-07T03:10:00.000Z,9.86,-2.45,483.2,30.12,22958
2024-10-07T03:11:00.000Z,10.29,1.00,483.1,30.06,22828
2024-10-07T03:12:00.000Z,10.92,-2.07,479.5,28.46,19184
2024-10-07T03:13:00.000Z,10.97,-3.81,478.7,27.42,18002
2024-10-07T03:14:00.000Z,10.86,-1.99,478.7,24.43,16343
2024-10-07T03:15:00.000Z,10.80,-0.21,476.9,21.80,13532
2024-10-07T03:16:00.000Z,10.77,1.24,476.6,21.44,13145
2024-10-07T03:17:00.000Z,10.73,0.61,478.8,26.88,16035
2024-10-07T03:18:00.000Z,10.82,1.87,481.4,26.35,18202
2024-10-07T03:19:00.000Z,10.90,2.40,483.2,25.97,19755
2024-10-07T03:20:00.000Z,10.74,2.15,99999.9,999.99,9999999.0
2024-10-07T03:21:00.000Z,10.52,1.91,480.7,26.79,16371
2024-10-07T03:22:00.000Z,10.51,2.24,480.7,26.79,16371
2024-10-07T03:23:00.000Z,10.51,1.24,478.1,29.32,15566
2024-10-07T03:24:00.000Z,10.68,0.20,478.1,29.32,15566
2024-10-07T03:25:00.000Z,10.80,-1.43,99999.9,999.99,9999999.0
2024-10-07T03:26:00.000Z,10.98,-2.22,99999.9,999.99,9999999.0
2024-10-07T03:27:00.000Z,10.97,-2.12,475.5,24.87,14818
2024-10-07T03:28:00.000Z,10.90,-1.52,475.5,24.87,14812
2024-10-07T03:29:00.000Z,10.94,-1.60,475.3,25.34,12303
2024-10-07T03:30:00.000Z,10.84,-1.84,474.6,25.92,13931
2024-10-07T03:31:00.000Z,10.81,-1.97,474.4,26.14,14516
2024-10-07T03:32:00.000Z,10.83,-2.08,473.3,26.20,14951
2024-10-07T03:33:00.000Z,10.82,-2.08,473.3,26.20,14951
2024-10-07T03:34:00.000Z,10.84,-1.99,473.3,26.20,14951
2024-10-07T03:35:00.000Z,10.76,-1.98,472.9,24.96,12703
2024-10-07T03:36:00.000Z,10.71,-2.05,472.9,24.96,12703
2024-10-07T03:37:00.000Z,10.70,-1.87,472.9,24.96,12703
2024-10-07T03:38:00.000Z,10.70,-1.92,99999.9,999.99,9999999.0
2024-10-07T03:39:00.000Z,10.76,-2.13,471.8,26.56,14780
2024-10-07T03:40:00.000Z,10.97,-2.34,471.5,26.83,14696
2024-10-07T03:41:00.000Z,10.99,-2.79,471.9,26.25,14990
2024-10-07T03:42:00.000Z,11.06,-2.67,472.7,25.53,19550
2024-10-07T03:43:00.000Z,11.18,-4.09,472.7,25.66,23242
2024-10-07T03:44:00.000Z,10.88,-2.07,472.5,25.03,15411
2024-10-07T03:45:00.000Z,10.45,-0.33,474.8,28.36,15671
2024-10-07T03:46:00.000Z,10.62,-1.48,476.0,30.00,15799
2024-10-07T03:47:00.000Z,10.78,-3.34,474.0,26.36,16631
2024-10-07T03:48:00.000Z,10.79,-3.46,474.0,26.46,16669
2024-10-07T03:49:00.000Z,10.75,-3.76,473.7,29.33,17815
2024-10-07T03:50:00.000Z,10.32,-3.77,474.7,29.54,18122
2024-10-07T03:51:00.000Z,9.92,-2.67,477.7,32.48,20184
2024-10-07T03:52:00.000Z,9.75,-1.85,99999.9,999.99,9999999.0
2024-10-07T03:53:00.000Z,9.72,-1.33,479.8,33.93,21933
2024-10-07T03:54:00.000Z,9.84,0.59,479.7,33.78,21959
2024-10-07T03:55:00.000Z,9.82,1.06,478.9,32.66,22140
2024-10-07T03:56:00.000Z,9.95,2.15,478.9,32.66,22140
2024-10-07T03:57:00.000Z,9.67,2.09,477.4,30.59,21593
2024-10-07T03:58:00.000Z,9.75,-5.02,473.4,30.55,20848
2024-10-07T03:59:00.000Z,9.72,-2.98,469.2,30.52,20076
2024-10-07T04:00:00.000Z,9.74,2.25,99999.9,999.99,9999999.0
2024-10-07T04:01:00.000Z,9.42,-1.35,470.4,30.96,18902
2024-10-07T04:02:00.000Z,9.21,-1.62,469.8,32.39,22366
2024-10-07T04:03:00.000Z,9.27,-0.27,468.1,32.29,26119
2024-10-07T04:04:00.000Z,9.39,0.80,468.1,32.29,26124
2024-10-07T04:05:00.000Z,9.38,-0.79,468.1,32.29,26124
2024-10-07T04:06:00.000Z,9.42,-1.65,470.1,32.36,25924
2024-10-07T04:07:00.000Z,10.10,0.75,470.1,32.36,25924
2024-10-07T04:08:00.000Z,10.25,-1.86,474.3,26.84,26124
2024-10-07T04:09:00.000Z,10.36,-3.69,474.3,26.84,26124
2024-10-07T04:10:00.000Z,10.15,2.79,472.3,28.51,21720
2024-10-07T04:11:00.000Z,10.07,1.34,472.0,28.71,21179
2024-10-07T04:12:00.000Z,9.76,-1.55,471.3,31.76,24281
2024-10-07T04:13:00.000Z,9.64,-4.72,470.9,32.95,24534
2024-10-07T04:14:00.000Z,9.53,-6.23,469.6,34.16,24322
2024-10-07T04:15:00.000Z,9.22,-4.60,468.4,34.96,26215
2024-10-07T04:16:00.000Z,9.26,-4.90,467.1,35.97,27548
2024-10-07T04:17:00.000Z,9.34,-5.15,467.7,34.87,25719
2024-10-07T04:18:00.000Z,9.25,-5.19,466.3,40.17,24755
2024-10-07T04:19:00.000Z,9.25,-4.79,466.5,35.42,21310
2024-10-07T04:20:00.000Z,9.28,-4.97,466.8,36.83,22748
2024-10-07T04:21:00.000Z,9.44,-5.58,465.9,35.48,19877
2024-10-07T04:22:00.000Z,8.91,-2.99,465.9,35.45,20178
2024-10-07T04:23:00.000Z,8.79,-3.78,467.3,38.05,25400
2024-10-07T04:24:00.000Z,8.84,-3.87,467.3,38.05,25400
2024-10-07T04:25:00.000Z,9.06,-2.24,465.4,36.02,22349
2024-10-07T04:26:00.000Z,9.18,-3.58,465.4,36.02,22349
2024-10-07T04:27:00.000Z,9.05,-3.63,465.4,36.02,22349
2024-10-07T04:28:00.000Z,8.87,-3.45,466.9,37.93,21795
2024-10-07T04:29:00.000Z,8.83,-4.22,466.9,37.93,21795
2024-10-07T04:30:00.000Z,8.72,-2.90,99999.9,999.99,9999999.0
2024-10-07T04:31:00.000Z,8.68,-2.94,465.7,39.33,23242
2024-10-07T04:32:00.000Z,8.65,-2.96,465.7,39.33,23242
2024-10-07T04:33:00.000Z,8.74,-2.11,465.7,39.33,23242
2024-10-07T04:34:00.000Z,8.79,-2.10,463.4,39.91,22303
2024-10-07T04:35:00.000Z,8.84,-2.81,463.4,39.91,22303
2024-10-07T04:36:00.000Z,8.87,-2.99,463.4,39.91,22303
2024-10-07T04:37:00.000Z,8.84,-2.12,465.5,37.54,33127
2024-10-07T04:38:00.000Z,8.82,-1.87,465.5,37.54,33127
2024-10-07T04:39:00.000Z,8.94,-2.54,99999.9,999.99,9999999.0
2024-10-07T04:40:00.000Z,8.96,-3.05,465.0,36.82,24931
2024-10-07T04:41:00.000Z,8.85,-2.44,465.0,36.82,24931
2024-10-07T04:42:00.000Z,8.88,-2.41,466.2,39.60,23551
2024-10-07T04:43:00.000Z,8.98,-2.43,466.2,39.60,23551
2024-10-07T04:44:00.000Z,9.05,-2.05,466.1,38.72,24316
2024-10-07T04:45:00.000Z,9.03,-1.98,466.0,37.61,25277
2024-10-07T04:46:00.000Z,9.00,-1.92,466.0,37.61,25277
2024-10-07T04:47:00.000Z,8.78,-1.68,465.9,39.51,20327
2024-10-07T04:48:00.000Z,8.79,-0.97,465.9,39.51,20327
2024-10-07T04:49:00.000Z,8.87,-1.43,465.9,39.51,20327
2024-10-07T04:50:00.000Z,8.88,-1.69,463.7,39.83,20416
2024-10-07T04:51:00.000Z,8.96,-1.87,463.7,39.83,20416
2024-10-07T04:52:00.000Z,8.99,-3.57,464.7,37.57,19602
2024-10-07T04:53:00.000Z,8.63,-1.59,464.7,37.57,19602
2024-10-07T04:54:00.000Z,8.72,-2.49,466.0,38.98,20751
2024-10-07T04:55:00.000Z,8.71,-2.47,466.0,38.98,20751
2024-10-07T04:56:00.000Z,8.78,-3.53,466.0,38.98,20751
2024-10-07T04:57:00.000Z,8.77,-3.58,471.9,37.20,19061
2024-10-07T04:58:00.000Z,8.76,-2.17,469.8,38.18,22493
2024-10-07T04:59:00.000Z,8.70,-1.12,467.4,39.35,26568
2024-10-07T05:00:00.000Z,8.79,-0.70,467.2,37.48,19515
2024-10-07T05:01:00.000Z,8.85,-0.92,467.2,37.48,19515
2024-10-07T05:02:00.000Z,8.94,-0.36,467.2,37.48,19515
2024-10-07T05:03:00.000Z,8.94,-0.04,465.5,38.56,20460
2024-10-07T05:04:00.000Z,8.75,-2.22,465.6,37.66,19899
2024-10-07T05:05:00.000Z,8.76,-2.65,465.5,36.30,19442
2024-10-07T05:06:00.000Z,8.85,-3.32,465.2,35.28,19428
2024-10-07T05:07:00.000Z,8.88,-3.74,465.2,35.28,19428
2024-10-07T05:08:00.000Z,8.96,-4.42,99999.9,999.99,9999999.0
2024-10-07T05:09:00.000Z,8.99,-3.49,464.9,35.02,18783
2024-10-07T05:10:00.000Z,8.73,-3.73,464.9,35.02,18783
2024-10-07T05:11:00.000Z,8.83,-3.89,466.8,36.03,18634
2024-10-07T05:12:00.000Z,9.03,-3.00,466.8,36.03,18634
2024-10-07T05:13:00.000Z,9.07,-3.25,466.7,34.79,19406
2024-10-07T05:14:00.000Z,9.34,-1.94,466.7,34.79,19406
2024-10-07T05:15:00.000Z,9.47,-1.20,99999.9,999.99,9999999.0
2024-10-07T05:16:00.000Z,9.81,-0.28,99999.9,999.99,9999999.0
2024-10-07T05:17:00.000Z,9.60,-0.43,465.8,25.24,15956
2024-10-07T05:18:00.000Z,9.27,-1.99,465.8,25.24,15956
2024-10-07T05:19:00.000Z,9.13,-1.98,99999.9,999.99,9999999.0
2024-10-07T05:20:00.000Z,9.27,-1.51,99999.9,999.99,9999999.0
2024-10-07T05:21:00.000Z,9.58,0.01,467.4,28.13,21095
2024-10-07T05:22:00.000Z,9.78,-0.65,467.2,27.48,21369
2024-10-07T05:23:00.000Z,9.73,-1.19,467.1,26.21,31184
2024-10-07T05:24:00.000Z,9.74,-1.16,466.1,27.81,21006
2024-10-07T05:25:00.000Z,9.37,-2.42,464.4,27.54,20567
2024-10-07T05:26:00.000Z,9.32,-2.46,464.8,28.06,21104
2024-10-07T05:27:00.000Z,9.21,-2.24,465.3,27.73,21080
2024-10-07T05:28:00.000Z,9.36,-3.70,462.1,28.64,21024
2024-10-07T05:29:00.000Z,9.47,-3.49,462.7,28.28,21172
2024-10-07T05:30:00.000Z,9.21,-2.10,464.3,27.67,29844
2024-10-07T05:31:00.000Z,9.65,-3.10,464.3,27.67,29844
2024-10-07T05:32:00.000Z,8.99,-3.48,465.9,23.84,18804
2024-10-07T05:33:00.000Z,9999.99,9999.99,465.9,23.84,18804
2024-10-07T05:34:00.000Z,9999.99,9999.99,465.9,23.84,18804
2024-10-07T05:35:00.000Z,9999.99,9999.99,99999.9,999.99,9999999.0
2024-10-07T05:36:00.000Z,9999.99,9999.99,99999.9,999.99,9999999.0
2024-10-07T05:37:00.000Z,9.32,-2.41,99999.9,999.99,9999999.0
2024-10-07T05:38:00.000Z,9.29,-2.60,99999.9,999.99,9999999.0
2024-10-07T05:39:00.000Z,9.21,-2.90,462.0,27.31,19667
2024-10-07T05:40:00.000Z,9.08,-2.61,462.0,27.11,19443
2024-10-07T05:41:00.000Z,9.01,-2.15,462.6,23.38,15217
2024-10-07T05:42:00.000Z,8.86,-1.31,462.6,23.36,15199
2024-10-07T05:43:00.000Z,8.83,-1.22,99999.9,999.99,9999999.0
2024-10-07T05:44:00.000Z,8.86,-1.51,99999.9,999.99,9999999.0
2024-10-07T05:45:00.000Z,9999.99,9999.99,462.6,31.11,19558
2024-10-07T05:46:00.000Z,8.57,-0.95,462.6,31.11,19558
2024-10-07T05:47:00.000Z,8.52,1.38,462.6,31.11,19558
2024-10-07T05:48:00.000Z,8.25,0.91,99999.9,999.99,9999999.0
2024-10-07T05:49:00.000Z,8.34,1.07,462.7,35.28,18382
2024-10-07T05:50:00.000Z,8.34,1.30,463.3,34.19,18580
2024-10-07T05:51:00.000Z,8.46,1.42,463.7,33.43,18719
2024-10-07T05:52:00.000Z,8.43,1.24,464.4,33.08,19040
2024-10-07T05:53:00.000Z,8.34,0.81,464.4,32.82,18860
2024-10-07T05:54:00.000Z,8.35,0.92,463.9,25.45,13776
2024-10-07T05:55:00.000Z,8.29,-1.15,463.9,25.45,13776
2024-10-07T05:56:00.000Z,9.05,0.21,99999.9,999.99,9999999.0
2024-10-07T05:57:00.000Z,9.22,0.81,460.9,26.96,15917
2024-10-07T05:58:00.000Z,8.86,-0.37,460.9,26.96,15917
2024-10-07T05:59:00.000Z,9.04,-0.01,461.6,27.49,15247
2024-10-07T06:00:00.000Z,8.77,0.34,461.5,27.40,15014
2024-10-07T06:01:00.000Z,8.71,1.05,99999.9,999.99,9999999.0
2024-10-07T06:02:00.000Z,8.54,-4.94,99999.9,999.99,9999999.0
2024-10-07T06:03:00.000Z,8.12,-5.14,461.8,33.33,22140
2024-10-07T06:04:00.000Z,7.99,-4.16,462.1,32.31,21677
2024-10-07T06:05:00.000Z,7.76,-3.43,463.3,27.88,19667
2024-10-07T06:06:00.000Z,7.77,-2.61,463.3,27.88,19667
2024-10-07T06:07:00.000Z,7.52,-2.97,462.9,28.39,16691
2024-10-07T06:08:00.000Z,7.52,-3.91,462.9,28.39,16691
2024-10-07T06:09:00.000Z,7.87,-3.92,461.6,28.60,19508
2024-10-07T06:10:00.000Z,8.41,-3.48,461.0,28.69,20729
2024-10-07T06:11:00.000Z,8.49,-3.55,461.0,28.70,20768
2024-10-07T06:12:00.000Z,8.39,-3.21,461.5,29.73,27784
2024-10-07T06:13:00.000Z,8.41,-2.44,461.5,29.73,27784
2024-10-07T06:14:00.000Z,8.63,-1.33,99999.9,999.99,9999999.0
2024-10-07T06:15:00.000Z,8.61,-1.61,461.8,28.20,22372
2024-10-07T06:16:00.000Z,8.55,-0.82,461.0,28.10,22261
2024-10-07T06:17:00.000Z,8.60,-0.31,460.4,28.09,22266
2024-10-07T06:18:00.000Z,8.58,-0.38,455.3,22.40,18338
2024-10-07T06:19:00.000Z,8.49,2.20,455.3,22.40,18338
2024-10-07T06:20:00.000Z,8.31,3.40,454.8,32.25,25524
2024-10-07T06:21:00.000Z,8.39,3.49,453.5,31.26,24580
2024-10-07T06:22:00.000Z,8.55,3.08,450.3,28.77,22181
2024-10-07T06:23:00.000Z,8.84,2.83,99999.9,999.99,9999999.0
2024-10-07T06:24:00.000Z,9.05,3.58,455.0,24.71,19406
2024-10-07T06:25:00.000Z,8.98,4.32,455.0,24.71,19406
2024-10-07T06:26:00.000Z,9.21,4.17,455.5,23.56,18734
2024-10-07T06:27:00.000Z,9.23,3.92,455.6,23.31,18592
2024-10-07T06:28:00.000Z,9.05,3.72,457.4,22.83,25574
2024-10-07T06:29:00.000Z,8.98,3.72,457.4,22.83,25574
2024-10-07T06:30:00.000Z,9.10,3.53,459.0,23.43,18698
2024-10-07T06:31:00.000Z,9.13,3.43,459.0,23.43,18698
2024-10-07T06:32:00.000Z,9.12,3.75,459.6,22.83,18920
2024-10-07T06:33:00.000Z,8.69,-0.34,461.1,21.33,19472
2024-10-07T06:34:00.000Z,8.71,-1.53,466.7,24.02,24045
2024-10-07T06:35:00.000Z,8.64,-1.66,467.0,24.18,24321
2024-10-07T06:36:00.000Z,8.60,-1.97,466.1,23.49,23337
2024-10-07T06:37:00.000Z,8.64,-0.85,466.3,23.60,23726
2024-10-07T06:38:00.000Z,8.69,0.32,467.8,24.69,27390
2024-10-07T06:39:00.000Z,8.75,2.06,467.9,24.73,27526
2024-10-07T06:40:00.000Z,8.66,2.25,466.5,23.05,25899
2024-10-07T06:41:00.000Z,8.71,1.26,466.5,23.05,25899
2024-10-07T06:42:00.000Z,8.69,1.71,467.7,21.77,24833
2024-10-07T06:43:00.000Z,8.54,0.36,467.7,21.77,24833
2024-10-07T06:44:00.000Z,8.48,0.66,467.4,21.52,33326
2024-10-07T06:45:00.000Z,8.41,0.76,468.2,20.94,31268
2024-10-07T06:46:00.000Z,8.35,0.79,472.2,18.25,21576
2024-10-07T06:47:00.000Z,8.45,0.10,472.2,18.24,21543
2024-10-07T06:48:00.000Z,8.53,0.51,469.8,20.02,19886
2024-10-07T06:49:00.000Z,8.57,0.80,469.8,20.02,19886
2024-10-07T06:50:00.000Z,8.56,0.68,470.9,20.42,28831
2024-10-07T06:51:00.000Z,8.66,0.40,470.9,20.42,28831
2024-10-07T06:52:00.000Z,8.70,-1.95,461.8,20.67,24886
2024-10-07T06:53:00.000Z,8.61,-0.67,465.5,20.59,23682
2024-10-07T06:54:00.000Z,8.72,-0.10,465.6,19.23,22621
2024-10-07T06:55:00.000Z,8.66,-1.16,463.3,17.04,21359
2024-10-07T06:56:00.000Z,8.76,-1.53,463.3,16.61,20572
2024-10-07T06:57:00.000Z,8.91,-0.41,461.1,15.42,19963
2024-10-07T06:58:00.000Z,8.66,-0.90,462.7,18.78,23532
2024-10-07T06:59:00.000Z,8.77,-0.76,462.6,18.59,21033
2024-10-07T07:00:00.000Z,8.84,-0.49,462.6,19.51,20235
2024-10-07T07:01:00.000Z,9.22,0.46,461.4,15.91,20217
2024-10-07T07:02:00.000Z,9.28,0.71,460.5,15.78,19767
2024-10-07T07:03:00.000Z,9.28,0.90,460.4,15.77,19733
2024-10-07T07:04:00.000Z,9.20,1.26,99999.9,999.99,9999999.0
2024-10-07T07:05:00.000Z,9.21,1.10,461.3,16.78,31616
2024-10-07T07:06:00.000Z,9.13,1.32,461.3,16.78,31616
2024-10-07T07:07:00.000Z,9.12,1.08,462.8,16.33,20331
2024-10-07T07:08:00.000Z,9.09,0.82,464.8,16.05,20802
2024-10-07T07:09:00.000Z,9.17,1.48,465.8,15.79,20797
2024-10-07T07:10:00.000Z,9.26,1.41,466.3,14.48,17982
2024-10-07T07:11:00.000Z,9.16,1.51,466.7,14.76,17819
2024-10-07T07:12:00.000Z,9.08,1.89,467.9,15.59,17341
2024-10-07T07:13:00.000Z,9.16,1.48,467.9,15.59,17341
2024-10-07T07:14:00.000Z,8.83,1.87,462.4,16.61,21956
2024-10-07T07:15:00.000Z,8.85,1.72,462.0,16.94,22880
2024-10-07T07:16:00.000Z,8.87,1.08,461.1,17.80,25326
2024-10-07T07:17:00.000Z,8.88,1.57,461.1,17.80,25326
2024-10-07T07:18:00.000Z,8.92,1.52,99999.9,999.99,9999999.0
2024-10-07T07:19:00.000Z,8.81,1.80,468.1,17.68,22911
2024-10-07T07:20:00.000Z,8.80,1.94,465.8,17.70,23176
2024-10-07T07:21:00.000Z,8.39,1.81,459.1,18.20,24553
2024-10-07T07:22:00.000Z,8.42,1.50,463.5,20.48,27089
2024-10-07T07:23:00.000Z,8.77,1.53,461.6,18.33,22873
2024-10-07T07:24:00.000Z,9.03,1.63,461.5,18.24,22699
2024-10-07T07:25:00.000Z,8.90,2.00,465.0,16.15,18354
2024-10-07T07:26:00.000Z,8.60,1.97,465.1,16.09,18233
2024-10-07T07:27:00.000Z,8.60,2.51,462.8,19.86,21662
2024-10-07T07:28:00.000Z,8.61,2.74,462.7,19.98,21772
2024-10-07T07:29:00.000Z,8.67,2.80,463.4,20.48,22746
2024-10-07T07:30:00.000Z,8.61,2.93,463.4,20.48,22746
2024-10-07T07:31:00.000Z,8.56,3.28,461.4,21.03,22442
2024-10-07T07:32:00.000Z,8.54,3.46,461.4,21.02,22441
2024-10-07T07:33:00.000Z,8.77,2.90,461.2,20.53,22396
2024-10-07T07:34:00.000Z,8.85,2.88,462.6,19.10,21699
2024-10-07T07:35:00.000Z,8.62,2.63,464.5,17.07,20706
2024-10-07T07:36:00.000Z,8.33,2.78,458.9,21.07,22742
2024-10-07T07:37:00.000Z,8.35,3.08,460.3,21.61,25374
2024-10-07T07:38:00.000Z,8.39,3.43,463.5,22.23,29951
2024-10-07T07:39:00.000Z,8.33,4.07,464.1,22.26,23575
2024-10-07T07:40:00.000Z,8.36,4.59,463.9,21.80,22420
2024-10-07T07:41:00.000Z,8.32,4.63,463.0,19.78,17300
2024-10-07T07:42:00.000Z,8.30,4.50,459.7,22.50,23754
2024-10-07T07:43:00.000Z,8.30,4.12,459.5,22.63,24079
2024-10-07T07:44:00.000Z,8.38,4.42,456.9,22.46,24103
2024-10-07T07:45:00.000Z,8.45,5.04,460.2,21.60,20922
2024-10-07T07:46:00.000Z,8.38,5.13,464.3,21.54,18615
2024-10-07T07:47:00.000Z,8.55,5.62,465.4,22.84,20128
2024-10-07T07:48:00.000Z,8.71,4.64,463.9,19.03,19149
2024-10-07T07:49:00.000Z,8.68,4.40,463.8,19.08,19103
2024-10-07T07:50:00.000Z,8.72,4.49,461.8,20.45,18107
2024-10-07T07:51:00.000Z,8.67,4.42,461.7,20.55,21392
2024-10-07T07:52:00.000Z,8.63,4.31,461.4,20.80,29522
2024-10-07T07:53:00.000Z,8.59,4.47,461.4,20.79,29305
2024-10-07T07:54:00.000Z,8.54,4.33,460.6,20.40,18573
2024-10-07T07:55:00.000Z,8.55,4.63,461.2,20.30,18771
2024-10-07T07:56:00.000Z,8.57,4.56,99999.9,999.99,9999999.0
2024-10-07T07:57:00.000Z,8.63,3.76,460.3,20.30,22442
2024-10-07T07:58:00.000Z,8.52,4.02,460.3,20.30,22442
2024-10-07T07:59:00.000Z,8.71,3.15,459.8,17.01,16913
2024-10-07T08:00:00.000Z,8.77,3.17,459.8,17.01,16913
2024-10-07T08:01:00.000Z,9.07,4.16,459.0,17.69,25899
2024-10-07T08:02:00.000Z,9.21,6.27,459.0,17.69,25899
2024-10-07T08:03:00.000Z,9.45,6.21,99999.9,999.99,9999999.0
2024-10-07T08:04:00.000Z,9.14,6.91,469.3,19.36,23718
2024-10-07T08:05:00.000Z,9.09,4.03,469.3,19.36,23718
2024-10-07T08:06:00.000Z,9.26,2.48,462.3,15.20,20135
2024-10-07T08:07:00.000Z,9.33,1.02,459.7,13.64,18783
2024-10-07T08:08:00.000Z,9.60,1.39,458.7,13.45,18655
2024-10-07T08:09:00.000Z,9.73,1.44,458.7,13.45,18655
2024-10-07T08:10:00.000Z,9.63,2.67,99999.9,999.99,9999999.0
2024-10-07T08:11:00.000Z,9.64,3.41,99999.9,999.99,9999999.0
2024-10-07T08:12:00.000Z,9.64,4.04,461.0,13.29,20818
2024-10-07T08:13:00.000Z,9.88,6.25,465.8,12.78,20028
2024-10-07T08:14:00.000Z,9.94,8.37,474.5,11.87,18592
2024-10-07T08:15:00.000Z,9.94,8.40,99999.9,999.99,9999999.0
2024-10-07T08:16:00.000Z,9.96,8.55,475.5,11.88,21429
2024-10-07T08:17:00.000Z,9.81,8.93,475.5,11.88,21429
2024-10-07T08:18:00.000Z,9.73,9.02,471.8,12.90,19472
2024-10-07T08:19:00.000Z,9.61,8.94,475.1,13.48,20599
2024-10-07T08:20:00.000Z,9.89,8.43,476.1,13.21,20626
2024-10-07T08:21:00.000Z,9.81,8.19,472.7,10.29,18365
2024-10-07T08:22:00.000Z,9.74,8.45,473.1,10.69,25315
2024-10-07T08:23:00.000Z,9.81,8.70,476.5,11.04,22768
2024-10-07T08:24:00.000Z,9.86,8.52,476.9,11.08,22466
2024-10-07T08:25:00.000Z,9.93,8.82,477.4,11.26,34616
2024-10-07T08:26:00.000Z,9.95,7.12,477.4,11.26,34616
2024-10-07T08:27:00.000Z,9.98,8.68,99999.9,999.99,9999999.0
2024-10-07T08:28:00.000Z,9.93,8.84,475.2,11.24,24956
2024-10-07T08:29:00.000Z,10.00,8.39,474.7,11.18,23966
2024-10-07T08:30:00.000Z,10.05,6.67,471.7,10.81,17320
2024-10-07T08:31:00.000Z,9.97,7.11,466.8,8.26,22003
2024-10-07T08:32:00.000Z,9.98,6.40,466.3,8.02,22466
2024-10-07T08:33:00.000Z,10.04,5.97,458.3,8.70,24248
2024-10-07T08:34:00.000Z,10.24,6.67,458.9,8.59,24017
2024-10-07T08:35:00.000Z,10.37,5.99,468.4,6.80,20194
2024-10-07T08:36:00.000Z,10.48,6.21,461.5,6.21,19332
2024-10-07T08:37:00.000Z,10.48,6.05,460.4,6.09,19413
2024-10-07T08:38:00.000Z,10.42,5.77,459.3,5.84,20841
2024-10-07T08:39:00.000Z,10.46,5.60,458.3,6.16,19893
2024-10-07T08:40:00.000Z,10.56,6.09,456.1,6.89,17712
2024-10-07T08:41:00.000Z,10.67,6.45,459.5,5.97,27929
2024-10-07T08:42:00.000Z,10.75,6.61,460.6,5.85,26187
2024-10-07T08:43:00.000Z,10.81,6.98,461.2,6.05,18954
2024-10-07T08:44:00.000Z,10.82,6.90,460.9,5.95,19537
2024-10-07T08:45:00.000Z,10.75,6.32,460.9,5.95,19537
2024-10-07T08:46:00.000Z,10.48,5.48,99999.9,999.99,9999999.0
2024-10-07T08:47:00.000Z,10.54,6.16,99999.9,999.99,9999999.0
2024-10-07T08:48:00.000Z,10.62,6.57,459.2,6.71,21910
2024-10-07T08:49:00.000Z,10.77,6.63,459.1,6.54,22090
2024-10-07T08:50:00.000Z,10.84,6.64,458.6,5.88,22793
2024-10-07T08:51:00.000Z,10.86,6.97,458.9,6.16,21627
2024-10-07T08:52:00.000Z,10.85,6.89,460.8,6.18,20381
2024-10-07T08:53:00.000Z,10.83,6.68,462.7,6.16,19255
2024-10-07T08:54:00.000Z,10.82,6.51,461.7,5.98,17588
2024-10-07T08:55:00.000Z,10.77,6.44,461.7,5.98,17588
2024-10-07T08:56:00.000Z,10.86,6.82,99999.9,999.99,9999999.0
2024-10-07T08:57:00.000Z,10.91,7.00,465.2,6.20,25128
2024-10-07T08:58:00.000Z,10.92,6.60,465.2,6.20,25128
2024-10-07T08:59:00.000Z,10.94,6.87,463.7,6.06,20759
2024-10-07T09:00:00.000Z,10.95,6.95,463.5,5.91,17620
2024-10-07T09:01:00.000Z,10.96,7.02,465.3,5.76,16598
2024-10-07T09:02:00.000Z,11.00,7.02,466.4,6.37,19493
2024-10-07T09:03:00.000Z,11.01,7.08,466.4,6.37,19493
2024-10-07T09:04:00.000Z,11.02,7.14,466.8,6.12,18317
2024-10-07T09:05:00.000Z,11.03,7.39,466.8,6.12,18317
2024-10-07T09:06:00.000Z,11.05,7.42,466.1,6.51,19169
2024-10-07T09:07:00.000Z,11.01,7.51,466.1,6.51,19169
2024-10-07T09:08:00.000Z,11.01,7.60,467.0,5.94,16094
2024-10-07T09:09:00.000Z,10.95,7.18,467.0,5.94,16094
2024-10-07T09:10:00.000Z,10.89,6.99,466.8,6.16,17396
2024-10-07T09:11:00.000Z,10.85,7.01,466.5,6.54,19711
2024-10-07T09:12:00.000Z,10.85,6.95,466.5,6.66,20029
2024-10-07T09:13:00.000Z,10.61,6.26,465.9,6.97,23072
2024-10-07T09:14:00.000Z,10.61,5.99,464.9,6.66,27786
2024-10-07T09:15:00.000Z,10.62,6.16,464.8,6.36,29709
2024-10-07T09:16:00.000Z,10.58,6.52,99999.9,999.99,9999999.0
2024-10-07T09:17:00.000Z,10.61,6.37,469.0,6.95,24491
2024-10-07T09:18:00.000Z,10.79,6.17,469.0,6.95,24491
2024-10-07T09:19:00.000Z,11.17,8.29,471.5,7.64,19684
2024-10-07T09:20:00.000Z,11.23,8.72,470.7,7.38,18768
2024-10-07T09:21:00.000Z,11.15,9.00,470.5,7.29,18465
2024-10-07T09:22:00.000Z,10.92,7.88,468.6,8.00,20983
2024-10-07T09:23:00.000Z,10.03,4.14,469.8,7.89,20417
2024-10-07T09:24:00.000Z,10.76,5.26,464.3,7.84,24907
2024-10-07T09:25:00.000Z,10.93,5.20,464.3,7.84,24907
2024-10-07T09:26:00.000Z,10.99,5.66,99999.9,999.99,9999999.0
2024-10-07T09:27:00.000Z,11.19,7.02,467.8,7.64,21795
2024-10-07T09:28:00.000Z,11.15,7.16,468.4,7.49,22192
2024-10-07T09:29:00.000Z,11.27,8.18,470.0,7.08,23335
2024-10-07T09:30:00.000Z,11.32,8.50,99999.9,999.99,9999999.0
2024-10-07T09:31:00.000Z,11.25,8.55,475.2,7.36,24394
2024-10-07T09:32:00.000Z,11.11,8.79,475.2,7.36,24394
2024-10-07T09:33:00.000Z,10.78,8.45,480.2,8.04,28568
2024-10-07T09:34:00.000Z,11.15,9.17,480.6,8.14,28340
2024-10-07T09:35:00.000Z,11.47,9.48,481.6,8.39,27783
2024-10-07T09:36:00.000Z,11.47,9.36,481.7,7.91,23926
2024-10-07T09:37:00.000Z,11.42,9.35,482.5,7.91,24788
2024-10-07T09:38:00.000Z,11.33,9.50,99999.9,999.99,9999999.0
2024-10-07T09:39:00.000Z,11.70,9.10,485.9,7.60,26731
2024-10-07T09:40:00.000Z,11.19,7.17,480.0,7.53,23270
2024-10-07T09:41:00.000Z,10.62,6.40,473.2,7.45,19320
2024-10-07T09:42:00.000Z,10.65,6.23,99999.9,999.99,9999999.0
2024-10-07T09:43:00.000Z,10.85,6.17,99999.9,999.99,9999999.0
2024-10-07T09:44:00.000Z,10.80,6.66,463.6,7.80,41625
2024-10-07T09:45:00.000Z,11.12,7.36,468.4,7.50,37878
2024-10-07T09:46:00.000Z,11.40,6.85,468.6,7.17,38858
2024-10-07T09:47:00.000Z,11.41,6.98,466.5,7.06,33824
2024-10-07T09:48:00.000Z,11.43,6.70,465.9,7.24,25351
2024-10-07T09:49:00.000Z,11.37,6.13,467.9,7.53,24055
2024-10-07T09:50:00.000Z,11.20,6.16,468.7,7.29,24116
2024-10-07T09:51:00.000Z,11.18,5.72,469.3,6.86,25369
2024-10-07T09:52:00.000Z,11.13,6.38,468.5,6.72,27140
2024-10-07T09:53:00.000Z,10.39,5.66,469.1,7.06,28175
2024-10-07T09:54:00.000Z,10.35,5.55,465.2,9.65,48838
2024-10-07T09:55:00.000Z,10.42,5.17,463.8,10.62,56539
2024-10-07T09:56:00.000Z,10.40,5.50,472.2,9.78,49799
2024-10-07T09:57:00.000Z,11.05,3.67,472.2,9.78,49799
2024-10-07T09:58:00.000Z,11.39,2.44,453.4,12.79,36851
2024-10-07T09:59:00.000Z,11.38,2.11,453.4,12.79,36851
2024-10-07T10:00:00.000Z,10.96,1.73,449.8,8.34,26645
2024-10-07T10:01:00.000Z,10.72,1.88,449.8,8.33,31111
2024-10-07T10:02:00.000Z,10.85,1.60,450.2,8.81,34385
2024-10-07T10:03:00.000Z,10.87,1.49,99999.9,999.99,9999999.0
2024-10-07T10:04:00.000Z,10.76,0.86,447.1,7.78,25202
2024-10-07T10:05:00.000Z,10.58,2.29,447.1,7.78,25202
2024-10-07T10:06:00.000Z,10.56,1.74,448.3,8.22,34385
2024-10-07T10:07:00.000Z,10.56,-0.16,448.3,8.22,34385
2024-10-07T10:08:00.000Z,10.49,-0.09,438.6,8.07,24152
2024-10-07T10:09:00.000Z,10.61,2.50,438.6,8.07,24152
2024-10-07T10:10:00.000Z,10.56,3.47,440.9,8.74,30846
2024-10-07T10:11:00.000Z,10.75,1.25,440.9,8.74,30846
2024-10-07T10:12:00.000Z,10.50,2.47,440.9,8.74,30846
2024-10-07T10:13:00.000Z,10.86,2.39,99999.9,999.99,9999999.0
2024-10-07T10:14:00.000Z,10.98,-0.38,99999.9,999.99,9999999.0
2024-10-07T10:15:00.000Z,10.92,-4.68,450.0,11.44,31340
2024-10-07T10:16:00.000Z,11.33,-6.63,450.0,11.44,31315
2024-10-07T10:17:00.000Z,11.45,-7.17,448.6,10.45,26326
2024-10-07T10:18:00.000Z,11.45,-7.26,448.6,10.45,26326
2024-10-07T10:19:00.000Z,11.47,-7.44,448.6,10.55,25227
2024-10-07T10:20:00.000Z,11.43,-7.40,448.6,10.44,24636
2024-10-07T10:21:00.000Z,11.44,-6.40,448.5,10.22,23479
2024-10-07T10:22:00.000Z,11.41,-6.02,443.2,10.88,24516
2024-10-07T10:23:00.000Z,11.33,-6.94,443.2,10.88,24516
2024-10-07T10:24:00.000Z,11.36,-6.55,444.0,10.26,26884
2024-10-07T10:25:00.000Z,11.30,-6.79,444.0,10.26,26884
2024-10-07T10:26:00.000Z,11.54,-6.63,442.7,10.33,23862
2024-10-07T10:27:00.000Z,11.12,-6.71,442.6,10.53,24359
2024-10-07T10:28:00.000Z,10.90,-6.84,441.7,11.94,29822
2024-10-07T10:29:00.000Z,11.24,-7.19,441.9,11.67,34424
2024-10-07T10:30:00.000Z,11.21,-6.66,441.7,11.67,32184
2024-10-07T10:31:00.000Z,11.07,-5.91,442.1,12.14,33750
2024-10-07T10:32:00.000Z,10.95,-5.67,438.3,12.42,35397
2024-10-07T10:33:00.000Z,11.13,-5.99,438.0,12.44,35519
2024-10-07T10:34:00.000Z,10.37,-7.52,99999.9,999.99,9999999.0
2024-10-07T10:35:00.000Z,10.77,-6.97,438.7,13.97,42072
2024-10-07T10:36:00.000Z,10.51,-7.75,439.7,12.65,36804
2024-10-07T10:37:00.000Z,10.49,-7.69,439.6,13.16,42421
2024-10-07T10:38:00.000Z,10.57,-7.48,439.1,13.30,44189
2024-10-07T10:39:00.000Z,10.63,-7.44,438.8,13.33,44776
2024-10-07T10:40:00.000Z,10.59,-7.45,435.2,13.99,56767
2024-10-07T10:41:00.000Z,10.62,-7.48,434.9,13.92,55271
2024-10-07T10:42:00.000Z,10.72,-7.57,434.3,13.92,48694
2024-10-07T10:43:00.000Z,10.91,-7.43,434.7,13.80,47763
2024-10-07T10:44:00.000Z,10.86,-7.26,440.5,11.82,32367
2024-10-07T10:45:00.000Z,10.90,-7.50,440.5,11.82,32367
2024-10-07T10:46:00.000Z,10.99,-7.30,436.6,15.14,63597
2024-10-07T10:47:00.000Z,11.46,-9.90,436.0,14.74,61510
2024-10-07T10:48:00.000Z,11.64,-11.01,440.9,12.60,44857
2024-10-07T10:49:00.000Z,11.63,-10.77,441.0,12.48,39633
2024-10-07T10:50:00.000Z,11.72,-10.64,441.5,12.38,40897
2024-10-07T10:51:00.000Z,11.73,-10.61,444.4,13.06,47107
2024-10-07T10:52:00.000Z,11.74,-10.73,444.4,13.06,47128
2024-10-07T10:53:00.000Z,11.66,-10.76,99999.9,999.99,9999999.0
2024-10-07T10:54:00.000Z,11.65,-10.74,99999.9,999.99,9999999.0
2024-10-07T10:55:00.000Z,11.63,-10.60,441.9,12.94,41752
2024-10-07T10:56:00.000Z,11.66,-10.69,441.9,12.94,41752
2024-10-07T10:57:00.000Z,11.65,-10.69,441.9,12.94,41752
2024-10-07T10:58:00.000Z,11.65,-10.67,99999.9,999.99,9999999.0
2024-10-07T10:59:00.000Z,11.56,-10.59,442.3,14.83,44991
2024-10-07T11:00:00.000Z,11.53,-10.56,442.3,14.83,44991
2024-10-07T11:01:00.000Z,11.61,-10.75,99999.9,999.99,9999999.0
2024-10-07T11:02:00.000Z,11.65,-10.71,99999.9,999.99,9999999.0
2024-10-07T11:03:00.000Z,11.56,-10.69,442.9,15.02,45322
2024-10-07T11:04:00.000Z,11.66,-10.66,442.9,15.02,45322
2024-10-07T11:05:00.000Z,11.62,-10.60,99999.9,999.99,9999999.0
2024-10-07T11:06:00.000Z,11.67,-10.72,441.2,15.14,41784
2024-10-07T11:07:00.000Z,11.73,-10.84,441.2,15.14,41784
2024-10-07T11:08:00.000Z,11.93,-11.06,99999.9,999.99,9999999.0
2024-10-07T11:09:00.000Z,11.84,-10.87,443.4,15.99,41847
2024-10-07T11:10:00.000Z,12.08,-10.95,443.4,15.99,41847
2024-10-07T11:11:00.000Z,11.90,-10.83,99999.9,999.99,9999999.0
2024-10-07T11:12:00.000Z,12.02,-10.94,443.2,16.01,41340
2024-10-07T11:13:00.000Z,12.23,-11.23,443.2,16.01,41340
2024-10-07T11:14:00.000Z,12.52,-12.15,445.6,14.74,43486
2024-10-07T11:15:00.000Z,12.38,-12.16,445.6,14.74,43486
2024-10-07T11:16:00.000Z,12.41,-11.88,445.6,14.74,43486
2024-10-07T11:17:00.000Z,12.39,-11.83,446.3,14.60,40365
2024-10-07T11:18:00.000Z,12.40,-11.88,446.3,14.60,40365
2024-10-07T11:19:00.000Z,12.15,-11.43,446.0,18.62,53223
2024-10-07T11:20:00.000Z,12.14,-11.34,446.0,18.62,53223
2024-10-07T11:21:00.000Z,12.38,-11.66,446.5,17.48,49090
2024-10-07T11:22:00.000Z,12.69,-11.90,447.5,15.36,41371
2024-10-07T11:23:00.000Z,12.76,-11.86,447.1,15.18,42649
2024-10-07T11:24:00.000Z,12.80,-11.89,446.6,14.93,44596
2024-10-07T11:25:00.000Z,12.71,-11.85,446.6,14.96,44694
2024-10-07T11:26:00.000Z,12.70,-11.97,446.7,15.30,45753
2024-10-07T11:27:00.000Z,12.66,-12.10,447.3,15.62,44638
2024-10-07T11:28:00.000Z,12.75,-12.19,447.9,15.95,43454
2024-10-07T11:29:00.000Z,12.94,-12.35,449.7,14.86,42082
2024-10-07T11:30:00.000Z,13.35,-12.20,449.7,14.85,42070
2024-10-07T11:31:00.000Z,13.44,-12.21,448.4,11.66,37300
2024-10-07T11:32:00.000Z,13.27,-12.50,448.7,12.13,37864
2024-10-07T11:33:00.000Z,13.25,-12.55,450.9,15.20,41561
2024-10-07T11:34:00.000Z,13.28,-12.50,450.8,14.53,42316
2024-10-07T11:35:00.000Z,13.31,-12.57,450.4,15.45,47165
2024-10-07T11:36:00.000Z,13.50,-12.81,450.0,17.22,54737
2024-10-07T11:37:00.000Z,13.59,-12.86,452.5,16.55,45288
2024-10-07T11:38:00.000Z,13.64,-12.62,454.0,15.66,43559
2024-10-07T11:39:00.000Z,13.38,-12.76,454.0,15.64,43518
2024-10-07T11:40:00.000Z,13.50,-13.27,455.5,18.96,48180
2024-10-07T11:41:00.000Z,13.51,-13.20,455.4,18.60,47284
2024-10-07T11:42:00.000Z,13.69,-12.95,455.1,17.27,44039
2024-10-07T11:43:00.000Z,13.34,-12.36,453.3,17.44,41006
2024-10-07T11:44:00.000Z,13.10,-12.05,453.3,17.44,40929
2024-10-07T11:45:00.000Z,13.08,-12.04,450.4,18.35,38971
2024-10-07T11:46:00.000Z,13.27,-12.43,450.4,18.35,38971
2024-10-07T11:47:00.000Z,13.35,-12.57,456.7,16.47,41723
2024-10-07T11:48:00.000Z,13.29,-12.58,457.1,16.34,41911
2024-10-07T11:49:00.000Z,13.34,-12.62,456.8,15.76,38725
2024-10-07T11:50:00.000Z,13.32,-12.51,456.8,15.76,38725
2024-10-07T11:51:00.000Z,13.41,-12.49,455.5,15.79,40528
2024-10-07T11:52:00.000Z,13.32,-12.44,455.1,16.06,40749
2024-10-07T11:53:00.000Z,13.32,-12.29,454.6,17.31,39866
2024-10-07T11:54:00.000Z,13.28,-12.30,451.6,17.50,37640
2024-10-07T11:55:00.000Z,13.27,-12.47,451.5,17.51,37541
2024-10-07T11:56:00.000Z,13.13,-12.33,449.3,16.95,29023
2024-10-07T11:57:00.000Z,13.15,-12.12,448.8,17.05,30557
2024-10-07T11:58:00.000Z,13.05,-12.04,444.9,17.75,41879
2024-10-07T11:59:00.000Z,13.22,-12.27,447.0,17.11,39860
2024-10-07T12:00:00.000Z,13.07,-12.12,447.6,16.95,39340
2024-10-07T12:01:00.000Z,12.90,-11.91,446.6,17.50,41628
2024-10-07T12:02:00.000Z,12.51,-10.91,446.6,17.51,41657
2024-10-07T12:03:00.000Z,12.44,-9.70,453.3,12.53,35990
2024-10-07T12:04:00.000Z,11.65,-0.07,453.3,12.53,35990
2024-10-07T12:05:00.000Z,11.93,1.41,451.5,15.69,79720
2024-10-07T12:06:00.000Z,12.81,3.27,451.5,15.69,79720
2024-10-07T12:07:00.000Z,12.07,3.85,466.4,9.55,99927
2024-10-07T12:08:00.000Z,11.62,4.62,470.0,8.96,85566
2024-10-07T12:09:00.000Z,12.22,2.48,474.3,8.72,65348
2024-10-07T12:10:00.000Z,12.62,0.02,469.8,9.99,80365
2024-10-07T12:11:00.000Z,12.73,0.77,462.4,13.49,117265
2024-10-07T12:12:00.000Z,13.33,-0.24,464.6,13.61,101331
2024-10-07T12:13:00.000Z,13.04,-1.58,467.7,13.30,81354
2024-10-07T12:14:00.000Z,12.73,7.22,474.6,7.67,71903
2024-10-07T12:15:00.000Z,12.82,8.05,474.8,7.49,71593
2024-10-07T12:16:00.000Z,12.48,9.31,478.5,7.39,73467
2024-10-07T12:17:00.000Z,12.72,7.75,483.9,8.28,84443
2024-10-07T12:18:00.000Z,13.19,10.93,482.9,9.95,93467
2024-10-07T12:19:00.000Z,13.35,9.83,483.2,9.81,85162
2024-10-07T12:20:00.000Z,13.55,7.30,486.6,8.56,66967
2024-10-07T12:21:00.000Z,13.36,7.98,485.3,8.10,69321
2024-10-07T12:22:00.000Z,13.60,9.82,485.1,8.01,69774
2024-10-07T12:23:00.000Z,13.51,10.15,488.0,6.77,65366
2024-10-07T12:24:00.000Z,13.45,9.47,488.0,6.77,65366
2024-10-07T12:25:00.000Z,13.42,9.72,486.8,7.53,74452
2024-10-07T12:26:00.000Z,13.40,9.05,487.1,7.47,73028
2024-10-07T12:27:00.000Z,13.59,10.28,488.4,7.21,66645
2024-10-07T12:28:00.000Z,13.75,9.46,488.4,7.21,66645
2024-10-07T12:29:00.000Z,13.80,9.65,479.9,7.61,66766
2024-10-07T12:30:00.000Z,13.95,9.37,479.9,7.61,66766
2024-10-07T12:31:00.000Z,13.95,8.62,476.0,7.02,68587
2024-10-07T12:32:00.000Z,13.81,7.74,476.0,7.02,68587
2024-10-07T12:33:00.000Z,13.82,7.98,476.0,7.02,68587
2024-10-07T12:34:00.000Z,13.84,7.65,482.6,7.07,62379
2024-10-07T12:35:00.000Z,13.77,7.45,482.6,7.07,62379
2024-10-07T12:36:00.000Z,13.81,7.36,485.5,6.74,58182
2024-10-07T12:37:00.000Z,13.80,7.44,487.0,6.72,58588
2024-10-07T12:38:00.000Z,13.86,8.04,490.9,7.10,67775
2024-10-07T12:39:00.000Z,13.86,7.36,490.5,7.47,62604
2024-10-07T12:40:00.000Z,13.81,7.91,490.4,7.58,61026
2024-10-07T12:41:00.000Z,13.69,7.80,489.0,7.65,65042
2024-10-07T12:42:00.000Z,13.75,8.48,488.7,7.66,65845
2024-10-07T12:43:00.000Z,13.36,7.50,488.7,7.66,65845
2024-10-07T12:44:00.000Z,13.27,6.61,486.0,8.05,46254
2024-10-07T12:45:00.000Z,13.61,8.27,486.0,8.05,46254
2024-10-07T12:46:00.000Z,13.54,8.14,484.8,7.91,66975
2024-10-07T12:47:00.000Z,13.71,8.16,484.6,7.88,70887
2024-10-07T12:48:00.000Z,13.57,8.54,99999.9,999.99,9999999.0
2024-10-07T12:49:00.000Z,13.75,9.14,99999.9,999.99,9999999.0
2024-10-07T12:50:00.000Z,13.73,9.48,477.1,8.21,71219
2024-10-07T12:51:00.000Z,13.39,8.52,478.4,8.43,77568
2024-10-07T12:52:00.000Z,13.36,7.03,480.8,8.85,89490
2024-10-07T12:53:00.000Z,13.33,7.02,469.0,9.26,105455
2024-10-07T12:54:00.000Z,13.29,7.00,469.0,9.26,105455
2024-10-07T12:55:00.000Z,13.31,6.07,465.7,9.36,94443
2024-10-07T12:56:00.000Z,13.40,6.09,464.9,9.22,95203
2024-10-07T12:57:00.000Z,13.47,7.75,463.5,9.00,96475
2024-10-07T12:58:00.000Z,13.47,7.95,482.8,8.17,61257
2024-10-07T12:59:00.000Z,13.63,6.75,482.8,8.17,61257
2024-10-07T13:00:00.000Z,13.69,6.56,482.8,8.17,61257
2024-10-07T13:01:00.000Z,13.61,7.25,491.9,10.53,81048
2024-10-07T13:02:00.000Z,13.29,7.96,486.7,9.60,66255
2024-10-07T13:03:00.000Z,13.22,7.12,479.3,8.28,45222
2024-10-07T13:04:00.000Z,13.22,7.22,99999.9,999.99,9999999.0
2024-10-07T13:05:00.000Z,13.28,7.82,482.8,8.40,46321
2024-10-07T13:06:00.000Z,13.18,6.98,481.0,9.56,59550
2024-10-07T13:07:00.000Z,13.28,6.48,475.6,13.14,99956
2024-10-07T13:08:00.000Z,13.13,6.63,480.8,10.94,69281
2024-10-07T13:09:00.000Z,13.29,5.37,480.8,11.02,69723
2024-10-07T13:10:00.000Z,13.09,5.84,481.4,13.59,84347
2024-10-07T13:11:00.000Z,13.25,5.74,481.4,13.71,85033
2024-10-07T13:12:00.000Z,12.98,4.97,480.9,10.21,60796
2024-10-07T13:13:00.000Z,12.56,5.32,483.4,11.32,68006
2024-10-07T13:14:00.000Z,12.97,5.49,485.7,12.32,74537
2024-10-07T13:15:00.000Z,13.34,5.32,481.0,9.92,61257
2024-10-07T13:16:00.000Z,12.86,4.73,481.0,9.92,61257
2024-10-07T13:17:00.000Z,13.19,4.53,471.9,10.62,45369
2024-10-07T13:18:00.000Z,13.32,4.25,477.3,11.46,60798
2024-10-07T13:19:00.000Z,13.38,3.78,479.8,11.86,68058
2024-10-07T13:20:00.000Z,13.31,4.10,470.3,9.38,39371
2024-10-07T13:21:00.000Z,13.31,4.09,472.3,10.40,51497
2024-10-07T13:22:00.000Z,13.32,4.01,474.0,11.27,61621
2024-10-07T13:23:00.000Z,13.54,4.38,99999.9,999.99,9999999.0
2024-10-07T13:24:00.000Z,13.57,4.18,99999.9,999.99,9999999.0
2024-10-07T13:25:00.000Z,13.60,3.67,99999.9,999.99,9999999.0
2024-10-07T13:26:00.000Z,13.60,3.87,472.0,11.15,69363
2024-10-07T13:27:00.000Z,13.67,3.71,471.9,11.02,66485
2024-10-07T13:28:00.000Z,13.26,2.47,469.5,10.83,62800
2024-10-07T13:29:00.000Z,13.41,1.87,466.0,10.87,73643
2024-10-07T13:30:00.000Z,13.18,3.62,468.4,9.97,83100
2024-10-07T13:31:00.000Z,13.50,4.47,470.7,10.92,75558
2024-10-07T13:32:00.000Z,14.07,5.19,471.6,8.63,68293
2024-10-07T13:33:00.000Z,14.13,5.36,471.9,7.97,66204
2024-10-07T13:34:00.000Z,14.36,3.80,468.5,7.80,59267
2024-10-07T13:35:00.000Z,14.38,4.03,470.5,8.45,65706
2024-10-07T13:36:00.000Z,13.22,1.93,472.1,9.02,71327
2024-10-07T13:37:00.000Z,13.19,0.35,479.1,10.77,95353
2024-10-07T13:38:00.000Z,13.47,-2.68,479.1,10.77,95353
2024-10-07T13:39:00.000Z,13.27,-2.59,463.4,9.80,114752
2024-10-07T13:40:00.000Z,13.21,-4.91,463.2,9.28,100832
2024-10-07T13:41:00.000Z,13.03,-4.05,459.3,9.27,100448
2024-10-07T13:42:00.000Z,12.72,-6.31,459.3,9.33,121655
2024-10-07T13:43:00.000Z,12.50,-5.18,464.4,11.90,41340
2024-10-07T13:44:00.000Z,12.48,-6.74,464.4,11.90,41340
2024-10-07T13:45:00.000Z,12.39,-8.14,450.0,10.78,94076
2024-10-07T13:46:00.000Z,12.51,-7.13,450.4,10.84,94188
2024-10-07T13:47:00.000Z,12.55,-6.21,452.3,11.16,94994
2024-10-07T13:48:00.000Z,12.37,-3.06,446.6,10.89,100306
2024-10-07T13:49:00.000Z,12.26,-3.45,458.4,9.63,89265
2024-10-07T13:50:00.000Z,12.14,-3.21,460.0,9.50,87123
2024-10-07T13:51:00.000Z,12.10,-3.99,450.8,9.43,80645
2024-10-07T13:52:00.000Z,12.05,-3.64,450.8,9.43,80645
2024-10-07T13:53:00.000Z,11.85,-1.55,99999.9,999.99,9999999.0
2024-10-07T13:54:00.000Z,11.76,1.55,99999.9,999.99,9999999.0
2024-10-07T13:55:00.000Z,12.01,1.58,99999.9,999.99,9999999.0
2024-10-07T13:56:00.000Z,12.07,1.89,460.8,9.45,103945
2024-10-07T13:57:00.000Z,11.94,3.27,460.8,9.45,103945
2024-10-07T13:58:00.000Z,12.02,1.81,99999.9,999.99,9999999.0
2024-10-07T13:59:00.000Z,12.23,0.49,459.1,8.20,91549
2024-10-07T14:00:00.000Z,12.67,-1.51,458.9,8.18,91523
2024-10-07T14:01:00.000Z,12.69,-2.66,453.1,8.33,86924
2024-10-07T14:02:00.000Z,12.57,-1.45,452.4,8.41,85415
2024-10-07T14:03:00.000Z,12.65,-1.52,457.9,7.82,76386
2024-10-07T14:04:00.000Z,12.63,-1.91,452.8,9.10,91917
2024-10-07T14:05:00.000Z,12.62,-1.46,453.6,8.59,87418
2024-10-07T14:06:00.000Z,12.60,-1.03,451.7,8.62,87950
2024-10-07T14:07:00.000Z,12.67,-2.57,455.6,8.01,83640
2024-10-07T14:08:00.000Z,12.68,-1.52,458.7,8.61,73886
2024-10-07T14:09:00.000Z,12.77,-0.43,459.0,8.69,72805
2024-10-07T14:10:00.000Z,12.64,-0.34,99999.9,999.99,9999999.0
2024-10-07T14:11:00.000Z,12.71,-0.40,451.9,9.99,85813
2024-10-07T14:12:00.000Z,12.82,-0.33,455.0,9.26,96079
2024-10-07T14:13:00.000Z,12.82,-0.33,457.9,8.55,106012
2024-10-07T14:14:00.000Z,12.84,-0.36,452.4,10.27,97091
2024-10-07T14:15:00.000Z,12.69,0.48,452.4,10.27,97091
2024-10-07T14:16:00.000Z,12.72,0.45,99999.9,999.99,9999999.0
2024-10-07T14:17:00.000Z,12.82,0.17,449.3,10.37,80248
2024-10-07T14:18:00.000Z,12.85,-0.18,449.3,10.37,80248
2024-10-07T14:19:00.000Z,12.79,-0.80,99999.9,999.99,9999999.0
2024-10-07T14:20:00.000Z,12.68,0.86,449.4,10.16,64494
2024-10-07T14:21:00.000Z,12.82,1.13,449.4,10.16,64494
2024-10-07T14:22:00.000Z,12.92,1.01,449.4,10.16,64494
2024-10-07T14:23:00.000Z,12.89,0.63,99999.9,999.99,9999999.0
2024-10-07T14:24:00.000Z,12.78,-1.07,437.7,9.46,99431
2024-10-07T14:25:00.000Z,12.71,-0.81,437.7,9.46,99431
2024-10-07T14:26:00.000Z,12.88,-1.25,99999.9,999.99,9999999.0
2024-10-07T14:27:00.000Z,12.94,-0.13,435.8,10.80,94922
2024-10-07T14:28:00.000Z,13.23,-0.93,435.8,10.80,94922
2024-10-07T14:29:00.000Z,13.26,-0.59,99999.9,999.99,9999999.0
2024-10-07T14:30:00.000Z,13.27,-0.64,437.7,10.56,80689
2024-10-07T14:31:00.000Z,13.44,0.72,437.7,10.56,80689
2024-10-07T14:32:00.000Z,13.55,0.53,99999.9,999.99,9999999.0
2024-10-07T14:33:00.000Z,13.41,0.09,431.1,10.20,89956
2024-10-07T14:34:00.000Z,13.45,-0.02,430.6,10.06,85118
2024-10-07T14:35:00.000Z,13.50,-0.36,427.2,9.15,53295
2024-10-07T14:36:00.000Z,13.63,-0.96,427.2,9.15,53295
2024-10-07T14:37:00.000Z,13.71,-1.02,430.6,11.37,96413
2024-10-07T14:38:00.000Z,13.69,-2.07,430.6,11.37,96413
2024-10-07T14:39:00.000Z,13.82,-2.18,430.6,11.37,96413
2024-10-07T14:40:00.000Z,9999.99,9999.99,431.2,11.29,94826
2024-10-07T14:41:00.000Z,13.91,-2.08,431.2,11.29,94826
2024-10-07T14:42:00.000Z,13.94,-3.35,430.0,10.44,84543
2024-10-07T14:43:00.000Z,13.97,-4.14,429.7,10.22,81932
2024-10-07T14:44:00.000Z,13.83,-3.28,99999.9,999.99,9999999.0
2024-10-07T14:45:00.000Z,13.70,-2.98,99999.9,999.99,9999999.0
2024-10-07T14:46:00.000Z,13.82,-2.82,432.1,9.84,77756
2024-10-07T14:47:00.000Z,13.80,-4.20,432.1,9.84,77756
2024-10-07T14:48:00.000Z,13.74,-3.83,428.8,10.19,92477
2024-10-07T14:49:00.000Z,13.79,-3.73,426.8,10.41,101712
2024-10-07T14:50:00.000Z,13.89,-3.29,431.6,10.00,78489
2024-10-07T14:51:00.000Z,13.84,-3.92,431.7,9.99,78190
2024-10-07T14:52:00.000Z,13.75,-3.89,99999.9,999.99,9999999.0
2024-10-07T14:53:00.000Z,13.91,-3.53,431.8,10.63,94922
2024-10-07T14:54:00.000Z,9999.99,9999.99,431.8,10.63,94922
2024-10-07T14:55:00.000Z,13.89,-3.27,431.8,10.63,94922
2024-10-07T14:56:00.000Z,13.91,-4.66,428.8,10.64,124371
2024-10-07T14:57:00.000Z,13.84,-3.69,428.8,10.64,124371
2024-10-07T14:58:00.000Z,13.81,-5.23,428.8,10.64,124371
2024-10-07T14:59:00.000Z,13.94,-4.12,99999.9,999.99,9999999.0
2024-10-07T15:00:00.000Z,14.30,-4.72,99999.9,999.99,9999999.0
2024-10-07T15:01:00.000Z,14.39,-4.93,99999.9,999.99,9999999.0
2024-10-07T15:02:00.000Z,14.16,-3.16,427.3,12.25,85669
2024-10-07T15:03:00.000Z,14.25,-3.57,427.3,12.25,85669
2024-10-07T15:04:00.000Z,14.14,-4.60,427.3,12.25,85669
2024-10-07T15:05:00.000Z,13.91,-3.68,99999.9,999.99,9999999.0
2024-10-07T15:06:00.000Z,14.85,-1.88,443.9,12.35,81046
2024-10-07T15:07:00.000Z,15.38,-1.85,446.9,11.19,65903
2024-10-07T15:08:00.000Z,15.66,-1.47,452.3,10.74,55904
2024-10-07T15:09:00.000Z,15.43,-2.10,450.5,11.07,56140
2024-10-07T15:10:00.000Z,15.68,-1.12,450.9,14.19,34011
2024-10-07T15:11:00.000Z,15.30,-1.94,450.1,13.74,43653
2024-10-07T15:12:00.000Z,16.12,-3.66,445.6,11.70,61389
2024-10-07T15:13:00.000Z,16.18,-5.99,448.4,12.72,59006
2024-10-07T15:14:00.000Z,16.21,-6.81,449.3,13.06,60146
2024-10-07T15:15:00.000Z,16.38,-7.01,437.8,10.26,63903
2024-10-07T15:16:00.000Z,16.22,-7.13,438.0,10.25,63970
2024-10-07T15:17:00.000Z,16.15,-7.47,444.9,9.92,65974
2024-10-07T15:18:00.000Z,16.02,-7.10,445.1,9.91,66044
2024-10-07T15:19:00.000Z,15.78,-6.10,99999.9,999.99,9999999.0
2024-10-07T15:20:00.000Z,15.69,-5.77,446.5,12.16,69240
2024-10-07T15:21:00.000Z,15.24,-5.40,446.5,12.16,69240
2024-10-07T15:22:00.000Z,14.77,-5.02,434.9,11.50,92257
2024-10-07T15:23:00.000Z,14.86,-5.25,440.7,11.33,80611
2024-10-07T15:24:00.000Z,14.80,-4.97,449.1,11.09,63708
2024-10-07T15:25:00.000Z,14.59,-4.65,432.6,11.61,77193
2024-10-07T15:26:00.000Z,14.78,-4.77,432.6,11.61,77193
2024-10-07T15:27:00.000Z,14.70,-3.62,437.7,11.14,66691
2024-10-07T15:28:00.000Z,14.75,-3.70,442.5,10.86,61106
2024-10-07T15:29:00.000Z,15.08,-5.72,440.2,11.68,73359
2024-10-07T15:30:00.000Z,15.08,-5.70,437.0,11.39,71321
2024-10-07T15:31:00.000Z,15.24,-5.83,439.4,11.81,78120
2024-10-07T15:32:00.000Z,15.05,-5.42,436.1,11.62,76821
2024-10-07T15:33:00.000Z,14.97,-4.96,432.5,12.02,80344
2024-10-07T15:34:00.000Z,14.87,-4.39,437.3,11.67,75060
2024-10-07T15:35:00.000Z,14.85,-4.18,440.1,11.04,67333
2024-10-07T15:36:00.000Z,14.82,-3.97,442.3,10.66,72763
2024-10-07T15:37:00.000Z,15.19,-5.96,440.5,14.29,96268
2024-10-07T15:38:00.000Z,14.91,-4.93,440.5,14.29,96268
2024-10-07T15:39:00.000Z,15.09,-5.71,99999.9,999.99,9999999.0
2024-10-07T15:40:00.000Z,14.77,-4.52,99999.9,999.99,9999999.0
2024-10-07T15:41:00.000Z,14.76,-4.99,99999.9,999.99,9999999.0
2024-10-07T15:42:00.000Z,14.58,-5.01,441.7,10.52,66766
2024-10-07T15:43:00.000Z,14.59,-4.57,441.7,10.52,66766
2024-10-07T15:44:00.000Z,14.61,-4.24,441.7,10.52,66766
2024-10-07T15:45:00.000Z,14.55,-4.28,99999.9,999.99,9999999.0
2024-10-07T15:46:00.000Z,14.28,-4.27,99999.9,999.99,9999999.0
2024-10-07T15:47:00.000Z,14.15,-4.43,99999.9,999.99,9999999.0
2024-10-07T15:48:00.000Z,14.11,-4.11,443.4,10.66,71927
2024-10-07T15:49:00.000Z,14.17,-5.03,443.4,10.66,71927
2024-10-07T15:50:00.000Z,14.19,-4.91,99999.9,999.99,9999999.0
2024-10-07T15:51:00.000Z,14.14,-4.93,99999.9,999.99,9999999.0
2024-10-07T15:52:00.000Z,14.10,-5.02,99999.9,999.99,9999999.0
2024-10-07T15:53:00.000Z,14.14,-4.98,99999.9,999.99,9999999.0
2024-10-07T15:54:00.000Z,14.19,-5.20,99999.9,999.99,9999999.0
2024-10-07T15:55:00.000Z,14.15,-5.07,443.9,11.67,80160
2024-10-07T15:56:00.000Z,14.22,-5.20,443.9,11.67,80160
2024-10-07T15:57:00.000Z,14.23,-5.19,99999.9,999.99,9999999.0
2024-10-07T15:58:00.000Z,14.29,-5.17,99999.9,999.99,9999999.0
2024-10-07T15:59:00.000Z,14.31,-5.35,434.8,9.39,47026
2024-10-07T16:00:00.000Z,14.34,-5.66,434.8,9.39,47026
2024-10-07T16:01:00.000Z,14.89,-5.21,434.8,9.39,47026
2024-10-07T16:02:00.000Z,15.00,-5.40,436.8,10.70,40992
2024-10-07T16:03:00.000Z,15.50,-7.72,436.8,10.70,40992
2024-10-07T16:04:00.000Z,14.74,-6.96,436.8,10.70,40992
2024-10-07T16:05:00.000Z,14.57,-4.63,99999.9,999.99,9999999.0
2024-10-07T16:06:00.000Z,14.39,-4.81,99999.9,999.99,9999999.0
2024-10-07T16:07:00.000Z,14.17,-5.85,99999.9,999.99,9999999.0
2024-10-07T16:08:00.000Z,13.92,-5.28,99999.9,999.99,9999999.0
2024-10-07T16:09:00.000Z,14.47,-5.59,99999.9,999.99,9999999.0
2024-10-07T16:10:00.000Z,14.50,-5.20,99999.9,999.99,9999999.0
2024-10-07T16:11:00.000Z,14.75,-6.23,99999.9,999.99,9999999.0
2024-10-07T16:12:00.000Z,15.13,-8.50,441.9,10.31,43876
2024-10-07T16:13:00.000Z,15.18,-6.61,442.6,10.55,47603
2024-10-07T16:14:00.000Z,15.09,-6.44,444.8,11.30,59499
2024-10-07T16:15:00.000Z,15.64,-6.38,440.2,11.36,67618
2024-10-07T16:16:00.000Z,15.71,-5.82,433.8,12.55,69629
2024-10-07T16:17:00.000Z,15.58,-4.76,428.0,12.53,65879
2024-10-07T16:18:00.000Z,15.74,-4.39,427.1,12.03,59670
2024-10-07T16:19:00.000Z,15.82,-3.46,432.3,11.38,60624
2024-10-07T16:20:00.000Z,15.85,-3.38,426.7,11.53,60983
2024-10-07T16:21:00.000Z,15.91,-3.53,424.5,11.34,60936
2024-10-07T16:22:00.000Z,15.62,-4.87,424.5,11.52,60951
2024-10-07T16:23:00.000Z,15.46,-5.67,426.4,12.50,55507
2024-10-07T16:24:00.000Z,15.44,-5.85,427.4,12.75,69639
2024-10-07T16:25:00.000Z,15.53,-6.64,430.5,11.92,61355
2024-10-07T16:26:00.000Z,15.62,-6.84,423.0,11.76,69245
2024-10-07T16:27:00.000Z,15.36,-3.94,417.0,12.36,78914
2024-10-07T16:28:00.000Z,15.21,-4.44,418.4,12.09,79439
2024-10-07T16:29:00.000Z,15.66,-7.18,418.7,12.08,81357
2024-10-07T16:30:00.000Z,15.74,-7.23,99999.9,999.99,9999999.0
2024-10-07T16:31:00.000Z,15.98,-7.18,429.1,12.37,70309
2024-10-07T16:32:00.000Z,16.01,-6.81,429.1,12.37,70309
2024-10-07T16:33:00.000Z,15.99,-7.88,424.2,11.78,69077
2024-10-07T16:34:00.000Z,15.94,-7.86,424.5,11.78,68750
2024-10-07T16:35:00.000Z,16.13,-7.83,432.6,11.79,60719
2024-10-07T16:36:00.000Z,16.18,-7.49,432.0,11.94,61363
2024-10-07T16:37:00.000Z,16.16,-7.14,430.8,12.26,62729
2024-10-07T16:38:00.000Z,16.00,-4.33,419.6,10.66,60500
2024-10-07T16:39:00.000Z,16.12,-6.25,418.0,10.43,60184
2024-10-07T16:40:00.000Z,16.17,-8.66,459.1,17.08,115907
2024-10-07T16:41:00.000Z,16.02,-10.33,459.0,16.88,114069
2024-10-07T16:42:00.000Z,15.83,-10.21,458.0,13.68,85108
2024-10-07T16:43:00.000Z,15.62,-10.61,457.8,13.05,79325
2024-10-07T16:44:00.000Z,15.57,-9.90,451.0,13.36,88654
2024-10-07T16:45:00.000Z,15.88,-10.40,449.8,12.92,82716
2024-10-07T16:46:00.000Z,15.91,-11.00,441.7,9.88,41781
2024-10-07T16:47:00.000Z,15.44,-10.51,434.7,14.47,70819
2024-10-07T16:48:00.000Z,15.45,-10.07,435.4,13.95,69959
2024-10-07T16:49:00.000Z,15.34,-10.39,434.8,12.99,70036
2024-10-07T16:50:00.000Z,14.99,-11.50,427.2,12.53,91388
2024-10-07T16:51:00.000Z,14.76,-11.63,427.1,12.52,91785
2024-10-07T16:52:00.000Z,14.69,-11.46,99999.9,999.99,9999999.0
2024-10-07T16:53:00.000Z,14.79,-11.75,427.2,13.41,71178
2024-10-07T16:54:00.000Z,14.75,-11.74,427.2,13.41,71178
2024-10-07T16:55:00.000Z,14.89,-12.08,99999.9,999.99,9999999.0
2024-10-07T16:56:00.000Z,14.87,-11.89,426.5,14.15,94156
2024-10-07T16:57:00.000Z,14.72,-11.35,426.4,14.08,91687
2024-10-07T16:58:00.000Z,14.91,-11.63,426.5,13.90,89409
2024-10-07T16:59:00.000Z,14.63,-11.61,428.7,12.75,99382
2024-10-07T17:00:00.000Z,14.81,-11.76,422.3,12.47,85925
2024-10-07T17:01:00.000Z,14.61,-11.93,423.9,11.68,69869
2024-10-07T17:02:00.000Z,14.63,-12.08,424.7,11.43,64247
2024-10-07T17:03:00.000Z,14.51,-11.66,420.6,13.07,79150
2024-10-07T17:04:00.000Z,14.64,-11.95,422.0,12.99,80697
2024-10-07T17:05:00.000Z,14.58,-12.07,429.4,12.54,88979
2024-10-07T17:06:00.000Z,14.46,-11.84,428.5,15.26,70955
2024-10-07T17:07:00.000Z,14.44,-11.31,428.3,15.95,66365
2024-10-07T17:08:00.000Z,14.43,-11.23,99999.9,999.99,9999999.0
2024-10-07T17:09:00.000Z,14.53,-11.65,99999.9,999.99,9999999.0
2024-10-07T17:10:00.000Z,14.57,-11.54,432.2,17.10,57021
2024-10-07T17:11:00.000Z,14.56,-11.50,432.2,17.10,57021
2024-10-07T17:12:00.000Z,14.58,-11.59,99999.9,999.99,9999999.0
2024-10-07T17:13:00.000Z,14.58,-11.12,99999.9,999.99,9999999.0
2024-10-07T17:14:00.000Z,14.62,-10.90,423.7,15.41,74581
2024-10-07T17:15:00.000Z,14.63,-12.12,429.4,15.05,70123
2024-10-07T17:16:00.000Z,14.56,-11.97,434.3,14.33,66693
2024-10-07T17:17:00.000Z,14.58,-12.35,430.7,14.57,65077
2024-10-07T17:18:00.000Z,14.48,-12.24,430.3,13.65,59250
2024-10-07T17:19:00.000Z,14.59,-12.40,430.5,13.31,58554
2024-10-07T17:20:00.000Z,14.48,-12.40,99999.9,999.99,9999999.0
2024-10-07T17:21:00.000Z,14.48,-12.22,99999.9,999.99,9999999.0
2024-10-07T17:22:00.000Z,14.48,-12.22,99999.9,999.99,9999999.0
2024-10-07T17:23:00.000Z,14.67,-12.04,429.6,14.88,64692
2024-10-07T17:24:00.000Z,14.82,-11.67,429.6,14.88,64692
2024-10-07T17:25:00.000Z,14.97,-11.76,99999.9,999.99,9999999.0
2024-10-07T17:26:00.000Z,14.88,-12.35,428.0,10.70,58667
2024-10-07T17:27:00.000Z,15.04,-12.59,428.0,10.70,58667
2024-10-07T17:28:00.000Z,9999.99,9999.99,428.0,10.70,58667
2024-10-07T17:29:00.000Z,9999.99,9999.99,99999.9,999.99,9999999.0
2024-10-07T17:30:00.000Z,15.36,-13.19,99999.9,999.99,9999999.0
2024-10-07T17:31:00.000Z,15.59,-11.29,437.8,10.36,49729
2024-10-07T17:32:00.000Z,15.47,-11.19,437.8,10.36,49729
2024-10-07T17:33:00.000Z,15.48,-11.69,436.2,10.25,53606
2024-10-07T17:34:00.000Z,15.49,-12.04,434.4,10.13,58140
2024-10-07T17:35:00.000Z,15.42,-12.59,434.4,10.13,58140
2024-10-07T17:36:00.000Z,15.30,-12.95,422.5,12.00,57095
2024-10-07T17:37:00.000Z,15.53,-12.50,422.5,12.00,57095
2024-10-07T17:38:00.000Z,15.49,-12.72,99999.9,999.99,9999999.0
2024-10-07T17:39:00.000Z,15.52,-12.20,440.2,9.97,50495
2024-10-07T17:40:00.000Z,15.54,-12.09,440.2,9.97,50495
2024-10-07T17:41:00.000Z,15.53,-12.26,440.2,9.97,50495
2024-10-07T17:42:00.000Z,15.54,-12.43,99999.9,999.99,9999999.0
2024-10-07T17:43:00.000Z,15.51,-11.77,99999.9,999.99,9999999.0
2024-10-07T17:44:00.000Z,15.52,-12.33,433.5,8.28,30901
2024-10-07T17:45:00.000Z,15.52,-12.59,433.5,8.28,30901
2024-10-07T17:46:00.000Z,15.45,-11.99,435.9,12.03,71510
2024-10-07T17:47:00.000Z,15.53,-11.28,436.0,12.02,71191
2024-10-07T17:48:00.000Z,15.30,-12.13,439.4,11.07,47260
2024-10-07T17:49:00.000Z,15.37,-12.72,439.1,11.07,48987
2024-10-07T17:50:00.000Z,15.44,-11.67,438.2,10.79,58629
2024-10-07T17:51:00.000Z,15.54,-11.80,438.2,10.79,58629
2024-10-07T17:52:00.000Z,14.96,-12.93,430.6,12.70,54015
2024-10-07T17:53:00.000Z,15.06,-13.38,430.6,12.70,54015
2024-10-07T17:54:00.000Z,15.06,-13.78,430.6,12.70,54015
2024-10-07T17:55:00.000Z,14.84,-12.71,99999.9,999.99,9999999.0
2024-10-07T17:56:00.000Z,14.68,-12.70,436.4,13.89,63510
2024-10-07T17:57:00.000Z,14.72,-12.93,433.6,14.53,60526
2024-10-07T17:58:00.000Z,14.73,-13.33,430.4,14.89,61251
2024-10-07T17:59:00.000Z,14.61,-13.12,430.3,14.54,65366
2024-10-07T18:00:00.000Z,14.60,-13.63,435.7,13.93,53331
2024-10-07T18:01:00.000Z,14.56,-13.38,435.7,13.93,53331
2024-10-07T18:02:00.000Z,14.58,-13.76,99999.9,999.99,9999999.0
2024-10-07T18:03:00.000Z,14.56,-13.07,99999.9,999.99,9999999.0
2024-10-07T18:04:00.000Z,14.53,-12.97,434.4,16.09,62107
2024-10-07T18:05:00.000Z,14.53,-12.86,434.4,16.09,62107
2024-10-07T18:06:00.000Z,14.52,-13.02,434.4,16.09,62107
2024-10-07T18:07:00.000Z,14.40,-13.34,99999.9,999.99,9999999.0
2024-10-07T18:08:00.000Z,14.49,-13.48,99999.9,999.99,9999999.0
2024-10-07T18:09:00.000Z,14.59,-13.47,433.9,15.67,52329
2024-10-07T18:10:00.000Z,14.55,-13.62,433.9,15.67,52329
2024-10-07T18:11:00.000Z,14.63,-13.76,99999.9,999.99,9999999.0
2024-10-07T18:12:00.000Z,14.60,-13.81,99999.9,999.99,9999999.0
2024-10-07T18:13:00.000Z,14.64,-13.92,432.4,14.16,59461
2024-10-07T18:14:00.000Z,14.66,-13.62,432.4,14.16,59461
2024-10-07T18:15:00.000Z,14.69,-13.53,432.4,14.16,59461
2024-10-07T18:16:00.000Z,14.75,-13.35,99999.9,999.99,9999999.0
2024-10-07T18:17:00.000Z,14.70,-13.76,434.6,15.30,59347
2024-10-07T18:18:00.000Z,14.72,-13.38,434.6,15.30,59347
2024-10-07T18:19:00.000Z,14.59,-12.53,434.6,15.30,59347
2024-10-07T18:20:00.000Z,14.37,-12.38,99999.9,999.99,9999999.0
2024-10-07T18:21:00.000Z,14.41,-12.63,99999.9,999.99,9999999.0
2024-10-07T18:22:00.000Z,14.74,-13.26,439.8,15.55,50390
2024-10-07T18:23:00.000Z,14.66,-12.68,439.8,15.55,50390
2024-10-07T18:24:00.000Z,14.61,-11.95,99999.9,999.99,9999999.0
2024-10-07T18:25:00.000Z,14.59,-12.00,99999.9,999.99,9999999.0
2024-10-07T18:26:00.000Z,14.50,-12.28,438.9,12.92,35666
2024-10-07T18:27:00.000Z,14.45,-12.20,438.9,12.92,35666
2024-10-07T18:28:00.000Z,14.42,-12.60,99999.9,999.99,9999999.0
2024-10-07T18:29:00.000Z,14.35,-12.54,99999.9,999.99,9999999.0
2024-10-07T18:30:00.000Z,14.21,-12.73,440.5,15.05,57207
2024-10-07T18:31:00.000Z,14.33,-12.86,440.5,15.05,57207
2024-10-07T18:32:00.000Z,14.18,-12.08,440.5,15.05,57207
2024-10-07T18:33:00.000Z,14.22,-12.04,99999.9,999.99,9999999.0
2024-10-07T18:34:00.000Z,14.05,-12.35,99999.9,999.99,9999999.0
2024-10-07T18:35:00.000Z,14.11,-12.75,439.4,16.03,55361
2024-10-07T18:36:00.000Z,14.09,-12.55,439.4,16.03,55361
2024-10-07T18:37:00.000Z,14.04,-12.27,99999.9,999.99,9999999.0
2024-10-07T18:38:00.000Z,14.06,-12.57,99999.9,999.99,9999999.0
2024-10-07T18:39:00.000Z,14.03,-12.65,440.8,15.61,53762
2024-10-07T18:40:00.000Z,13.93,-12.44,440.8,15.61,53762
2024-10-07T18:41:00.000Z,13.87,-12.06,99999.9,999.99,9999999.0
2024-10-07T18:42:00.000Z,13.91,-11.90,99999.9,999.99,9999999.0
2024-10-07T18:43:00.000Z,13.93,-12.27,99999.9,999.99,9999999.0
2024-10-07T18:44:00.000Z,13.91,-12.35,440.8,15.94,53438
2024-10-07T18:45:00.000Z,13.93,-12.46,440.8,15.94,53438
2024-10-07T18:46:00.000Z,13.96,-12.34,99999.9,999.99,9999999.0
2024-10-07T18:47:00.000Z,14.01,-12.22,444.1,15.29,49003
2024-10-07T18:48:00.000Z,14.05,-11.87,444.1,15.29,49003
2024-10-07T18:49:00.000Z,14.04,-10.50,444.1,15.29,49003
2024-10-07T18:50:00.000Z,14.14,-10.98,99999.9,999.99,9999999.0
2024-10-07T18:51:00.000Z,14.19,-11.43,99999.9,999.99,9999999.0
2024-10-07T18:52:00.000Z,14.25,-11.67,99999.9,999.99,9999999.0
2024-10-07T18:53:00.000Z,14.28,-11.78,444.3,15.65,55435
2024-10-07T18:54:00.000Z,14.23,-12.01,444.3,15.65,55435
2024-10-07T18:55:00.000Z,14.22,-12.80,440.5,15.76,57085
2024-10-07T18:56:00.000Z,14.30,-12.83,442.0,15.43,58744
2024-10-07T18:57:00.000Z,14.25,-12.46,442.2,14.85,58014
2024-10-07T18:58:00.000Z,14.24,-12.74,441.7,14.79,59313
2024-10-07T18:59:00.000Z,13.99,-12.80,441.3,14.70,78065
2024-10-07T19:00:00.000Z,13.61,-12.40,441.8,13.61,83439
2024-10-07T19:01:00.000Z,13.36,-10.74,442.1,13.93,89627
2024-10-07T19:02:00.000Z,13.68,-12.42,442.3,14.14,90236
2024-10-07T19:03:00.000Z,13.79,-12.74,441.5,13.18,76812
2024-10-07T19:04:00.000Z,14.00,-13.00,440.2,12.54,72443
2024-10-07T19:05:00.000Z,13.25,-12.34,438.9,12.31,63092
2024-10-07T19:06:00.000Z,13.52,-12.26,440.1,14.94,64390
2024-10-07T19:07:00.000Z,13.95,-11.03,440.1,14.77,65106
2024-10-07T19:08:00.000Z,14.62,-14.30,443.4,10.57,53150
2024-10-07T19:09:00.000Z,14.44,-14.22,444.4,9.52,49255
2024-10-07T19:10:00.000Z,13.78,-10.59,449.7,11.40,55508
2024-10-07T19:11:00.000Z,13.71,-11.43,450.7,14.80,61088
2024-10-07T19:12:00.000Z,13.60,-11.11,450.8,15.33,61952
2024-10-07T19:13:00.000Z,13.29,-12.67,99999.9,999.99,9999999.0
2024-10-07T19:14:00.000Z,13.52,-12.06,99999.9,999.99,9999999.0
2024-10-07T19:15:00.000Z,13.90,-13.48,439.7,15.60,78103
2024-10-07T19:16:00.000Z,14.08,-13.29,441.8,12.36,70394
2024-10-07T19:17:00.000Z,14.34,-13.10,439.2,9.73,64550
2024-10-07T19:18:00.000Z,13.76,-12.61,436.1,10.76,62544
2024-10-07T19:19:00.000Z,13.53,-11.49,439.2,9.31,68491
2024-10-07T19:20:00.000Z,13.40,-10.40,435.0,11.43,68069
2024-10-07T19:21:00.000Z,13.31,-7.91,432.4,12.20,61098
2024-10-07T19:22:00.000Z,13.36,-7.65,437.9,12.57,49949
2024-10-07T19:23:00.000Z,13.85,-6.53,439.7,14.52,51861
2024-10-07T19:24:00.000Z,13.93,-5.25,439.8,15.15,58479
2024-10-07T19:25:00.000Z,14.13,-6.47,99999.9,999.99,9999999.0
2024-10-07T19:26:00.000Z,14.17,-5.89,99999.9,999.99,9999999.0
2024-10-07T19:27:00.000Z,13.89,-10.83,99999.9,999.99,9999999.0
2024-10-07T19:28:00.000Z,13.90,-11.55,430.7,12.58,55728
2024-10-07T19:29:00.000Z,13.79,-9.38,430.7,12.58,55728
2024-10-07T19:30:00.000Z,13.64,-8.85,430.9,12.57,55289
2024-10-07T19:31:00.000Z,13.77,-9.79,433.0,12.49,51162
2024-10-07T19:32:00.000Z,13.82,-9.90,433.0,12.49,51162
2024-10-07T19:33:00.000Z,13.84,-9.46,435.6,10.96,47942
2024-10-07T19:34:00.000Z,13.75,-9.31,435.6,10.96,47942
2024-10-07T19:35:00.000Z,13.78,-9.37,99999.9,999.99,9999999.0
2024-10-07T19:36:00.000Z,13.73,-9.18,99999.9,999.99,9999999.0
2024-10-07T19:37:00.000Z,13.68,-8.94,99999.9,999.99,9999999.0
2024-10-07T19:38:00.000Z,9999.99,9999.99,99999.9,999.99,9999999.0
2024-10-07T19:39:00.000Z,13.52,-8.50,437.5,12.49,54632
2024-10-07T19:40:00.000Z,13.55,-8.80,437.5,12.49,54632
2024-10-07T19:41:00.000Z,13.48,-9.03,99999.9,999.99,9999999.0
2024-10-07T19:42:00.000Z,13.48,-9.03,99999.9,999.99,9999999.0
2024-10-07T19:43:00.000Z,13.48,-8.12,99999.9,999.99,9999999.0
2024-10-07T19:44:00.000Z,13.51,-7.76,99999.9,999.99,9999999.0
2024-10-07T19:45:00.000Z,13.51,-7.76,99999.9,999.99,9999999.0
2024-10-07T19:46:00.000Z,13.50,-9.12,99999.9,999.99,9999999.0
2024-10-07T19:47:00.000Z,13.45,-7.35,99999.9,999.99,9999999.0
2024-10-07T19:48:00.000Z,13.42,-7.95,437.2,12.91,31977
2024-10-07T19:49:00.000Z,9999.99,9999.99,437.2,12.91,31977
2024-10-07T19:50:00.000Z,13.54,-7.86,437.2,12.91,31977
2024-10-07T19:51:00.000Z,13.55,-8.09,99999.9,999.99,9999999.0
2024-10-07T19:52:00.000Z,13.68,-8.97,99999.9,999.99,9999999.0
2024-10-07T19:53:00.000Z,13.58,-8.52,99999.9,999.99,9999999.0
2024-10-07T19:54:00.000Z,13.59,-8.98,99999.9,999.99,9999999.0
2024-10-07T19:55:00.000Z,13.59,-8.98,99999.9,999.99,9999999.0
2024-10-07T19:56:00.000Z,13.55,-8.61,439.1,14.85,56391
2024-10-07T19:57:00.000Z,13.63,-9.53,439.0,14.82,56271
2024-10-07T19:58:00.000Z,13.56,-10.14,436.0,14.16,53679
2024-10-07T19:59:00.000Z,13.53,-10.27,437.8,11.92,38748
2024-10-07T20:00:00.000Z,13.54,-10.41,438.5,11.18,33812
2024-10-07T20:01:00.000Z,13.53,-10.64,430.7,13.98,54676
2024-10-07T20:02:00.000Z,13.08,-10.99,429.3,13.81,61830
2024-10-07T20:03:00.000Z,13.21,-10.92,427.7,13.11,54777
2024-10-07T20:04:00.000Z,13.37,-11.09,427.0,13.02,54750
2024-10-07T20:05:00.000Z,13.31,-10.73,427.3,13.31,59981
2024-10-07T20:06:00.000Z,13.24,-10.58,425.6,13.38,57177
2024-10-07T20:07:00.000Z,13.25,-10.49,426.5,13.70,61366
2024-10-07T20:08:00.000Z,13.25,-10.04,424.2,12.70,60298
2024-10-07T20:09:00.000Z,13.08,-10.77,424.2,12.70,60298
2024-10-07T20:10:00.000Z,12.59,-10.47,421.7,12.44,58855
2024-10-07T20:11:00.000Z,11.75,-10.77,420.0,13.50,71936
2024-10-07T20:12:00.000Z,11.61,-10.35,418.0,14.68,86536
2024-10-07T20:13:00.000Z,11.90,-10.22,409.2,14.77,96317
2024-10-07T20:14:00.000Z,12.66,-10.52,413.6,14.40,80751
2024-10-07T20:15:00.000Z,12.68,-10.22,420.7,13.76,55364
2024-10-07T20:16:00.000Z,12.55,-10.34,419.9,13.45,54923
2024-10-07T20:17:00.000Z,12.65,-10.68,421.1,12.26,54207
2024-10-07T20:18:00.000Z,12.67,-11.33,421.8,11.69,51988
2024-10-07T20:19:00.000Z,12.79,-11.06,424.4,10.50,35102
2024-10-07T20:20:00.000Z,12.73,-11.07,424.4,10.50,35081
2024-10-07T20:21:00.000Z,12.76,-11.14,420.4,12.49,53295
2024-10-07T20:22:00.000Z,12.77,-11.17,420.7,12.50,53317
2024-10-07T20:23:00.000Z,12.70,-10.77,424.8,12.60,53575
2024-10-07T20:24:00.000Z,12.78,-11.32,422.2,12.87,59179
2024-10-07T20:25:00.000Z,12.73,-11.14,421.9,12.90,59917
2024-10-07T20:26:00.000Z,12.38,-11.04,419.0,12.01,50530
2024-10-07T20:27:00.000Z,11.10,-10.08,422.1,12.93,68465
2024-10-07T20:28:00.000Z,10.99,-10.02,425.0,13.80,85669
2024-10-07T20:29:00.000Z,11.28,-10.01,420.7,10.16,133417
2024-10-07T20:30:00.000Z,11.51,-9.54,420.7,10.16,133417
2024-10-07T20:31:00.000Z,12.50,-11.35,422.3,9.93,117866
2024-10-07T20:32:00.000Z,12.88,-11.75,423.5,9.74,105354
2024-10-07T20:33:00.000Z,12.52,-11.36,427.4,9.19,89257
2024-10-07T20:34:00.000Z,12.67,-11.55,427.4,9.06,91242
2024-10-07T20:35:00.000Z,13.22,-12.12,427.7,8.54,100968
2024-10-07T20:36:00.000Z,13.18,-11.86,431.5,9.21,120110
2024-10-07T20:37:00.000Z,13.05,-11.52,430.6,9.22,119541
2024-10-07T20:38:00.000Z,12.89,-11.67,421.9,8.93,104773
2024-10-07T20:39:00.000Z,11.59,-10.07,429.7,9.61,115200
2024-10-07T20:40:00.000Z,12.41,-10.83,431.2,9.74,117181
2024-10-07T20:41:00.000Z,12.50,-10.71,421.7,9.94,82869
2024-10-07T20:42:00.000Z,12.43,-11.10,422.4,9.85,85682
2024-10-07T20:43:00.000Z,12.54,-11.25,423.7,9.69,90470
2024-10-07T20:44:00.000Z,12.97,-10.55,427.2,9.20,96897
2024-10-07T20:45:00.000Z,12.88,-10.52,427.2,9.20,96897
2024-10-07T20:46:00.000Z,12.87,-10.38,432.0,9.44,70823
2024-10-07T20:47:00.000Z,12.22,-9.33,434.6,9.57,56872
2024-10-07T20:48:00.000Z,12.50,-10.32,434.2,12.01,53272
2024-10-07T20:49:00.000Z,12.69,-10.87,429.9,11.03,72208
2024-10-07T20:50:00.000Z,12.87,-10.82,426.6,10.13,87316
2024-10-07T20:51:00.000Z,12.58,-10.89,421.4,8.89,75731
2024-10-07T20:52:00.000Z,12.77,-11.23,421.9,8.80,78136
2024-10-07T20:53:00.000Z,11.73,-9.71,423.5,8.51,85786
2024-10-07T20:54:00.000Z,11.87,-9.93,424.6,9.41,88793
2024-10-07T20:55:00.000Z,9.97,-8.12,427.8,11.68,100843
2024-10-07T20:56:00.000Z,10.28,-8.39,432.8,15.24,119351
2024-10-07T20:57:00.000Z,9.39,-7.73,435.9,14.41,105506
2024-10-07T20:58:00.000Z,8.99,-7.21,432.4,15.62,116306
2024-10-07T20:59:00.000Z,9.03,-7.21,429.4,15.71,119648
2024-10-07T21:00:00.000Z,10.32,-7.79,416.6,13.15,115695
2024-10-07T21:01:00.000Z,10.77,-6.74,432.3,10.68,83736
2024-10-07T21:02:00.000Z,11.04,-6.80,433.2,10.54,81893
2024-10-07T21:03:00.000Z,10.43,-6.48,435.4,12.74,52787
2024-10-07T21:04:00.000Z,9.70,-7.14,429.0,14.21,88517
2024-10-07T21:05:00.000Z,8.01,-4.31,430.0,15.49,97356
2024-10-07T21:06:00.000Z,6.75,0.55,440.2,21.61,125691
2024-10-07T21:07:00.000Z,4.09,-0.53,431.6,24.66,112452
2024-10-07T21:08:00.000Z,4.51,1.58,432.2,26.59,110624
2024-10-07T21:09:00.000Z,4.65,1.32,435.3,25.46,106340
2024-10-07T21:10:00.000Z,4.32,1.61,436.0,21.44,71894
2024-10-07T21:11:00.000Z,5.32,0.57,438.0,24.05,91240
2024-10-07T21:12:00.000Z,4.89,0.41,439.2,26.28,109999
2024-10-07T21:13:00.000Z,5.06,0.83,437.0,27.36,94703
2024-10-07T21:14:00.000Z,5.51,0.92,437.9,26.79,100207
2024-10-07T21:15:00.000Z,5.46,0.22,438.9,26.16,106316
2024-10-07T21:16:00.000Z,5.35,-0.30,99999.9,999.99,9999999.0
2024-10-07T21:17:00.000Z,5.17,0.03,439.6,27.99,95319
2024-10-07T21:18:00.000Z,5.18,0.37,438.3,25.07,63331
2024-10-07T21:19:00.000Z,5.26,0.22,434.4,23.41,48861
2024-10-07T21:20:00.000Z,5.28,-0.37,433.6,26.04,65328
2024-10-07T21:21:00.000Z,5.31,-0.58,433.9,30.12,90393
2024-10-07T21:22:00.000Z,5.91,-0.33,437.2,29.30,92322
2024-10-07T21:23:00.000Z,6.36,-0.33,438.5,29.13,100121
2024-10-07T21:24:00.000Z,6.84,-0.67,438.1,28.89,100413
2024-10-07T21:25:00.000Z,7.10,-0.67,436.5,24.04,54543
2024-10-07T21:26:00.000Z,7.01,-0.86,436.8,30.53,102277
2024-10-07T21:27:00.000Z,7.33,-2.68,435.3,28.53,89900
2024-10-07T21:28:00.000Z,7.55,-2.65,434.4,25.23,56104
2024-10-07T21:29:00.000Z,7.94,-4.83,435.4,28.31,85535
2024-10-07T21:30:00.000Z,7.80,-4.53,434.6,27.89,86873
2024-10-07T21:31:00.000Z,7.85,-4.00,434.6,27.88,86714
2024-10-07T21:32:00.000Z,7.87,-4.21,436.7,29.77,94223
2024-10-07T21:33:00.000Z,8.05,-4.25,437.0,29.53,93174
2024-10-07T21:34:00.000Z,8.12,-4.40,438.6,28.60,88608
2024-10-07T21:35:00.000Z,7.98,-4.32,438.6,28.60,88589
2024-10-07T21:36:00.000Z,7.88,-4.29,436.6,29.43,81798
2024-10-07T21:37:00.000Z,8.15,-5.04,436.6,29.43,81798
2024-10-07T21:38:00.000Z,8.24,-5.18,99999.9,999.99,9999999.0
2024-10-07T21:39:00.000Z,9999.99,9999.99,99999.9,999.99,9999999.0
2024-10-07T21:40:00.000Z,7.70,-2.62,99999.9,999.99,9999999.0
2024-10-07T21:41:00.000Z,7.64,-2.39,99999.9,999.99,9999999.0
2024-10-07T21:42:00.000Z,7.34,-2.15,436.1,30.12,75440
2024-10-07T21:43:00.000Z,7.36,-1.88,435.9,31.68,85213
2024-10-07T21:44:00.000Z,8.23,-2.56,436.1,32.70,92340
2024-10-07T21:45:00.000Z,8.23,-2.57,435.8,29.28,74749
2024-10-07T21:46:00.000Z,8.05,-2.80,435.8,29.28,74749
2024-10-07T21:47:00.000Z,8.15,-2.63,435.8,29.28,74749
2024-10-07T21:48:00.000Z,7.74,-2.31,99999.9,999.99,9999999.0
2024-10-07T21:49:00.000Z,9999.99,9999.99,99999.9,999.99,9999999.0
2024-10-07T21:50:00.000Z,9999.99,9999.99,99999.9,999.99,9999999.0
2024-10-07T21:51:00.000Z,7.59,-1.78,99999.9,999.99,9999999.0
2024-10-07T21:52:00.000Z,9999.99,9999.99,99999.9,999.99,9999999.0
2024-10-07T21:53:00.000Z,7.29,-1.97,434.2,29.35,71468
2024-10-07T21:54:00.000Z,9999.99,9999.99,434.2,29.35,71468
2024-10-07T21:55:00.000Z,7.50,-1.62,99999.9,999.99,9999999.0
2024-10-07T21:56:00.000Z,9999.99,9999.99,99999.9,999.99,9999999.0
2024-10-07T21:57:00.000Z,7.58,-1.49,99999.9,999.99,9999999.0
2024-10-07T21:58:00.000Z,7.71,-1.89,99999.9,999.99,9999999.0
2024-10-07T21:59:00.000Z,8.01,-2.29,99999.9,999.99,9999999.0
2024-10-07T22:00:00.000Z,9999.99,9999.99,99999.9,999.99,9999999.0
2024-10-07T22:01:00.000Z,8.29,-3.87,436.1,28.18,71053
2024-10-07T22:02:00.000Z,8.28,-4.91,436.1,28.18,71053
2024-10-07T22:03:00.000Z,7.72,-3.79,433.5,30.02,73859
2024-10-07T22:04:00.000Z,7.56,-4.04,433.7,29.96,74452
2024-10-07T22:05:00.000Z,8.28,-5.00,435.3,29.35,80425
2024-10-07T22:06:00.000Z,8.63,-3.39,437.3,26.31,91773
2024-10-07T22:07:00.000Z,11.27,0.18,437.6,25.81,93632
2024-10-07T22:08:00.000Z,10.53,0.69,99999.9,999.99,9999999.0
2024-10-07T22:09:00.000Z,10.26,0.77,442.8,25.02,167007
2024-10-07T22:10:00.000Z,9.68,-0.81,442.8,25.02,167007
2024-10-07T22:11:00.000Z,10.12,-1.57,445.5,25.80,116119
2024-10-07T22:12:00.000Z,10.21,-3.13,444.3,24.86,117832
2024-10-07T22:13:00.000Z,10.61,-4.05,439.1,20.93,124534
2024-10-07T22:14:00.000Z,10.29,-3.27,440.2,22.43,117762
2024-10-07T22:15:00.000Z,9.93,-2.06,438.7,21.68,116038
2024-10-07T22:16:00.000Z,8.68,-0.19,99999.9,999.99,9999999.0
2024-10-07T22:17:00.000Z,7.07,0.90,431.5,32.29,94156
2024-10-07T22:18:00.000Z,6.95,-3.97,430.5,33.97,98761
2024-10-07T22:19:00.000Z,6.90,-5.27,428.2,35.93,103042
2024-10-07T22:20:00.000Z,6.09,-3.30,427.3,35.27,100046
2024-10-07T22:21:00.000Z,4.09,-0.61,99999.9,999.99,9999999.0
2024-10-07T22:22:00.000Z,9999.99,9999.99,99999.9,999.99,9999999.0
2024-10-07T22:23:00.000Z,4.80,-0.15,99999.9,999.99,9999999.0
2024-10-07T22:24:00.000Z,9999.99,9999.99,99999.9,999.99,9999999.0
2024-10-07T22:25:00.000Z,5.32,0.86,99999.9,999.99,9999999.0
2024-10-07T22:26:00.000Z,9999.99,9999.99,99999.9,999.99,9999999.0
2024-10-07T22:27:00.000Z,5.05,0.28,99999.9,999.99,9999999.0
2024-10-07T22:28:00.000Z,5.55,0.73,99999.9,999.99,9999999.0
2024-10-07T22:29:00.000Z,5.55,0.73,99999.9,999.99,9999999.0
2024-10-07T22:30:00.000Z,6.85,-1.44,420.1,39.84,103594
2024-10-07T22:31:00.000Z,5.87,1.72,420.1,39.84,103594
2024-10-07T22:32:00.000Z,9999.99,9999.99,420.1,39.84,103594
2024-10-07T22:33:00.000Z,6.07,3.86,99999.9,999.99,9999999.0
2024-10-07T22:34:00.000Z,9999.99,9999.99,99999.9,999.99,9999999.0
2024-10-07T22:35:00.000Z,6.30,5.45,99999.9,999.99,9999999.0
2024-10-07T22:36:00.000Z,9999.99,9999.99,99999.9,999.99,9999999.0
2024-10-07T22:37:00.000Z,5.11,0.63,99999.9,999.99,9999999.0
2024-10-07T22:38:00.000Z,9999.99,9999.99,99999.9,999.99,9999999.0
2024-10-07T22:39:00.000Z,5.83,1.43,99999.9,999.99,9999999.0
2024-10-07T22:40:00.000Z,9999.99,9999.99,99999.9,999.99,9999999.0
2024-10-07T22:41:00.000Z,5.60,2.80,99999.9,999.99,9999999.0
2024-10-07T22:42:00.000Z,5.60,2.80,99999.9,999.99,9999999.0
2024-10-07T22:43:00.000Z,9999.99,9999.99,99999.9,999.99,9999999.0
2024-10-07T22:44:00.000Z,5.65,2.76,436.2,38.09,88793
2024-10-07T22:45:00.000Z,6.56,1.67,433.8,36.83,102266
2024-10-07T22:46:00.000Z,5.51,-3.96,431.2,35.13,106158
2024-10-07T22:47:00.000Z,5.36,-4.17,425.6,28.88,52865
2024-10-07T22:48:00.000Z,5.13,-4.26,425.6,28.88,52865
2024-10-07T22:49:00.000Z,4.34,-2.75,99999.9,999.99,9999999.0
2024-10-07T22:50:00.000Z,5.33,-2.98,421.8,38.59,101255
2024-10-07T22:51:00.000Z,5.40,-3.07,421.2,38.00,98443
2024-10-07T22:52:00.000Z,5.28,-3.24,419.3,36.32,90596
2024-10-07T22:53:00.000Z,5.61,-0.90,423.2,34.11,90640
2024-10-07T22:54:00.000Z,6.09,0.90,424.8,34.13,88181
2024-10-07T22:55:00.000Z,6.08,-0.51,424.3,35.06,88608
2024-10-07T22:56:00.000Z,5.66,-0.93,418.9,36.30,91879
2024-10-07T22:57:00.000Z,4.93,-0.86,418.8,36.43,92623
2024-10-07T22:58:00.000Z,5.05,-1.44,417.4,37.83,100275
2024-10-07T22:59:00.000Z,4.96,-2.18,419.1,37.07,97233
2024-10-07T23:00:00.000Z,5.04,-2.79,420.1,36.63,95498
2024-10-07T23:01:00.000Z,5.09,-2.89,420.9,35.75,90655
2024-10-07T23:02:00.000Z,5.47,-3.30,421.1,35.62,91378
2024-10-07T23:03:00.000Z,5.92,-3.67,421.9,35.38,101491
2024-10-07T23:04:00.000Z,7.36,-4.42,424.3,35.92,102257
2024-10-07T23:05:00.000Z,7.00,-3.99,427.1,34.27,98058
2024-10-07T23:06:00.000Z,7.07,-3.45,99999.9,999.99,9999999.0
2024-10-07T23:07:00.000Z,8.14,-3.65,99999.9,999.99,9999999.0
2024-10-07T23:08:00.000Z,11.51,-8.44,99999.9,999.99,9999999.0
2024-10-07T23:09:00.000Z,12.03,-9.25,99999.9,999.99,9999999.0
2024-10-07T23:10:00.000Z,10.94,-8.31,99999.9,999.99,9999999.0
2024-10-07T23:11:00.000Z,11.13,-8.42,432.5,18.25,138464
2024-10-07T23:12:00.000Z,11.71,-8.41,432.5,18.25,138464
2024-10-07T23:13:00.000Z,11.93,-8.48,99999.9,999.99,9999999.0
2024-10-07T23:14:00.000Z,11.99,-8.28,430.5,20.39,126741
2024-10-07T23:15:00.000Z,11.96,-6.74,430.5,20.39,126741
2024-10-07T23:16:00.000Z,12.00,-6.89,430.5,20.39,126741
2024-10-07T23:17:00.000Z,12.30,-7.05,99999.9,999.99,9999999.0
2024-10-07T23:18:00.000Z,12.63,-7.60,427.1,21.63,158288
2024-10-07T23:19:00.000Z,12.95,-7.92,427.1,21.63,158288
2024-10-07T23:20:00.000Z,13.22,-8.72,99999.9,999.99,9999999.0
2024-10-07T23:21:00.000Z,12.79,-8.40,99999.9,999.99,9999999.0
2024-10-07T23:22:00.000Z,13.08,-8.29,99999.9,999.99,9999999.0
2024-10-07T23:23:00.000Z,13.06,-7.85,435.7,17.21,121426
2024-10-07T23:24:00.000Z,14.34,-8.21,435.7,17.21,121426
2024-10-07T23:25:00.000Z,15.09,-9.40,442.7,14.96,83328
2024-10-07T23:26:00.000Z,14.84,-10.37,448.4,13.16,52722
2024-10-07T23:27:00.000Z,15.14,-10.39,448.4,13.16,52722
2024-10-07T23:28:00.000Z,15.31,-10.33,99999.9,999.99,9999999.0
2024-10-07T23:29:00.000Z,15.30,-10.04,99999.9,999.99,9999999.0
2024-10-07T23:30:00.000Z,15.24,-10.97,443.2,12.04,66132
2024-10-07T23:31:00.000Z,15.33,-11.86,443.3,12.24,74098
2024-10-07T23:32:00.000Z,15.37,-11.95,440.4,11.20,66351
2024-10-07T23:33:00.000Z,15.35,-12.25,438.9,10.80,62402
2024-10-07T23:34:00.000Z,15.23,-11.48,438.4,11.08,64391
2024-10-07T23:35:00.000Z,15.22,-11.12,438.9,11.14,61915
2024-10-07T23:36:00.000Z,15.07,-10.46,442.0,14.62,61604
2024-10-07T23:37:00.000Z,15.00,-10.04,442.1,14.49,60206
2024-10-07T23:38:00.000Z,14.83,-10.07,442.5,14.17,56687
2024-10-07T23:39:00.000Z,14.80,-10.31,442.5,14.17,56687
2024-10-07T23:40:00.000Z,14.78,-9.81,99999.9,999.99,9999999.0
2024-10-07T23:41:00.000Z,14.87,-9.22,444.1,14.56,52507
2024-10-07T23:42:00.000Z,14.97,-9.53,444.1,14.57,51950
2024-10-07T23:43:00.000Z,15.05,-10.02,444.2,14.61,48797
2024-10-07T23:44:00.000Z,15.13,-10.01,445.2,13.63,35415
2024-10-07T23:45:00.000Z,15.21,-9.55,445.2,13.61,35139
2024-10-07T23:46:00.000Z,15.14,-10.39,435.0,11.78,30302
2024-10-07T23:47:00.000Z,15.28,-9.89,435.0,11.78,30302
2024-10-07T23:48:00.000Z,15.30,-9.86,99999.9,999.99,9999999.0
2024-10-07T23:49:00.000Z,15.21,-9.73,442.6,12.80,34040
2024-10-07T23:50:00.000Z,15.15,-9.71,442.7,12.85,34582
2024-10-07T23:51:00.000Z,15.19,-10.03,444.1,13.85,47107
2024-10-07T23:52:00.000Z,15.16,-10.24,444.5,14.33,51461
2024-10-07T23:53:00.000Z,15.54,-9.39,443.4,14.55,50740
2024-10-07T23:54:00.000Z,15.64,-9.68,445.3,14.61,32170
2024-10-07T23:55:00.000Z,15.46,-9.88,445.3,14.61,31727
2024-10-07T23:56:00.000Z,15.44,-9.77,443.8,14.96,32546
2024-10-07T23:57:00.000Z,15.33,-9.71,443.6,15.02,32676
2024-10-07T23:58:00.000Z,15.28,-9.37,442.5,14.55,41781
2024-10-07T23:59:00.000Z,15.29,-9.08,441.7,14.22,48010
2024-10-08T00:00:00.000Z,15.48,-9.63,445.0,14.11,42985
2024-10-08T00:01:00.000Z,15.60,-9.28,445.4,14.10,42294
2024-10-08T00:02:00.000Z,15.79,-9.28,442.3,13.66,34327
2024-10-08T00:03:00.000Z,15.81,-9.23,442.3,13.66,34327
2024-10-08T00:04:00.000Z,15.51,-10.20,442.3,13.66,34327
2024-10-08T00:05:00.000Z,14.69,-9.69,99999.9,999.99,9999999.0
2024-10-08T00:06:00.000Z,14.41,-9.56,439.1,16.24,49452
2024-10-08T00:07:00.000Z,14.03,-9.35,438.2,17.32,54232
2024-10-08T00:08:00.000Z,12.65,-8.45,435.0,20.80,64255
2024-10-08T00:09:00.000Z,11.61,-8.40,430.1,25.35,68721
2024-10-08T00:10:00.000Z,12.20,-8.38,99999.9,999.99,9999999.0
2024-10-08T00:11:00.000Z,12.42,-8.53,429.9,22.45,44235
2024-10-08T00:12:00.000Z,12.20,-8.52,429.9,22.45,44235
2024-10-08T00:13:00.000Z,12.07,-8.42,99999.9,999.99,9999999.0
2024-10-08T00:14:00.000Z,12.14,-8.47,99999.9,999.99,9999999.0
2024-10-08T00:15:00.000Z,11.94,-8.33,431.3,25.43,68709
2024-10-08T00:16:00.000Z,12.08,-8.56,431.3,25.43,68709
2024-10-08T00:17:00.000Z,11.96,-8.55,438.2,20.08,41024
2024-10-08T00:18:00.000Z,12.15,-8.39,438.2,20.08,41037
2024-10-08T00:19:00.000Z,12.09,-8.36,430.7,25.62,67154
2024-10-08T00:20:00.000Z,12.21,-8.56,428.8,27.02,73774
2024-10-08T00:21:00.000Z,12.25,-8.65,99999.9,999.99,9999999.0
2024-10-08T00:22:00.000Z,12.46,-8.60,431.2,24.41,69240
2024-10-08T00:23:00.000Z,12.75,-8.63,431.2,24.41,69240
2024-10-08T00:24:00.000Z,13.36,-7.96,431.2,24.41,69240
2024-10-08T00:25:00.000Z,13.19,-8.04,99999.9,999.99,9999999.0
2024-10-08T00:26:00.000Z,13.22,-7.93,99999.9,999.99,9999999.0
2024-10-08T00:27:00.000Z,13.44,-8.24,99999.9,999.99,9999999.0
2024-10-08T00:28:00.000Z,14.40,-9.67,436.7,19.80,62924
2024-10-08T00:29:00.000Z,15.21,-12.27,436.5,19.65,62908
2024-10-08T00:30:00.000Z,15.14,-10.94,430.7,15.31,62456
2024-10-08T00:31:00.000Z,15.15,-11.22,430.7,15.31,62456
2024-10-08T00:32:00.000Z,15.55,-11.47,444.8,10.84,30465
2024-10-08T00:33:00.000Z,16.09,-9.46,444.2,11.00,32297
2024-10-08T00:34:00.000Z,16.10,-10.02,445.8,11.35,30773
2024-10-08T00:35:00.000Z,16.08,-10.39,447.5,11.23,28220
2024-10-08T00:36:00.000Z,16.11,-10.52,446.6,11.00,26808
2024-10-08T00:37:00.000Z,16.19,-10.07,99999.9,999.99,9999999.0
2024-10-08T00:38:00.000Z,16.20,-10.01,440.4,11.18,35402
2024-10-08T00:39:00.000Z,16.17,-11.17,440.0,11.18,34898
2024-10-08T00:40:00.000Z,16.10,-11.70,435.0,11.16,28949
2024-10-08T00:41:00.000Z,16.06,-10.75,435.3,12.14,27041
2024-10-08T00:42:00.000Z,16.10,-10.20,438.0,11.80,26605
2024-10-08T00:43:00.000Z,16.07,-10.38,437.2,11.50,25859
2024-10-08T00:44:00.000Z,16.10,-10.47,437.0,11.58,25779
2024-10-08T00:45:00.000Z,16.09,-9.93,437.2,11.70,26153
2024-10-08T00:46:00.000Z,16.03,-10.34,432.4,12.32,29786
2024-10-08T00:47:00.000Z,16.08,-9.67,434.3,11.97,30151
2024-10-08T00:48:00.000Z,16.13,-9.57,434.5,11.93,30194
2024-10-08T00:49:00.000Z,16.20,-10.06,99999.9,999.99,9999999.0
2024-10-08T00:50:00.000Z,16.19,-10.28,99999.9,999.99,9999999.0
2024-10-08T00:51:00.000Z,16.17,-10.84,437.9,10.88,27836
2024-10-08T00:52:00.000Z,16.03,-10.87,437.9,10.87,27748
2024-10-08T00:53:00.000Z,16.08,-9.11,440.4,10.24,22582
2024-10-08T00:54:00.000Z,16.08,-9.04,439.1,10.29,24202
2024-10-08T00:55:00.000Z,16.08,-9.00,430.7,10.59,34500
2024-10-08T00:56:00.000Z,16.06,-8.92,430.2,10.38,34575
2024-10-08T00:57:00.000Z,15.93,-8.87,430.3,10.40,34643
2024-10-08T00:58:00.000Z,15.87,-8.88,430.0,10.52,34718
2024-10-08T00:59:00.000Z,15.95,-9.04,429.8,10.57,34163
2024-10-08T01:00:00.000Z,15.97,-8.76,430.7,10.67,34535
2024-10-08T01:01:00.000Z,16.00,-8.82,430.3,10.80,35901
2024-10-08T01:02:00.000Z,15.77,-8.77,426.5,10.33,36342
2024-10-08T01:03:00.000Z,15.83,-8.64,428.7,9.82,32197
2024-10-08T01:04:00.000Z,15.21,-8.11,426.5,9.95,32044
2024-10-08T01:05:00.000Z,15.10,-8.23,424.2,10.30,34356
2024-10-08T01:06:00.000Z,15.27,-8.40,430.9,12.19,43001
2024-10-08T01:07:00.000Z,15.36,-8.31,431.1,12.12,41171
2024-10-08T01:08:00.000Z,15.22,-7.44,431.7,11.87,37311
2024-10-08T01:09:00.000Z,14.65,-7.69,432.3,11.65,35783
2024-10-08T01:10:00.000Z,14.71,-7.30,433.7,14.18,38817
2024-10-08T01:11:00.000Z,15.07,-7.02,433.7,14.18,38817
2024-10-08T01:12:00.000Z,15.01,-7.12,429.1,12.07,31203
2024-10-08T01:13:00.000Z,14.82,-7.08,429.1,12.07,31203
2024-10-08T01:14:00.000Z,14.78,-7.17,432.9,13.21,39773
2024-10-08T01:15:00.000Z,14.86,-7.17,432.9,13.21,39773
2024-10-08T01:16:00.000Z,14.53,-8.02,432.9,13.21,39773
2024-10-08T01:17:00.000Z,14.40,-8.11,443.5,14.25,51939
2024-10-08T01:18:00.000Z,14.37,-8.13,443.5,14.25,51939
2024-10-08T01:19:00.000Z,14.26,-8.01,443.5,14.25,51939
2024-10-08T01:20:00.000Z,14.23,-7.90,439.6,14.20,38756
2024-10-08T01:21:00.000Z,14.27,-8.00,439.6,14.20,38756
2024-10-08T01:22:00.000Z,14.31,-7.71,439.6,14.20,38756
2024-10-08T01:23:00.000Z,14.33,-7.71,436.3,13.85,37722
2024-10-08T01:24:00.000Z,14.37,-7.53,436.3,13.85,37722
2024-10-08T01:25:00.000Z,14.32,-7.42,439.1,14.10,35965
2024-10-08T01:26:00.000Z,14.40,-7.40,439.1,14.10,35960
2024-10-08T01:27:00.000Z,14.35,-7.66,439.1,14.10,35960
2024-10-08T01:28:00.000Z,14.34,-7.61,99999.9,999.99,9999999.0
2024-10-08T01:29:00.000Z,14.30,-8.27,435.7,14.29,36226
2024-10-08T01:30:00.000Z,14.24,-8.35,435.7,14.29,36226
2024-10-08T01:31:00.000Z,14.15,-8.51,435.7,14.48,38116
2024-10-08T01:32:00.000Z,14.16,-8.91,435.7,14.48,38116
2024-10-08T01:33:00.000Z,14.13,-9.19,435.7,14.48,38116
2024-10-08T01:34:00.000Z,14.13,-8.74,433.8,15.07,38971
2024-10-08T01:35:00.000Z,14.11,-8.18,433.8,15.07,38971
2024-10-08T01:36:00.000Z,14.04,-8.37,433.5,14.71,39525
2024-10-08T01:37:00.000Z,14.11,-8.59,433.5,14.71,39525
2024-10-08T01:38:00.000Z,14.23,-8.42,432.7,13.89,41963
2024-10-08T01:39:00.000Z,13.99,-8.27,432.2,13.37,43518
2024-10-08T01:40:00.000Z,14.05,-7.47,432.0,14.31,47908
2024-10-08T01:41:00.000Z,14.05,-7.94,431.9,14.27,47368
2024-10-08T01:42:00.000Z,14.42,-9.57,430.8,14.04,43266
2024-10-08T01:43:00.000Z,14.54,-10.26,430.7,14.40,44537
2024-10-08T01:44:00.000Z,14.35,-10.81,427.7,14.79,36553
2024-10-08T01:45:00.000Z,14.81,-10.76,427.7,14.79,36553
2024-10-08T01:46:00.000Z,14.85,-10.95,427.7,14.79,36553
2024-10-08T01:47:00.000Z,14.82,-11.45,429.7,15.27,37541
2024-10-08T01:48:00.000Z,14.71,-11.92,428.9,15.36,38268
2024-10-08T01:49:00.000Z,14.43,-12.57,429.8,15.83,40805
2024-10-08T01:50:00.000Z,14.27,-12.96,431.9,16.37,47703
2024-10-08T01:51:00.000Z,14.29,-12.93,431.9,16.37,47703
2024-10-08T01:52:00.000Z,14.29,-12.50,428.9,15.53,46040
2024-10-08T01:53:00.000Z,14.21,-12.14,430.3,15.81,51410
2024-10-08T01:54:00.000Z,14.25,-11.72,431.4,15.99,55035
2024-10-08T01:55:00.000Z,14.15,-11.46,430.0,14.46,47297
2024-10-08T01:56:00.000Z,13.87,-10.82,431.5,18.83,46205
2024-10-08T01:57:00.000Z,14.03,-10.85,431.8,19.84,45953
2024-10-08T01:58:00.000Z,13.88,-11.41,99999.9,999.99,9999999.0
2024-10-08T01:59:00.000Z,14.07,-12.63,418.5,12.96,41784
2024-10-08T02:00:00.000Z,14.26,-13.43,421.5,13.57,41616
2024-10-08T02:01:00.000Z,14.19,-12.19,425.7,14.41,41387
2024-10-08T02:02:00.000Z,14.40,-12.47,428.5,18.37,67080
2024-10-08T02:03:00.000Z,14.40,-11.39,432.1,17.20,47455
2024-10-08T02:04:00.000Z,14.52,-12.85,436.2,15.50,51044
2024-10-08T02:05:00.000Z,14.66,-12.88,438.0,14.68,54820
2024-10-08T02:06:00.000Z,14.74,-13.88,99999.9,999.99,9999999.0
2024-10-08T02:07:00.000Z,14.90,-13.65,433.3,10.08,44007
2024-10-08T02:08:00.000Z,14.72,-13.94,433.1,10.58,47774
2024-10-08T02:09:00.000Z,14.59,-13.78,432.0,12.00,57003
2024-10-08T02:10:00.000Z,14.67,-13.86,431.7,10.94,46215
2024-10-08T02:11:00.000Z,15.77,-14.50,434.4,10.46,30356
2024-10-08T02:12:00.000Z,15.33,-14.19,434.4,10.46,30356
2024-10-08T02:13:00.000Z,15.44,-14.36,426.2,9.00,19952
2024-10-08T02:14:00.000Z,15.77,-14.57,428.5,9.68,24214
2024-10-08T02:15:00.000Z,15.81,-14.43,432.6,10.95,32004
2024-10-08T02:16:00.000Z,15.92,-14.37,99999.9,999.99,9999999.0
2024-10-08T02:17:00.000Z,16.00,-14.58,430.4,10.35,29335
2024-10-08T02:18:00.000Z,16.01,-14.74,430.4,10.35,29335
2024-10-08T02:19:00.000Z,16.00,-14.88,430.6,10.81,33839
2024-10-08T02:20:00.000Z,16.01,-14.98,431.0,10.73,32700
2024-10-08T02:21:00.000Z,16.05,-14.94,434.9,9.90,20194
2024-10-08T02:22:00.000Z,16.03,-15.06,432.4,9.99,22145
2024-10-08T02:23:00.000Z,16.03,-15.30,431.1,10.04,23218
2024-10-08T02:24:00.000Z,16.05,-15.52,427.1,9.83,24405
2024-10-08T02:25:00.000Z,16.04,-15.24,426.9,9.82,24467
2024-10-08T02:26:00.000Z,16.07,-15.25,427.7,9.83,24678
2024-10-08T02:27:00.000Z,16.11,-14.53,432.9,9.92,26150
2024-10-08T02:28:00.000Z,16.12,-14.84,432.9,9.92,26150
2024-10-08T02:29:00.000Z,16.09,-15.14,99999.9,999.99,9999999.0
2024-10-08T02:30:00.000Z,16.03,-15.10,429.2,9.69,24127
2024-10-08T02:31:00.000Z,16.04,-15.02,429.2,9.69,24127
2024-10-08T02:32:00.000Z,16.02,-15.17,99999.9,999.99,9999999.0
2024-10-08T02:33:00.000Z,16.04,-15.02,428.9,9.68,26579
2024-10-08T02:34:00.000Z,16.02,-15.05,428.9,9.68,26579
2024-10-08T02:35:00.000Z,15.99,-15.08,431.1,9.98,28752
2024-10-08T02:36:00.000Z,15.97,-15.03,431.1,9.98,28752
2024-10-08T02:37:00.000Z,15.97,-14.97,431.1,9.98,28752
2024-10-08T02:38:00.000Z,15.94,-14.92,99999.9,999.99,9999999.0
2024-10-08T02:39:00.000Z,15.88,-14.74,431.1,10.16,26935
2024-10-08T02:40:00.000Z,15.91,-14.50,431.1,10.16,26935
2024-10-08T02:41:00.000Z,15.95,-14.33,99999.9,999.99,9999999.0
2024-10-08T02:42:00.000Z,15.93,-14.52,434.4,11.19,36612
2024-10-08T02:43:00.000Z,15.93,-14.85,434.4,11.19,36612
2024-10-08T02:44:00.000Z,15.93,-14.99,434.4,11.19,36612
2024-10-08T02:45:00.000Z,15.95,-15.02,99999.9,999.99,9999999.0
2024-10-08T02:46:00.000Z,15.94,-14.93,432.6,10.25,27448
2024-10-08T02:47:00.000Z,15.94,-14.99,432.6,10.25,27448
2024-10-08T02:48:00.000Z,15.96,-15.01,432.6,10.25,27448
2024-10-08T02:49:00.000Z,15.93,-14.99,99999.9,999.99,9999999.0
2024-10-08T02:50:00.000Z,15.94,-15.10,429.3,10.54,30547
2024-10-08T02:51:00.000Z,15.97,-14.97,429.3,10.54,30547
2024-10-08T02:52:00.000Z,16.01,-15.04,429.3,10.54,30547
2024-10-08T02:53:00.000Z,16.03,-14.96,99999.9,999.99,9999999.0
2024-10-08T02:54:00.000Z,16.03,-15.14,429.6,9.85,25999
2024-10-08T02:55:00.000Z,16.05,-15.13,429.7,10.30,28674
2024-10-08T02:56:00.000Z,16.00,-15.09,429.8,10.84,31918
2024-10-08T02:57:00.000Z,16.00,-15.03,99999.9,999.99,9999999.0
2024-10-08T02:58:00.000Z,16.00,-14.95,430.7,9.79,27242
2024-10-08T02:59:00.000Z,16.02,-15.00,430.9,9.89,27376
2024-10-08T03:00:00.000Z,15.99,-14.92,431.5,10.11,27697
2024-10-08T03:01:00.000Z,16.00,-15.11,431.7,10.17,27784
2024-10-08T03:02:00.000Z,15.92,-15.19,433.7,9.68,34183
2024-10-08T03:03:00.000Z,15.77,-15.74,433.7,9.68,34183
2024-10-08T03:04:00.000Z,15.76,-15.71,99999.9,999.99,9999999.0
2024-10-08T03:05:00.000Z,15.74,-15.71,99999.9,999.99,9999999.0
2024-10-08T03:06:00.000Z,15.74,-15.71,413.4,11.46,35373
2024-10-08T03:07:00.000Z,15.76,-15.71,414.5,11.44,33994
2024-10-08T03:08:00.000Z,15.76,-15.71,417.0,11.40,30857
2024-10-08T03:09:00.000Z,15.75,-15.71,99999.9,999.99,9999999.0
2024-10-08T03:10:00.000Z,15.76,-15.73,99999.9,999.99,9999999.0
2024-10-08T03:11:00.000Z,15.81,-15.77,415.8,11.17,30211
2024-10-08T03:12:00.000Z,15.81,-15.77,416.3,11.04,32103
2024-10-08T03:13:00.000Z,15.82,-15.79,416.6,11.08,32845
2024-10-08T03:14:00.000Z,15.80,-15.75,417.0,11.52,32778
2024-10-08T03:15:00.000Z,15.83,-15.81,418.1,11.04,31101
2024-10-08T03:16:00.000Z,15.81,-15.77,418.6,11.32,30548
2024-10-08T03:17:00.000Z,15.79,-15.78,418.4,11.42,31161
2024-10-08T03:18:00.000Z,15.79,-15.78,417.4,11.48,31876
2024-10-08T03:19:00.000Z,15.79,-15.78,417.1,11.34,27485
2024-10-08T03:20:00.000Z,15.79,-15.76,414.0,11.80,36523
2024-10-08T03:21:00.000Z,15.81,-15.71,414.0,11.80,36523
2024-10-08T03:22:00.000Z,15.86,-15.67,99999.9,999.99,9999999.0
2024-10-08T03:23:00.000Z,16.22,-15.95,99999.9,999.99,9999999.0
2024-10-08T03:24:00.000Z,16.26,-15.94,99999.9,999.99,9999999.0
2024-10-08T03:25:00.000Z,16.01,-15.79,99999.9,999.99,9999999.0
2024-10-08T03:26:00.000Z,16.02,-15.73,422.4,11.57,20194
2024-10-08T03:27:00.000Z,16.02,-15.72,422.4,11.57,20194
2024-10-08T03:28:00.000Z,16.06,-15.80,99999.9,999.99,9999999.0
2024-10-08T03:29:00.000Z,16.05,-15.82,419.5,11.13,20550
2024-10-08T03:30:00.000Z,16.14,-15.93,419.5,11.13,20550
2024-10-08T03:31:00.000Z,16.11,-15.60,425.0,10.57,20081
2024-10-08T03:32:00.000Z,16.13,-15.43,423.3,10.35,20144
2024-10-08T03:33:00.000Z,16.12,-15.54,422.6,9.98,22524
2024-10-08T03:34:00.000Z,16.15,-15.55,420.7,9.64,22268
2024-10-08T03:35:00.000Z,16.33,-15.61,422.6,9.64,19937
2024-10-08T03:36:00.000Z,16.34,-15.81,423.8,9.67,20384
2024-10-08T03:37:00.000Z,16.32,-15.80,420.9,8.91,20922
2024-10-08T03:38:00.000Z,16.31,-15.90,419.0,8.49,21338
2024-10-08T03:39:00.000Z,16.29,-15.88,99999.9,999.99,9999999.0
2024-10-08T03:40:00.000Z,16.29,-15.82,99999.9,999.99,9999999.0
2024-10-08T03:41:00.000Z,16.26,-15.69,418.7,9.22,26427
2024-10-08T03:42:00.000Z,16.17,-15.56,418.7,9.22,26427
2024-10-08T03:43:00.000Z,16.15,-15.44,99999.9,999.99,9999999.0
2024-10-08T03:44:00.000Z,16.20,-15.41,424.0,11.21,17015
2024-10-08T03:45:00.000Z,16.21,-15.45,424.0,11.21,17015
2024-10-08T03:46:00.000Z,16.20,-15.46,421.4,10.00,25747
2024-10-08T03:47:00.000Z,16.25,-15.56,421.4,10.00,25774
2024-10-08T03:48:00.000Z,16.29,-15.57,425.3,10.26,16773
2024-10-08T03:49:00.000Z,16.30,-15.69,425.3,10.28,16493
2024-10-08T03:50:00.000Z,16.34,-15.74,423.7,10.26,19147
2024-10-08T03:51:00.000Z,16.37,-15.66,427.7,9.43,16552
2024-10-08T03:52:00.000Z,16.35,-15.71,427.7,9.41,16499
2024-10-08T03:53:00.000Z,16.33,-15.74,422.9,9.78,18486
2024-10-08T03:54:00.000Z,16.33,-15.73,424.7,9.81,17710
2024-10-08T03:55:00.000Z,16.33,-15.75,425.1,9.82,17546
2024-10-08T03:56:00.000Z,16.23,-15.71,421.4,10.37,18549
2024-10-08T03:57:00.000Z,16.28,-15.74,421.8,10.71,18845
2024-10-08T03:58:00.000Z,16.14,-15.57,422.1,11.16,19083
2024-10-08T03:59:00.000Z,16.14,-15.54,422.0,12.18,19277
2024-10-08T04:00:00.000Z,16.16,-15.62,422.1,11.90,23656
2024-10-08T04:01:00.000Z,16.23,-15.83,422.2,11.78,24108
2024-10-08T04:02:00.000Z,16.10,-15.62,422.8,11.17,18613
2024-10-08T04:03:00.000Z,16.03,-15.56,422.8,11.14,18338
2024-10-08T04:04:00.000Z,16.12,-15.59,423.7,12.56,18401
2024-10-08T04:05:00.000Z,16.13,-15.48,423.7,12.56,18401
2024-10-08T04:06:00.000Z,16.10,-15.48,422.7,12.86,17713
2024-10-08T04:07:00.000Z,16.05,-15.40,422.7,12.86,17712
2024-10-08T04:08:00.000Z,16.02,-15.36,99999.9,999.99,9999999.0
2024-10-08T04:09:00.000Z,16.03,-15.35,99999.9,999.99,9999999.0
2024-10-08T04:10:00.000Z,16.14,-15.48,99999.9,999.99,9999999.0
2024-10-08T04:11:00.000Z,16.37,-15.76,421.1,10.11,19537
2024-10-08T04:12:00.000Z,16.33,-15.79,421.4,10.42,18543
2024-10-08T04:13:00.000Z,16.39,-15.74,421.6,10.65,17815
2024-10-08T04:14:00.000Z,16.35,-15.71,421.3,10.74,23168
2024-10-08T04:15:00.000Z,16.30,-15.55,421.6,11.15,19612
2024-10-08T04:16:00.000Z,16.45,-15.72,422.3,10.87,19076
2024-10-08T04:17:00.000Z,16.41,-15.83,422.8,9.37,24482
2024-10-08T04:18:00.000Z,16.39,-15.79,422.9,9.06,25624
2024-10-08T04:19:00.000Z,16.38,-15.64,99999.9,999.99,9999999.0
2024-10-08T04:20:00.000Z,16.38,-15.63,99999.9,999.99,9999999.0
2024-10-08T04:21:00.000Z,16.40,-15.67,423.7,9.36,24031
2024-10-08T04:22:00.000Z,16.40,-15.67,423.7,9.36,24031
2024-10-08T04:23:00.000Z,16.39,-15.71,421.9,9.33,23337
2024-10-08T04:24:00.000Z,16.38,-15.62,421.9,9.33,23337
2024-10-08T04:25:00.000Z,16.36,-15.62,421.8,9.49,22818
2024-10-08T04:26:00.000Z,16.29,-15.52,421.7,9.92,21451
2024-10-08T04:27:00.000Z,16.30,-15.50,421.7,9.92,21451
2024-10-08T04:28:00.000Z,16.25,-15.46,99999.9,999.99,9999999.0
2024-10-08T04:29:00.000Z,16.32,-15.46,99999.9,999.99,9999999.0
2024-10-08T04:30:00.000Z,16.33,-15.43,99999.9,999.99,9999999.0
2024-10-08T04:31:00.000Z,16.33,-15.42,99999.9,999.99,9999999.0
2024-10-08T04:32:00.000Z,16.25,-15.27,99999.9,999.99,9999999.0
2024-10-08T04:33:00.000Z,16.18,-15.15,99999.9,999.99,9999999.0
2024-10-08T04:34:00.000Z,16.17,-15.17,99999.9,999.99,9999999.0
2024-10-08T04:35:00.000Z,16.14,-15.17,99999.9,999.99,9999999.0
2024-10-08T04:36:00.000Z,16.17,-15.26,99999.9,999.99,9999999.0
2024-10-08T04:37:00.000Z,16.21,-15.17,99999.9,999.99,9999999.0
2024-10-08T04:38:00.000Z,16.11,-15.04,99999.9,999.99,9999999.0
2024-10-08T04:39:00.000Z,16.39,-15.39,419.0,12.31,16934
2024-10-08T04:40:00.000Z,16.44,-15.47,419.0,12.31,16934
2024-10-08T04:41:00.000Z,16.48,-15.53,419.0,12.31,16934
2024-10-08T04:42:00.000Z,16.47,-15.56,99999.9,999.99,9999999.0
2024-10-08T04:43:00.000Z,16.32,-15.52,423.1,12.02,13594
2024-10-08T04:44:00.000Z,16.05,-14.86,423.1,12.02,13594
2024-10-08T04:45:00.000Z,16.04,-15.07,417.4,13.63,17815
2024-10-08T04:46:00.000Z,16.08,-15.18,417.5,13.58,17898
2024-10-08T04:47:00.000Z,16.11,-15.19,418.9,12.90,19018
2024-10-08T04:48:00.000Z,16.13,-15.09,418.4,12.60,18968
2024-10-08T04:49:00.000Z,16.07,-14.75,418.2,12.51,18954
2024-10-08T04:50:00.000Z,16.10,-14.51,417.2,13.25,14125
2024-10-08T04:51:00.000Z,15.98,-14.33,416.7,13.74,14652
2024-10-08T04:52:00.000Z,15.75,-14.43,416.1,14.40,15353
2024-10-08T04:53:00.000Z,15.49,-14.36,422.8,10.36,23461
2024-10-08T04:54:00.000Z,15.57,-14.40,421.8,11.68,21731
2024-10-08T04:55:00.000Z,15.73,-14.66,417.8,16.81,14973
2024-10-08T04:56:00.000Z,15.64,-14.66,417.4,16.45,14761
2024-10-08T04:57:00.000Z,15.32,-14.14,418.9,17.64,14567
2024-10-08T04:58:00.000Z,15.33,-14.22,422.1,20.14,14162
2024-10-08T04:59:00.000Z,15.21,-14.03,419.4,19.02,14364
2024-10-08T05:00:00.000Z,15.33,-14.25,419.1,18.91,14385
2024-10-08T05:01:00.000Z,15.42,-14.35,418.4,17.34,16850
2024-10-08T05:02:00.000Z,15.41,-14.37,418.4,17.33,16873
2024-10-08T05:03:00.000Z,15.32,-14.31,417.7,18.17,14125
2024-10-08T05:04:00.000Z,15.25,-14.24,417.7,18.17,14125
2024-10-08T05:05:00.000Z,15.29,-14.19,418.7,18.98,12389
2024-10-08T05:06:00.000Z,15.30,-14.27,418.7,18.98,12389
2024-10-08T05:07:00.000Z,15.32,-14.26,416.7,19.42,12615
2024-10-08T05:08:00.000Z,15.28,-14.18,416.9,19.58,13374
2024-10-08T05:09:00.000Z,15.16,-14.16,418.1,20.77,18868
2024-10-08T05:10:00.000Z,15.16,-14.17,418.4,20.65,16384
2024-10-08T05:11:00.000Z,15.20,-14.20,418.9,20.48,13092
2024-10-08T05:12:00.000Z,15.17,-14.15,418.4,21.37,13632
2024-10-08T05:13:00.000Z,15.25,-14.01,418.3,21.47,13685
2024-10-08T05:14:00.000Z,15.24,-13.70,99999.9,999.99,9999999.0
2024-10-08T05:15:00.000Z,15.31,-13.66,99999.9,999.99,9999999.0
2024-10-08T05:16:00.000Z,15.36,-13.78,415.2,20.29,12773
2024-10-08T05:17:00.000Z,15.54,-14.31,415.2,20.29,12773
2024-10-08T05:18:00.000Z,15.62,-14.49,415.2,20.29,12773
2024-10-08T05:19:00.000Z,15.06,-13.94,424.8,18.55,16954
2024-10-08T05:20:00.000Z,14.84,-13.74,424.6,19.58,18264
2024-10-08T05:21:00.000Z,15.19,-13.91,424.3,21.47,20661
2024-10-08T05:22:00.000Z,15.13,-13.94,423.1,15.84,36692
2024-10-08T05:23:00.000Z,15.01,-13.81,423.0,15.82,36595
2024-10-08T05:24:00.000Z,15.17,-9.20,418.8,15.21,30948
2024-10-08T05:25:00.000Z,15.38,-8.50,420.3,10.30,71435
2024-10-08T05:26:00.000Z,15.36,-8.71,420.7,9.39,79194
2024-10-08T05:27:00.000Z,15.37,-8.51,413.4,10.51,132906
2024-10-08T05:28:00.000Z,15.76,-6.87,413.5,10.04,122255
2024-10-08T05:29:00.000Z,15.77,-6.48,415.5,7.45,56724
2024-10-08T05:30:00.000Z,15.68,-8.04,416.6,7.54,52830
2024-10-08T05:31:00.000Z,15.32,-10.26,414.3,9.01,97139
2024-10-08T05:32:00.000Z,14.75,-11.92,420.2,10.62,73902
2024-10-08T05:33:00.000Z,14.97,-11.89,426.9,12.49,47195
2024-10-08T05:34:00.000Z,15.38,-10.39,415.3,11.33,83004
2024-10-08T05:35:00.000Z,15.44,-9.49,415.3,11.33,83004
2024-10-08T05:36:00.000Z,15.83,-6.02,413.4,8.91,70199
2024-10-08T05:37:00.000Z,15.72,-7.39,415.3,8.81,69258
2024-10-08T05:38:00.000Z,15.88,-8.79,426.6,8.10,62963
2024-10-08T05:39:00.000Z,15.83,-9.72,424.3,6.29,39563
2024-10-08T05:40:00.000Z,15.98,-10.17,424.3,6.29,39556
2024-10-08T05:41:00.000Z,16.03,-10.33,424.4,7.32,69159
2024-10-08T05:42:00.000Z,15.61,-10.07,424.4,7.32,69159
2024-10-08T05:43:00.000Z,15.29,-12.20,426.6,12.34,75902
2024-10-08T05:44:00.000Z,15.39,-10.22,426.6,12.34,75902
2024-10-08T05:45:00.000Z,15.70,-12.14,425.7,9.60,92351
2024-10-08T05:46:00.000Z,15.52,-13.36,425.7,9.60,92351
2024-10-08T05:47:00.000Z,15.45,-12.26,422.3,9.98,74834
2024-10-08T05:48:00.000Z,15.59,-7.22,422.3,9.98,74834
2024-10-08T05:49:00.000Z,15.53,-7.59,421.0,9.49,51655
2024-10-08T05:50:00.000Z,15.48,-8.22,421.0,9.49,51655
2024-10-08T05:51:00.000Z,15.44,-8.21,417.1,8.07,61797
2024-10-08T05:52:00.000Z,15.40,-8.36,417.1,8.07,61797
2024-10-08T05:53:00.000Z,15.55,-9.52,417.1,8.07,61797
2024-10-08T05:54:00.000Z,15.48,-8.13,414.9,8.76,63080
2024-10-08T05:55:00.000Z,15.42,-8.32,416.8,8.02,72644
2024-10-08T05:56:00.000Z,15.45,-5.98,417.6,7.56,77238
2024-10-08T05:57:00.000Z,15.56,-6.18,411.4,6.99,57916
2024-10-08T05:58:00.000Z,15.76,-5.09,411.4,6.99,57916
2024-10-08T05:59:00.000Z,15.83,-4.33,406.5,7.44,59727
2024-10-08T06:00:00.000Z,15.75,-4.31,406.5,7.44,59727
2024-10-08T06:01:00.000Z,15.85,-2.70,408.8,6.64,47670
2024-10-08T06:02:00.000Z,15.96,-3.19,408.9,6.62,47364
2024-10-08T06:03:00.000Z,16.07,-3.50,404.8,8.26,68465
2024-10-08T06:04:00.000Z,16.09,-4.09,404.8,8.26,68465
2024-10-08T06:05:00.000Z,16.04,-4.21,404.8,8.26,68465
2024-10-08T06:06:00.000Z,16.05,-4.23,99999.9,999.99,9999999.0
2024-10-08T06:07:00.000Z,15.84,-4.75,410.9,7.34,63667
2024-10-08T06:08:00.000Z,15.97,-5.97,410.9,7.34,63667
2024-10-08T06:09:00.000Z,16.22,-10.30,410.9,7.34,63667
2024-10-08T06:10:00.000Z,16.31,-11.56,99999.9,999.99,9999999.0
2024-10-08T06:11:00.000Z,16.27,-11.79,99999.9,999.99,9999999.0
2024-10-08T06:12:00.000Z,16.33,-11.64,420.3,6.73,44072
2024-10-08T06:13:00.000Z,16.30,-11.95,420.8,6.55,46876
2024-10-08T06:14:00.000Z,16.25,-12.61,421.3,6.36,49799
2024-10-08T06:15:00.000Z,16.41,-12.74,415.7,8.08,26074
2024-10-08T06:16:00.000Z,16.42,-12.82,415.7,8.08,26074
2024-10-08T06:17:00.000Z,16.44,-13.04,415.7,8.08,26074
2024-10-08T06:18:00.000Z,9999.99,9999.99,99999.9,999.99,9999999.0
2024-10-08T06:19:00.000Z,16.47,-13.28,99999.9,999.99,9999999.0
2024-10-08T06:20:00.000Z,16.51,-13.39,99999.9,999.99,9999999.0
2024-10-08T06:21:00.000Z,16.51,-13.11,99999.9,999.99,9999999.0
2024-10-08T06:22:00.000Z,16.57,-13.03,412.7,6.80,34790
2024-10-08T06:23:00.000Z,16.60,-13.22,412.7,6.80,34790
2024-10-08T06:24:00.000Z,16.63,-13.34,415.3,6.29,45253
2024-10-08T06:25:00.000Z,16.58,-13.04,415.8,6.19,47466
2024-10-08T06:26:00.000Z,16.63,-13.36,415.6,6.16,39680
2024-10-08T06:27:00.000Z,16.61,-13.34,414.3,6.05,37178
2024-10-08T06:28:00.000Z,16.52,-13.36,413.3,6.31,33527
2024-10-08T06:29:00.000Z,16.35,-13.33,413.4,8.58,22396
2024-10-08T06:30:00.000Z,16.36,-13.56,413.6,8.62,22832
2024-10-08T06:31:00.000Z,16.34,-13.21,416.7,9.45,31533
2024-10-08T06:32:00.000Z,16.29,-13.18,416.8,9.41,31062
2024-10-08T06:33:00.000Z,16.14,-12.28,418.5,8.96,25450
2024-10-08T06:34:00.000Z,16.14,-11.93,417.4,8.81,27502
2024-10-08T06:35:00.000Z,16.35,-12.69,413.5,8.31,34374
2024-10-08T06:36:00.000Z,16.44,-12.89,416.1,8.68,21150
2024-10-08T06:37:00.000Z,16.47,-13.04,416.4,8.72,19733
2024-10-08T06:38:00.000Z,16.48,-12.96,99999.9,999.99,9999999.0
2024-10-08T06:39:00.000Z,16.39,-13.15,414.2,8.76,23435
2024-10-08T06:40:00.000Z,16.40,-12.89,415.2,8.09,23187
2024-10-08T06:41:00.000Z,16.40,-13.03,415.5,9.09,22789
2024-10-08T06:42:00.000Z,16.41,-13.09,416.4,8.97,22419
2024-10-08T06:43:00.000Z,16.36,-12.61,417.2,8.89,21772
2024-10-08T06:44:00.000Z,16.34,-12.37,417.2,8.89,21772
2024-10-08T06:45:00.000Z,16.37,-12.39,414.0,9.32,31120
2024-10-08T06:46:00.000Z,16.34,-12.27,414.0,9.32,31120
2024-10-08T06:47:00.000Z,16.36,-12.18,414.0,9.31,30718
2024-10-08T06:48:00.000Z,16.40,-12.13,413.2,9.27,23811
2024-10-08T06:49:00.000Z,16.35,-12.03,412.6,9.22,23664
2024-10-08T06:50:00.000Z,16.31,-11.46,414.9,9.16,26132
2024-10-08T06:51:00.000Z,16.33,-11.56,415.0,9.16,26200
2024-10-08T06:52:00.000Z,16.35,-11.51,407.2,9.40,25051
2024-10-08T06:53:00.000Z,16.36,-11.21,408.2,8.56,21604
2024-10-08T06:54:00.000Z,16.31,-10.76,407.8,8.55,21995
2024-10-08T06:55:00.000Z,16.29,-11.01,407.4,8.71,22864
2024-10-08T06:56:00.000Z,16.31,-10.55,407.8,9.05,22934
2024-10-08T06:57:00.000Z,16.32,-10.48,407.8,9.05,22934
2024-10-08T06:58:00.000Z,16.20,-11.93,409.1,9.01,27436
2024-10-08T06:59:00.000Z,16.17,-12.49,410.1,9.17,27086
2024-10-08T07:00:00.000Z,16.11,-12.08,412.4,9.67,24124
2024-10-08T07:01:00.000Z,16.09,-12.10,411.4,8.01,27345
2024-10-08T07:02:00.000Z,16.18,-10.97,411.1,9.26,20010
2024-10-08T07:03:00.000Z,16.21,-12.25,411.0,9.84,16611
2024-10-08T07:04:00.000Z,16.21,-12.86,413.3,8.51,22396
2024-10-08T07:05:00.000Z,16.27,-13.11,413.3,8.50,22427
2024-10-08T07:06:00.000Z,16.22,-13.20,409.6,7.90,27321
2024-10-08T07:07:00.000Z,16.25,-13.63,411.7,9.38,27700
2024-10-08T07:08:00.000Z,16.28,-12.74,411.7,9.54,25033
2024-10-08T07:09:00.000Z,16.27,-12.67,411.6,9.49,24321
2024-10-08T07:10:00.000Z,16.25,-12.70,412.1,10.19,20874
2024-10-08T07:11:00.000Z,16.26,-12.57,412.1,10.26,20557
2024-10-08T07:12:00.000Z,16.27,-12.27,412.9,10.37,28296
2024-10-08T07:13:00.000Z,16.26,-11.81,412.4,9.59,27448
2024-10-08T07:14:00.000Z,16.26,-10.64,412.5,8.38,27080
2024-10-08T07:15:00.000Z,16.28,-9.06,420.2,6.36,34569
2024-10-08T07:16:00.000Z,16.30,-8.96,412.8,8.65,24213
2024-10-08T07:17:00.000Z,16.26,-7.61,421.9,4.57,31230
2024-10-08T07:18:00.000Z,16.25,-7.77,421.9,4.57,31230
2024-10-08T07:19:00.000Z,16.23,-8.15,99999.9,999.99,9999999.0
2024-10-08T07:20:00.000Z,16.24,-8.23,411.1,5.46,35666
2024-10-08T07:21:00.000Z,16.33,-8.72,411.1,5.46,35666
2024-10-08T07:22:00.000Z,16.23,-9.00,411.1,5.46,35666
2024-10-08T07:23:00.000Z,16.30,-10.41,414.4,4.52,33582
2024-10-08T07:24:00.000Z,16.24,-10.57,414.4,4.52,33582
2024-10-08T07:25:00.000Z,16.22,-10.54,414.3,5.03,32442
2024-10-08T07:26:00.000Z,16.12,-10.66,413.6,7.92,25949
2024-10-08T07:27:00.000Z,15.99,-9.91,412.5,9.08,27827
2024-10-08T07:28:00.000Z,15.98,-9.79,411.7,9.98,29282
2024-10-08T07:29:00.000Z,15.97,-9.53,411.6,9.48,20735
2024-10-08T07:30:00.000Z,15.95,-9.47,411.6,9.46,20462
2024-10-08T07:31:00.000Z,15.95,-9.79,411.0,9.55,21979
2024-10-08T07:32:00.000Z,15.92,-8.98,411.0,9.54,21944
2024-10-08T07:33:00.000Z,15.85,-8.20,409.4,9.23,20796
2024-10-08T07:34:00.000Z,15.79,-10.25,409.4,9.23,20796
2024-10-08T07:35:00.000Z,16.01,-12.44,416.2,6.02,26225
2024-10-08T07:36:00.000Z,16.20,-12.76,416.2,6.02,26225
2024-10-08T07:37:00.000Z,16.18,-12.20,416.2,6.02,26225
2024-10-08T07:38:00.000Z,16.18,-12.19,407.0,6.74,26610
2024-10-08T07:39:00.000Z,16.28,-11.90,410.2,6.37,24397
2024-10-08T07:40:00.000Z,16.27,-11.27,411.2,6.26,23723
2024-10-08T07:41:00.000Z,16.26,-11.05,99999.9,999.99,9999999.0
2024-10-08T07:42:00.000Z,16.18,-10.75,414.7,6.78,38450
2024-10-08T07:43:00.000Z,16.17,-11.25,414.7,6.78,38450
2024-10-08T07:44:00.000Z,16.13,-12.08,418.2,6.63,32788
2024-10-08T07:45:00.000Z,16.08,-11.13,416.5,6.35,27601
2024-10-08T07:46:00.000Z,16.11,-10.83,413.8,5.93,19406
2024-10-08T07:47:00.000Z,16.09,-8.80,415.7,6.08,19363
2024-10-08T07:48:00.000Z,16.05,-9.46,415.7,6.08,19363
2024-10-08T07:49:00.000Z,16.05,-9.83,415.7,6.08,19363
2024-10-08T07:50:00.000Z,16.09,-9.51,409.6,5.99,25619
2024-10-08T07:51:00.000Z,16.15,-9.71,411.5,6.05,26740
2024-10-08T07:52:00.000Z,16.20,-10.49,413.0,6.04,26166
2024-10-08T07:53:00.000Z,16.22,-10.44,412.9,6.03,25974
2024-10-08T07:54:00.000Z,16.26,-10.63,418.1,6.66,34877
2024-10-08T07:55:00.000Z,16.22,-10.70,417.8,6.65,34688
2024-10-08T07:56:00.000Z,16.21,-10.69,414.5,6.56,32339
2024-10-08T07:57:00.000Z,16.27,-10.92,414.3,6.71,37535
2024-10-08T07:58:00.000Z,16.29,-10.95,413.8,7.02,48249
2024-10-08T07:59:00.000Z,16.32,-11.12,412.6,6.45,35935
2024-10-08T08:00:00.000Z,16.31,-11.15,412.5,6.40,34848
2024-10-08T08:01:00.000Z,16.32,-11.06,411.9,6.20,27629
2024-10-08T08:02:00.000Z,16.32,-10.77,411.9,6.20,27629
2024-10-08T08:03:00.000Z,16.32,-10.37,411.3,6.71,24686
2024-10-08T08:04:00.000Z,16.37,-10.51,411.3,6.71,24686
2024-10-08T08:05:00.000Z,16.39,-10.15,408.5,6.55,26427
2024-10-08T08:06:00.000Z,16.41,-9.94,408.5,6.55,26427
2024-10-08T08:07:00.000Z,16.44,-9.95,406.5,6.25,24760
2024-10-08T08:08:00.000Z,16.43,-9.56,406.8,6.27,24957
2024-10-08T08:09:00.000Z,16.44,-9.50,407.4,6.32,25301
2024-10-08T08:10:00.000Z,16.45,-9.34,407.6,6.70,27500
2024-10-08T08:11:00.000Z,16.58,-9.50,407.6,6.70,27500
2024-10-08T08:12:00.000Z,16.53,-9.01,412.0,5.64,24103
2024-10-08T08:13:00.000Z,16.49,-8.29,409.7,5.72,25383
2024-10-08T08:14:00.000Z,16.44,-8.95,403.3,5.97,30186
2024-10-08T08:15:00.000Z,16.51,-8.99,404.2,6.08,32904
2024-10-08T08:16:00.000Z,16.53,-8.93,410.1,5.58,27089
2024-10-08T08:17:00.000Z,16.46,-7.69,409.9,5.61,27123
2024-10-08T08:18:00.000Z,16.43,-6.81,404.2,6.44,28031
2024-10-08T08:19:00.000Z,16.41,-6.85,404.2,6.61,28630
2024-10-08T08:20:00.000Z,16.42,-7.05,404.5,6.75,29202
2024-10-08T08:21:00.000Z,16.49,-6.14,404.4,6.05,24051
2024-10-08T08:22:00.000Z,16.48,-7.30,404.4,5.99,23647
2024-10-08T08:23:00.000Z,16.44,-6.35,404.5,6.51,23575
2024-10-08T08:24:00.000Z,16.50,-6.55,403.5,6.11,25939
2024-10-08T08:25:00.000Z,16.48,-6.05,403.0,5.90,27165
2024-10-08T08:26:00.000Z,16.52,-4.50,404.0,6.54,32479
2024-10-08T08:27:00.000Z,16.49,-4.84,404.4,6.39,31259
2024-10-08T08:28:00.000Z,16.45,-5.16,407.1,5.43,23473
2024-10-08T08:29:00.000Z,16.33,-5.42,406.5,6.06,28142
2024-10-08T08:30:00.000Z,16.34,-5.12,406.9,5.98,28976
2024-10-08T08:31:00.000Z,16.39,-5.39,407.5,5.64,26135
2024-10-08T08:32:00.000Z,16.43,-5.25,408.2,5.36,23589
2024-10-08T08:33:00.000Z,16.43,-5.59,408.6,5.94,24418
2024-10-08T08:34:00.000Z,16.42,-5.44,408.6,5.94,24418
2024-10-08T08:35:00.000Z,16.40,-5.65,407.6,6.02,24813
2024-10-08T08:36:00.000Z,16.41,-5.82,407.5,6.02,24913
2024-10-08T08:37:00.000Z,16.44,-5.12,410.6,5.80,30345
2024-10-08T08:38:00.000Z,16.44,-5.21,410.7,5.79,30492
2024-10-08T08:39:00.000Z,16.43,-5.15,410.4,5.48,25153
2024-10-08T08:40:00.000Z,16.39,-5.17,410.4,5.48,25153
2024-10-08T08:41:00.000Z,16.38,-5.36,99999.9,999.99,9999999.0
2024-10-08T08:42:00.000Z,16.38,-5.25,402.5,5.71,28279
2024-10-08T08:43:00.000Z,16.40,-4.68,402.5,5.71,28279
2024-10-08T08:44:00.000Z,16.42,-4.64,405.0,5.63,25333
2024-10-08T08:45:00.000Z,16.19,-4.08,405.0,5.63,25326
2024-10-08T08:46:00.000Z,16.14,-3.84,402.8,6.51,26275
2024-10-08T08:47:00.000Z,16.13,-3.73,402.8,6.51,26275
2024-10-08T08:48:00.000Z,16.17,-3.70,402.0,5.99,26226
2024-10-08T08:49:00.000Z,16.14,-3.53,402.0,5.98,26225
2024-10-08T08:50:00.000Z,15.97,-2.24,402.0,5.98,26225
2024-10-08T08:51:00.000Z,15.95,-2.06,99999.9,999.99,9999999.0
2024-10-08T08:52:00.000Z,15.92,-2.05,99999.9,999.99,9999999.0
2024-10-08T08:53:00.000Z,15.91,-2.13,403.0,7.26,22466
2024-10-08T08:54:00.000Z,15.87,-2.85,403.0,7.26,22466
2024-10-08T08:55:00.000Z,15.86,-2.92,99999.9,999.99,9999999.0
2024-10-08T08:56:00.000Z,15.86,-2.83,99999.9,999.99,9999999.0
2024-10-08T08:57:00.000Z,15.73,-1.91,401.6,7.59,23600
2024-10-08T08:58:00.000Z,15.72,-2.09,402.6,7.77,24461
2024-10-08T08:59:00.000Z,15.73,-2.07,402.9,7.90,24951
2024-10-08T09:00:00.000Z,15.73,-2.12,402.3,7.71,25131
2024-10-08T09:01:00.000Z,15.87,-3.35,403.6,7.44,25809
2024-10-08T09:02:00.000Z,15.57,-1.12,407.0,6.52,26664
2024-10-08T09:03:00.000Z,15.08,-1.14,400.4,7.85,26243
2024-10-08T09:04:00.000Z,15.14,-0.66,404.8,7.24,49115
2024-10-08T09:05:00.000Z,14.99,-0.31,406.1,6.71,41303
2024-10-08T09:06:00.000Z,15.10,0.04,406.8,6.49,36048
2024-10-08T09:07:00.000Z,15.31,0.34,403.8,6.66,34131
2024-10-08T09:08:00.000Z,15.27,-1.10,403.7,6.98,44956
2024-10-08T09:09:00.000Z,14.99,-1.89,412.5,7.41,37541
2024-10-08T09:10:00.000Z,15.01,-0.80,410.9,7.17,44187
2024-10-08T09:11:00.000Z,15.19,0.18,409.2,6.18,45350
2024-10-08T09:12:00.000Z,15.12,0.16,405.1,6.48,64452
2024-10-08T09:13:00.000Z,15.12,0.20,401.6,6.21,38417
2024-10-08T09:14:00.000Z,14.96,0.36,400.8,6.51,39020
2024-10-08T09:15:00.000Z,14.70,-1.04,405.2,6.74,45554
2024-10-08T09:16:00.000Z,14.50,-1.61,405.2,6.74,45554
2024-10-08T09:17:00.000Z,14.49,-1.65,99999.9,999.99,9999999.0
2024-10-08T09:18:00.000Z,14.48,-1.79,413.2,7.74,42743
2024-10-08T09:19:00.000Z,14.48,-1.38,413.1,7.64,42013
2024-10-08T09:20:00.000Z,14.48,-2.09,412.1,6.08,29978
2024-10-08T09:21:00.000Z,14.48,-2.03,412.1,6.08,29978
2024-10-08T09:22:00.000Z,14.48,-2.43,99999.9,999.99,9999999.0
2024-10-08T09:23:00.000Z,14.48,-2.18,412.4,7.53,43356
2024-10-08T09:24:00.000Z,14.48,-2.42,412.4,7.53,43356
2024-10-08T09:25:00.000Z,14.49,-2.51,99999.9,999.99,9999999.0
2024-10-08T09:26:00.000Z,14.41,-2.12,99999.9,999.99,9999999.0
2024-10-08T09:27:00.000Z,14.46,-2.36,99999.9,999.99,9999999.0
2024-10-08T09:28:00.000Z,14.55,-1.93,414.1,6.59,41055
2024-10-08T09:29:00.000Z,14.50,-2.15,414.1,6.59,41055
2024-10-08T09:30:00.000Z,14.55,-2.25,417.3,6.89,49452
2024-10-08T09:31:00.000Z,14.54,-2.57,417.3,6.89,49556
2024-10-08T09:32:00.000Z,14.37,-3.20,417.3,6.89,49556
2024-10-08T09:33:00.000Z,14.26,-5.63,429.7,8.33,44399
2024-10-08T09:34:00.000Z,14.20,-9.20,429.7,8.33,44399
2024-10-08T09:35:00.000Z,9999.99,9999.99,429.7,8.33,44399
2024-10-08T09:36:00.000Z,14.20,-8.82,418.5,6.81,49987
2024-10-08T09:37:00.000Z,14.21,-8.77,418.8,6.68,49430
2024-10-08T09:38:00.000Z,14.25,-8.27,419.9,6.73,44789
2024-10-08T09:39:00.000Z,14.25,-8.21,419.9,6.76,44596
2024-10-08T09:40:00.000Z,14.20,-9.68,99999.9,999.99,9999999.0
2024-10-08T09:41:00.000Z,14.22,-9.25,416.2,7.29,50181
2024-10-08T09:42:00.000Z,14.24,-9.23,416.2,7.29,50181
2024-10-08T09:43:00.000Z,14.41,-10.01,416.2,7.29,50181
2024-10-08T09:44:00.000Z,14.54,-7.04,417.0,6.88,46053
2024-10-08T09:45:00.000Z,14.49,-6.88,417.0,6.88,46053
2024-10-08T09:46:00.000Z,14.49,-7.06,99999.9,999.99,9999999.0
2024-10-08T09:47:00.000Z,9999.99,9999.99,99999.9,999.99,9999999.0
2024-10-08T09:48:00.000Z,14.46,-7.24,99999.9,999.99,9999999.0
2024-10-08T09:49:00.000Z,14.40,-7.28,417.6,7.09,46824
2024-10-08T09:50:00.000Z,14.34,-6.95,416.4,7.12,50139
2024-10-08T09:51:00.000Z,14.33,-6.37,414.3,7.18,55723
2024-10-08T09:52:00.000Z,14.29,-5.64,415.7,7.24,47908
2024-10-08T09:53:00.000Z,14.23,-5.34,416.2,7.37,47273
2024-10-08T09:54:00.000Z,14.21,-5.21,417.6,7.59,46464
2024-10-08T09:55:00.000Z,14.20,-4.82,416.9,7.43,46073
2024-10-08T09:56:00.000Z,14.16,-4.61,415.3,7.28,45427
2024-10-08T09:57:00.000Z,14.08,-3.91,413.1,7.48,45189
2024-10-08T09:58:00.000Z,14.09,-4.08,412.5,7.26,45559
2024-10-08T09:59:00.000Z,14.02,-3.72,414.5,7.33,45992
2024-10-08T10:00:00.000Z,13.92,-4.69,417.6,7.52,46421
2024-10-08T10:01:00.000Z,13.92,-4.95,415.0,6.37,31340
2024-10-08T10:02:00.000Z,13.94,-5.17,415.0,6.37,31340
2024-10-08T10:03:00.000Z,13.97,-4.43,415.0,6.37,31340
2024-10-08T10:04:00.000Z,13.97,-4.78,410.4,7.95,48763
2024-10-08T10:05:00.000Z,13.99,-4.68,410.4,7.95,48763
2024-10-08T10:06:00.000Z,13.99,-3.82,411.3,7.99,48271
2024-10-08T10:07:00.000Z,13.97,-3.64,411.3,7.98,48268
2024-10-08T10:08:00.000Z,13.96,-3.14,412.4,7.61,48866
2024-10-08T10:09:00.000Z,13.95,-3.13,413.7,7.67,47203
2024-10-08T10:10:00.000Z,13.93,-2.89,414.5,7.71,46153
2024-10-08T10:11:00.000Z,13.96,-3.02,412.8,7.70,46891
2024-10-08T10:12:00.000Z,14.00,-3.08,413.5,7.76,47138
2024-10-08T10:13:00.000Z,14.05,-2.98,418.3,8.22,48934
2024-10-08T10:14:00.000Z,14.05,-3.41,413.0,8.08,49515
2024-10-08T10:15:00.000Z,14.01,-4.19,411.3,8.04,49664
2024-10-08T10:16:00.000Z,14.03,-2.91,413.3,7.95,46744
2024-10-08T10:17:00.000Z,14.11,-4.37,414.9,8.02,47133
2024-10-08T10:18:00.000Z,14.13,-4.14,415.3,8.04,47313
2024-10-08T10:19:00.000Z,14.09,-4.84,414.6,8.12,51939
2024-10-08T10:20:00.000Z,14.08,-5.28,414.2,8.12,50857
2024-10-08T10:21:00.000Z,14.08,-5.33,412.6,8.10,46824
2024-10-08T10:22:00.000Z,14.08,-5.71,412.6,8.06,46258
2024-10-08T10:23:00.000Z,14.08,-6.11,412.6,8.05,46187
2024-10-08T10:24:00.000Z,14.06,-6.03,412.2,7.79,46053
2024-10-08T10:25:00.000Z,14.07,-5.03,412.7,7.45,39557
2024-10-08T10:26:00.000Z,14.10,-5.76,413.1,7.24,35285
2024-10-08T10:27:00.000Z,14.07,-6.10,413.8,7.76,46589
2024-10-08T10:28:00.000Z,13.96,-6.09,413.9,7.82,46797
2024-10-08T10:29:00.000Z,13.95,-6.17,414.5,8.32,48625
2024-10-08T10:30:00.000Z,13.92,-6.39,414.5,8.29,48201
2024-10-08T10:31:00.000Z,13.80,-6.91,413.9,7.49,35901
2024-10-08T10:32:00.000Z,13.91,-6.21,413.9,7.48,44553
2024-10-08T10:33:00.000Z,14.00,-6.30,413.6,7.56,47073
2024-10-08T10:34:00.000Z,14.00,-6.32,411.6,8.12,49923
2024-10-08T10:35:00.000Z,13.77,-6.53,413.4,8.08,57233
2024-10-08T10:36:00.000Z,13.81,-7.16,413.6,8.08,57953
2024-10-08T10:37:00.000Z,13.73,-7.39,99999.9,999.99,9999999.0
2024-10-08T10:38:00.000Z,13.69,-7.22,99999.9,999.99,9999999.0
2024-10-08T10:39:00.000Z,13.72,-7.35,416.0,8.41,54814
2024-10-08T10:40:00.000Z,13.80,-7.50,416.0,8.41,54814
2024-10-08T10:41:00.000Z,13.81,-7.22,416.9,8.03,49482
2024-10-08T10:42:00.000Z,13.78,-6.80,417.1,7.95,48554
2024-10-08T10:43:00.000Z,13.78,-7.03,417.6,8.13,52116
2024-10-08T10:44:00.000Z,13.82,-6.43,416.3,8.23,53531
2024-10-08T10:45:00.000Z,13.87,-7.37,416.4,8.24,52856
2024-10-08T10:46:00.000Z,13.86,-6.41,419.3,8.11,44137
2024-10-08T10:47:00.000Z,13.89,-6.53,420.3,7.98,54008
2024-10-08T10:48:00.000Z,13.85,-6.98,420.5,7.96,55471
2024-10-08T10:49:00.000Z,13.81,-6.97,420.0,7.96,46321
2024-10-08T10:50:00.000Z,13.78,-7.14,419.3,8.02,46621
2024-10-08T10:51:00.000Z,13.79,-7.15,417.5,8.17,47330
2024-10-08T10:52:00.000Z,13.80,-7.54,419.0,8.32,48799
2024-10-08T10:53:00.000Z,13.83,-6.80,419.2,8.13,46286
2024-10-08T10:54:00.000Z,13.69,-6.43,419.4,7.62,39929
2024-10-08T10:55:00.000Z,13.64,-6.04,418.5,8.20,52258
2024-10-08T10:56:00.000Z,13.63,-6.53,418.5,8.20,52258
2024-10-08T10:57:00.000Z,13.69,-6.34,413.3,7.93,39897
2024-10-08T10:58:00.000Z,13.65,-6.40,413.3,7.93,39897
2024-10-08T10:59:00.000Z,13.64,-6.49,412.9,8.48,52223
2024-10-08T11:00:00.000Z,13.73,-6.75,413.3,8.32,51108
2024-10-08T11:01:00.000Z,13.84,-6.29,415.2,7.54,45587
2024-10-08T11:02:00.000Z,13.74,-5.56,415.7,8.41,61783
2024-10-08T11:03:00.000Z,13.78,-6.15,416.3,8.20,58094
2024-10-08T11:04:00.000Z,13.73,-5.43,417.2,7.84,51939
2024-10-08T11:05:00.000Z,13.83,-6.04,416.2,7.77,49186
2024-10-08T11:06:00.000Z,13.73,-6.29,416.2,7.77,49176
2024-10-08T11:07:00.000Z,13.72,-6.23,413.0,7.99,51620
2024-10-08T11:08:00.000Z,13.82,-6.07,413.8,7.86,50667
2024-10-08T11:09:00.000Z,13.81,-6.24,416.4,7.45,47602
2024-10-08T11:10:00.000Z,13.80,-6.39,417.8,7.46,44786
2024-10-08T11:11:00.000Z,13.78,-6.62,417.8,7.46,44505
2024-10-08T11:12:00.000Z,13.77,-6.78,417.3,7.41,40741
2024-10-08T11:13:00.000Z,13.76,-7.28,417.8,7.48,41576
2024-10-08T11:14:00.000Z,13.76,-7.64,419.7,7.77,45156
2024-10-08T11:15:00.000Z,13.74,-7.73,419.7,7.77,45156
2024-10-08T11:16:00.000Z,13.69,-7.92,420.5,7.81,46622
2024-10-08T11:17:00.000Z,13.65,-7.93,420.5,7.81,46622
2024-10-08T11:18:00.000Z,13.65,-7.99,99999.9,999.99,9999999.0
2024-10-08T11:19:00.000Z,13.62,-7.97,99999.9,999.99,9999999.0
2024-10-08T11:20:00.000Z,13.61,-7.99,420.9,7.64,59461
2024-10-08T11:21:00.000Z,13.57,-6.34,420.9,7.64,59461
2024-10-08T11:22:00.000Z,13.60,-6.01,99999.9,999.99,9999999.0
2024-10-08T11:23:00.000Z,13.61,-5.33,415.7,6.48,33525
2024-10-08T11:24:00.000Z,13.60,-5.52,415.7,6.48,33525
2024-10-08T11:25:00.000Z,13.63,-5.71,99999.9,999.99,9999999.0
2024-10-08T11:26:00.000Z,13.60,-6.31,414.9,7.45,42294
2024-10-08T11:27:00.000Z,13.56,-7.15,414.9,7.45,42294
2024-10-08T11:28:00.000Z,13.62,-6.74,99999.9,999.99,9999999.0
2024-10-08T11:29:00.000Z,13.56,-7.02,412.8,7.46,43033
2024-10-08T11:30:00.000Z,13.58,-7.20,412.8,7.46,43033
2024-10-08T11:31:00.000Z,13.61,-7.62,415.3,7.45,42328
2024-10-08T11:32:00.000Z,13.75,-8.79,415.6,7.46,42655
2024-10-08T11:33:00.000Z,13.60,-7.61,411.9,7.56,47343
2024-10-08T11:34:00.000Z,13.65,-10.53,416.8,7.68,38385
2024-10-08T11:35:00.000Z,13.77,-9.71,417.2,7.69,37631
2024-10-08T11:36:00.000Z,13.67,-5.44,406.9,7.22,48866
2024-10-08T11:37:00.000Z,13.57,-4.68,409.8,7.39,53234
2024-10-08T11:38:00.000Z,13.55,-4.85,415.7,7.74,62301
2024-10-08T11:39:00.000Z,13.46,-5.69,410.2,7.82,62612
2024-10-08T11:40:00.000Z,13.47,-5.24,410.2,7.82,62612
2024-10-08T11:41:00.000Z,13.46,-5.40,412.1,7.88,57676
2024-10-08T11:42:00.000Z,13.35,-5.16,412.2,7.89,57355
2024-10-08T11:43:00.000Z,13.27,-5.34,413.9,8.16,57355
2024-10-08T11:44:00.000Z,13.24,-5.50,413.9,8.16,57355
2024-10-08T11:45:00.000Z,13.26,-5.52,99999.9,999.99,9999999.0
2024-10-08T11:46:00.000Z,13.27,-5.62,99999.9,999.99,9999999.0
2024-10-08T11:47:00.000Z,13.29,-5.77,410.7,8.15,61604
2024-10-08T11:48:00.000Z,13.51,-6.33,410.7,8.15,61604
2024-10-08T11:49:00.000Z,13.50,-6.55,410.7,8.15,61604
2024-10-08T11:50:00.000Z,13.49,-6.40,99999.9,999.99,9999999.0
2024-10-08T11:51:00.000Z,13.42,-6.27,99999.9,999.99,9999999.0
2024-10-08T11:52:00.000Z,13.46,-6.91,408.6,8.61,59993
2024-10-08T11:53:00.000Z,13.64,-7.58,408.5,8.57,59826
2024-10-08T11:54:00.000Z,13.57,-7.10,405.8,7.16,53296
2024-10-08T11:55:00.000Z,13.45,-4.72,405.8,7.16,53295
2024-10-08T11:56:00.000Z,13.36,-6.87,396.4,6.62,44622
2024-10-08T11:57:00.000Z,13.26,-5.58,402.1,7.61,55758
2024-10-08T11:58:00.000Z,13.24,-5.81,412.6,9.74,71347
2024-10-08T11:59:00.000Z,13.27,-6.65,411.4,7.81,54855
2024-10-08T12:00:00.000Z,13.40,-9.89,416.2,7.78,54397
2024-10-08T12:01:00.000Z,13.29,-9.98,415.3,8.41,58799
2024-10-08T12:02:00.000Z,13.19,-9.45,413.9,8.90,62262
2024-10-08T12:03:00.000Z,13.19,-8.44,414.2,8.25,74385
2024-10-08T12:04:00.000Z,13.22,-8.76,414.3,8.15,76417
2024-10-08T12:05:00.000Z,13.15,-7.71,415.2,8.40,70103
2024-10-08T12:06:00.000Z,13.07,-7.01,414.0,8.12,70827
2024-10-08T12:07:00.000Z,13.00,-5.83,413.6,7.95,77366
2024-10-08T12:08:00.000Z,13.02,-5.79,416.3,8.83,92123
2024-10-08T12:09:00.000Z,13.07,-5.88,413.7,8.85,90499
2024-10-08T12:10:00.000Z,13.20,-5.71,409.9,8.47,81265
2024-10-08T12:11:00.000Z,12.76,-1.06,414.4,7.74,84534
2024-10-08T12:12:00.000Z,13.10,-3.84,412.5,7.82,84347
2024-10-08T12:13:00.000Z,12.98,-2.18,401.0,8.34,83190
2024-10-08T12:14:00.000Z,12.97,-1.46,399.6,8.40,83049
2024-10-08T12:15:00.000Z,13.10,-0.56,401.4,8.28,86398
2024-10-08T12:16:00.000Z,12.95,-0.98,397.9,8.54,84794
2024-10-08T12:17:00.000Z,12.49,-1.27,399.3,8.58,86916
2024-10-08T12:18:00.000Z,12.44,-2.23,405.0,8.80,113536
2024-10-08T12:19:00.000Z,12.44,-2.78,405.0,8.80,113536
2024-10-08T12:20:00.000Z,12.41,-2.78,405.0,8.80,113536
2024-10-08T12:21:00.000Z,12.41,-2.54,99999.9,999.99,9999999.0
2024-10-08T12:22:00.000Z,12.47,-3.07,409.2,8.95,119429
2024-10-08T12:23:00.000Z,12.49,-3.80,409.2,8.95,119429
2024-10-08T12:24:00.000Z,12.52,-3.35,99999.9,999.99,9999999.0
2024-10-08T12:25:00.000Z,12.43,-3.27,409.6,8.56,90470
2024-10-08T12:26:00.000Z,12.40,-1.84,409.6,8.56,90470
2024-10-08T12:27:00.000Z,12.41,-2.41,409.6,8.56,90470
2024-10-08T12:28:00.000Z,12.41,-2.13,412.1,11.45,125415
2024-10-08T12:29:00.000Z,12.40,-1.52,412.1,11.45,125415
2024-10-08T12:30:00.000Z,12.39,-2.60,411.9,9.59,113750
2024-10-08T12:31:00.000Z,12.40,-2.72,411.8,8.62,107639
2024-10-08T12:32:00.000Z,12.40,-4.54,417.4,7.15,54861
2024-10-08T12:33:00.000Z,12.37,-5.03,417.7,7.08,52223
2024-10-08T12:34:00.000Z,12.33,-6.90,412.1,8.83,93822
2024-10-08T12:35:00.000Z,12.34,-6.34,412.1,8.83,93822
2024-10-08T12:36:00.000Z,12.16,-6.55,413.2,9.30,121968
2024-10-08T12:37:00.000Z,12.21,-6.99,413.2,9.28,121766
2024-10-08T12:38:00.000Z,12.22,-6.12,414.4,8.55,114903
2024-10-08T12:39:00.000Z,12.13,-4.49,414.3,8.85,124236
2024-10-08T12:40:00.000Z,12.23,-3.38,414.1,9.18,134784
2024-10-08T12:41:00.000Z,12.14,-4.24,417.9,9.36,118630
2024-10-08T12:42:00.000Z,12.23,-4.66,422.2,8.87,110366
2024-10-08T12:43:00.000Z,12.10,-8.40,423.8,8.67,107333
2024-10-08T12:44:00.000Z,12.08,-9.67,99999.9,999.99,9999999.0
2024-10-08T12:45:00.000Z,12.07,-7.26,99999.9,999.99,9999999.0
2024-10-08T12:46:00.000Z,12.04,-6.40,415.6,9.14,117661
2024-10-08T12:47:00.000Z,12.07,-6.31,415.5,9.14,117511
2024-10-08T12:48:00.000Z,12.07,-5.00,412.8,9.04,110102
2024-10-08T12:49:00.000Z,11.94,-5.87,412.8,9.04,110102
2024-10-08T12:50:00.000Z,11.71,-0.93,419.9,9.08,83228
2024-10-08T12:51:00.000Z,11.77,-2.01,419.5,9.28,105740
2024-10-08T12:52:00.000Z,11.73,-2.63,419.2,9.45,127018
2024-10-08T12:53:00.000Z,11.66,-3.82,427.1,9.93,131098
2024-10-08T12:54:00.000Z,11.64,-5.66,427.1,9.93,131098
2024-10-08T12:55:00.000Z,11.75,-6.23,419.2,9.53,120455
2024-10-08T12:56:00.000Z,11.68,-6.23,418.8,9.51,119859
2024-10-08T12:57:00.000Z,11.77,-6.59,422.7,9.69,133723
2024-10-08T12:58:00.000Z,11.71,-4.62,423.0,9.70,134727
2024-10-08T12:59:00.000Z,11.62,0.49,99999.9,999.99,9999999.0
2024-10-08T13:00:00.000Z,11.62,-1.35,423.3,8.06,73015
2024-10-08T13:01:00.000Z,11.63,-1.00,423.3,8.06,73015
2024-10-08T13:02:00.000Z,11.67,-4.69,421.0,8.12,88677
2024-10-08T13:03:00.000Z,11.66,-5.39,420.9,8.12,89164
2024-10-08T13:04:00.000Z,11.66,-5.22,414.9,9.16,90751
2024-10-08T13:05:00.000Z,11.67,-1.58,420.4,9.07,100774
2024-10-08T13:06:00.000Z,11.60,-2.93,427.9,8.95,114639
2024-10-08T13:07:00.000Z,11.59,-3.31,422.2,9.24,113169
2024-10-08T13:08:00.000Z,11.58,-5.23,422.2,9.24,113169
2024-10-08T13:09:00.000Z,9999.99,9999.99,422.2,9.24,113169
2024-10-08T13:10:00.000Z,11.58,-1.45,419.4,8.27,106722
2024-10-08T13:11:00.000Z,11.58,-0.43,419.4,8.27,106722
2024-10-08T13:12:00.000Z,11.63,-3.24,423.6,8.26,101422
2024-10-08T13:13:00.000Z,11.59,-2.39,427.7,8.26,96317
2024-10-08T13:14:00.000Z,11.62,-1.14,422.9,8.84,118430
2024-10-08T13:15:00.000Z,11.59,-1.10,422.1,8.94,122023
2024-10-08T13:16:00.000Z,11.52,-0.54,424.6,10.87,169066
2024-10-08T13:17:00.000Z,11.44,-7.04,424.6,10.91,170009
2024-10-08T13:18:00.000Z,11.27,-5.96,99999.9,999.99,9999999.0
2024-10-08T13:19:00.000Z,11.22,-1.95,99999.9,999.99,9999999.0
2024-10-08T13:20:00.000Z,11.19,1.03,430.8,10.06,151129
2024-10-08T13:21:00.000Z,11.23,1.11,430.8,10.06,151129
2024-10-08T13:22:00.000Z,11.27,1.21,429.2,10.05,145854
2024-10-08T13:23:00.000Z,11.24,-0.20,429.2,10.05,145854
2024-10-08T13:24:00.000Z,11.28,-0.49,421.0,9.59,155086
2024-10-08T13:25:00.000Z,11.28,0.02,421.0,9.59,155086
2024-10-08T13:26:00.000Z,11.28,-1.48,427.1,10.18,138112
2024-10-08T13:27:00.000Z,11.28,-1.87,427.2,10.23,137647
2024-10-08T13:28:00.000Z,11.25,-1.93,426.2,10.59,138233
2024-10-08T13:29:00.000Z,11.23,-0.50,427.2,10.41,133381
2024-10-08T13:30:00.000Z,11.30,0.24,428.3,10.21,127795
2024-10-08T13:31:00.000Z,11.28,0.25,428.3,10.21,127795
2024-10-08T13:32:00.000Z,11.10,1.62,428.3,10.33,102197
2024-10-08T13:33:00.000Z,11.11,2.37,429.8,10.35,109173
2024-10-08T13:34:00.000Z,10.98,-4.70,435.9,10.45,136682
2024-10-08T13:35:00.000Z,10.91,-5.02,414.8,10.80,144878
2024-10-08T13:36:00.000Z,10.80,-7.50,414.7,10.80,144905
2024-10-08T13:37:00.000Z,11.25,-8.95,411.1,9.86,125746
2024-10-08T13:38:00.000Z,11.21,-9.72,411.0,9.85,125677
2024-10-08T13:39:00.000Z,11.05,-8.75,408.4,9.67,123713
2024-10-08T13:40:00.000Z,10.96,-6.82,408.4,9.67,123713
2024-10-08T13:41:00.000Z,10.87,-4.62,406.4,10.08,133588
2024-10-08T13:42:00.000Z,10.84,-3.37,406.6,10.11,134543
2024-10-08T13:43:00.000Z,10.76,-2.01,409.0,10.48,145498
2024-10-08T13:44:00.000Z,10.76,-3.35,408.5,10.75,157471
2024-10-08T13:45:00.000Z,10.77,-1.94,408.4,10.55,147598
2024-10-08T13:46:00.000Z,10.78,-2.46,409.2,10.41,147691
2024-10-08T13:47:00.000Z,10.75,-2.36,411.8,11.22,174626
2024-10-08T13:48:00.000Z,10.75,-1.67,411.1,10.96,156436
2024-10-08T13:49:00.000Z,10.78,-5.18,411.1,10.96,156436
2024-10-08T13:50:00.000Z,10.81,-7.34,433.5,9.75,148300
2024-10-08T13:51:00.000Z,10.89,-7.16,433.5,9.75,148300
2024-10-08T13:52:00.000Z,10.87,-4.46,430.8,10.81,190338
2024-10-08T13:53:00.000Z,10.86,-0.87,422.0,11.06,197070
2024-10-08T13:54:00.000Z,10.86,-3.05,413.3,10.89,183424
2024-10-08T13:55:00.000Z,10.86,-3.34,423.3,9.75,134613
2024-10-08T13:56:00.000Z,10.90,-2.71,422.4,9.67,123713
2024-10-08T13:57:00.000Z,10.96,-0.71,422.4,9.67,123713
2024-10-08T13:58:00.000Z,10.94,-0.25,421.6,9.72,124525
2024-10-08T13:59:00.000Z,11.00,1.34,391.8,11.65,155392
2024-10-08T14:00:00.000Z,11.01,1.12,391.8,11.65,155392
2024-10-08T14:01:00.000Z,10.80,-2.16,418.6,10.87,196082
2024-10-08T14:02:00.000Z,10.81,-4.49,418.2,10.77,187465
2024-10-08T14:03:00.000Z,10.75,-2.99,417.4,10.57,169302
2024-10-08T14:04:00.000Z,10.77,-3.60,415.3,11.94,217147
2024-10-08T14:05:00.000Z,10.76,-4.57,415.3,11.94,217147
2024-10-08T14:06:00.000Z,10.74,-5.87,99999.9,999.99,9999999.0
2024-10-08T14:07:00.000Z,10.72,-2.84,416.0,9.73,153619
2024-10-08T14:08:00.000Z,10.75,-0.36,416.0,9.73,153619
2024-10-08T14:09:00.000Z,10.77,1.83,407.9,9.16,106464
2024-10-08T14:10:00.000Z,10.77,1.82,407.2,9.11,102695
2024-10-08T14:11:00.000Z,10.77,1.68,401.8,9.94,137309
2024-10-08T14:12:00.000Z,10.75,1.32,401.8,9.94,137309
2024-10-08T14:13:00.000Z,10.76,1.67,405.9,9.02,128154
2024-10-08T14:14:00.000Z,10.71,0.70,414.6,9.22,127209
2024-10-08T14:15:00.000Z,10.69,-0.05,425.1,9.58,127184
2024-10-08T14:16:00.000Z,10.68,3.22,414.1,10.72,189931
2024-10-08T14:17:00.000Z,10.74,5.37,414.1,10.72,189931
2024-10-08T14:18:00.000Z,10.76,3.48,418.9,10.62,171362
2024-10-08T14:19:00.000Z,10.72,1.59,422.5,10.54,157175
2024-10-08T14:20:00.000Z,10.73,2.64,425.4,10.08,155536
2024-10-08T14:21:00.000Z,10.74,2.02,425.5,10.06,155453
2024-10-08T14:22:00.000Z,10.71,1.42,425.5,10.06,155453
2024-10-08T14:23:00.000Z,10.69,0.23,418.4,9.71,118249
2024-10-08T14:24:00.000Z,10.70,0.16,418.4,9.71,118249
2024-10-08T14:25:00.000Z,10.70,2.19,418.4,10.39,157855
2024-10-08T14:26:00.000Z,10.80,1.68,418.4,10.39,157855
2024-10-08T14:27:00.000Z,10.75,0.74,99999.9,999.99,9999999.0
2024-10-08T14:28:00.000Z,10.69,3.43,99999.9,999.99,9999999.0
2024-10-08T14:29:00.000Z,10.58,4.15,419.2,9.82,145545
2024-10-08T14:30:00.000Z,10.64,3.27,422.1,9.67,140160
2024-10-08T14:31:00.000Z,10.74,0.14,423.2,9.61,138034
2024-10-08T14:32:00.000Z,11.11,-3.18,404.4,8.73,137021
2024-10-08T14:33:00.000Z,11.12,-5.26,404.6,8.74,136862
2024-10-08T14:34:00.000Z,11.12,-3.98,412.2,9.21,129527
2024-10-08T14:35:00.000Z,11.35,-4.14,415.6,10.77,164359
2024-10-08T14:36:00.000Z,10.80,5.87,416.2,11.09,171809
2024-10-08T14:37:00.000Z,10.87,1.94,99999.9,999.99,9999999.0
2024-10-08T14:38:00.000Z,10.94,-5.16,416.1,10.60,172907
2024-10-08T14:39:00.000Z,10.59,-7.80,416.1,10.60,172907
2024-10-08T14:40:00.000Z,10.46,-7.08,99999.9,999.99,9999999.0
2024-10-08T14:41:00.000Z,10.42,-7.55,99999.9,999.99,9999999.0
2024-10-08T14:42:00.000Z,10.86,-2.47,399.2,9.87,160586
2024-10-08T14:43:00.000Z,10.83,-0.79,392.8,10.43,153809
2024-10-08T14:44:00.000Z,10.97,-3.67,394.9,9.42,131816
2024-10-08T14:45:00.000Z,11.27,-5.69,395.7,9.95,146566
2024-10-08T14:46:00.000Z,11.13,-2.91,414.6,10.14,157840
2024-10-08T14:47:00.000Z,11.48,-5.59,419.4,9.08,117111
2024-10-08T14:48:00.000Z,11.36,-5.31,420.5,8.17,91607
2024-10-08T14:49:00.000Z,11.29,-5.71,423.8,8.64,82224
2024-10-08T14:50:00.000Z,11.23,-6.20,431.1,9.98,67007
2024-10-08T14:51:00.000Z,11.23,-6.24,428.1,9.81,130086
2024-10-08T14:52:00.000Z,11.22,-6.00,428.1,9.81,130086
2024-10-08T14:53:00.000Z,11.20,-5.89,428.1,9.81,130086
2024-10-08T14:54:00.000Z,11.25,-6.01,428.6,9.66,133531
2024-10-08T14:55:00.000Z,11.31,-6.18,428.6,9.66,133531
2024-10-08T14:56:00.000Z,11.15,-6.58,428.4,9.77,131091
2024-10-08T14:57:00.000Z,11.25,-7.36,428.2,9.91,127740
2024-10-08T14:58:00.000Z,10.77,-2.68,430.6,11.69,162411
2024-10-08T14:59:00.000Z,10.67,-1.80,430.8,11.85,165485
2024-10-08T15:00:00.000Z,10.56,-0.97,429.7,11.12,149862
2024-10-08T15:01:00.000Z,10.44,-0.66,429.7,11.12,149858
2024-10-08T15:02:00.000Z,10.42,-1.78,439.7,13.41,109557
2024-10-08T15:03:00.000Z,10.52,-0.80,439.7,13.41,109535
2024-10-08T15:04:00.000Z,10.57,3.33,409.1,10.48,130387
2024-10-08T15:05:00.000Z,10.78,5.46,421.0,10.28,138779
2024-10-08T15:06:00.000Z,10.86,7.00,425.3,10.21,141842
2024-10-08T15:07:00.000Z,10.61,6.50,427.5,10.31,141592
2024-10-08T15:08:00.000Z,10.37,-0.37,432.2,10.50,146377
2024-10-08T15:09:00.000Z,10.56,-3.42,443.5,10.98,160112
2024-10-08T15:10:00.000Z,10.37,0.35,446.7,7.99,79981
2024-10-08T15:11:00.000Z,10.16,1.46,446.7,7.98,79632
2024-10-08T15:12:00.000Z,10.14,2.24,436.8,9.72,138870
2024-10-08T15:13:00.000Z,10.25,2.77,436.8,9.72,138870
2024-10-08T15:14:00.000Z,10.16,7.70,436.8,9.72,138870
2024-10-08T15:15:00.000Z,10.35,2.56,434.8,9.93,140624
2024-10-08T15:16:00.000Z,10.43,0.34,427.5,9.48,126599
2024-10-08T15:17:00.000Z,10.49,5.63,422.3,9.17,116702
2024-10-08T15:18:00.000Z,10.47,6.26,99999.9,999.99,9999999.0
2024-10-08T15:19:00.000Z,10.44,7.23,439.9,9.31,132340
2024-10-08T15:20:00.000Z,10.36,7.62,439.9,9.31,132340
2024-10-08T15:21:00.000Z,10.12,7.43,99999.9,999.99,9999999.0
2024-10-08T15:22:00.000Z,9.95,0.65,99999.9,999.99,9999999.0
2024-10-08T15:23:00.000Z,10.14,-2.25,425.2,9.32,144136
2024-10-08T15:24:00.000Z,10.38,-5.92,429.9,9.33,138412
2024-10-08T15:25:00.000Z,10.49,-4.88,432.4,9.34,135290
2024-10-08T15:26:00.000Z,10.55,-3.77,99999.9,999.99,9999999.0
2024-10-08T15:27:00.000Z,10.68,-5.08,99999.9,999.99,9999999.0
2024-10-08T15:28:00.000Z,10.63,-4.98,428.7,9.41,130086
2024-10-08T15:29:00.000Z,10.63,-4.87,428.7,9.41,130086
2024-10-08T15:30:00.000Z,10.65,-5.58,428.7,9.41,130086
2024-10-08T15:31:00.000Z,10.60,-5.02,414.6,11.20,188848
2024-10-08T15:32:00.000Z,10.69,-5.21,414.6,11.20,188848
2024-10-08T15:33:00.000Z,10.90,-4.68,422.8,9.16,126349
2024-10-08T15:34:00.000Z,11.02,-1.87,426.5,9.33,125197
2024-10-08T15:35:00.000Z,11.22,2.53,437.5,9.90,141149
2024-10-08T15:36:00.000Z,11.14,1.83,432.8,9.98,141271
2024-10-08T15:37:00.000Z,11.12,1.49,431.7,8.58,111534
2024-10-08T15:38:00.000Z,10.73,-2.22,433.3,7.45,89439
2024-10-08T15:39:00.000Z,10.79,-1.37,428.6,9.45,159093
2024-10-08T15:40:00.000Z,11.24,-2.96,427.5,9.45,157837
2024-10-08T15:41:00.000Z,11.27,-5.63,426.8,9.84,168140
2024-10-08T15:42:00.000Z,10.67,-7.87,433.0,11.04,210215
2024-10-08T15:43:00.000Z,10.65,-8.47,434.3,10.66,174463
2024-10-08T15:44:00.000Z,9.89,-5.33,434.3,10.66,174463
2024-10-08T15:45:00.000Z,9.81,-5.80,427.0,10.99,178384
2024-10-08T15:46:00.000Z,9.66,1.45,427.0,10.99,178384
2024-10-08T15:47:00.000Z,10.02,-0.35,429.0,9.85,184613
2024-10-08T15:48:00.000Z,10.28,5.38,429.0,9.86,184516
2024-10-08T15:49:00.000Z,10.64,9.82,430.4,10.10,169688
2024-10-08T15:50:00.000Z,10.82,10.38,434.1,9.31,139244
2024-10-08T15:51:00.000Z,10.73,10.37,435.0,9.13,132227
2024-10-08T15:52:00.000Z,10.61,9.84,99999.9,999.99,9999999.0
2024-10-08T15:53:00.000Z,10.64,9.65,99999.9,999.99,9999999.0
2024-10-08T15:54:00.000Z,10.67,9.98,436.9,9.79,157546
2024-10-08T15:55:00.000Z,10.60,7.22,436.9,9.79,157546
2024-10-08T15:56:00.000Z,10.51,5.93,434.8,9.27,156744
2024-10-08T15:57:00.000Z,10.42,6.93,437.0,9.53,166087
2024-10-08T15:58:00.000Z,10.41,7.45,439.2,9.81,175504
2024-10-08T15:59:00.000Z,10.42,7.29,436.6,9.04,137713
2024-10-08T16:00:00.000Z,10.47,8.51,439.2,9.26,138598
2024-10-08T16:01:00.000Z,10.62,9.13,440.7,9.38,139102
2024-10-08T16:02:00.000Z,10.65,9.19,443.0,7.77,111345
2024-10-08T16:03:00.000Z,10.69,9.05,443.0,7.77,111345
2024-10-08T16:04:00.000Z,10.49,7.22,436.3,8.21,126630
2024-10-08T16:05:00.000Z,10.50,3.37,436.3,8.21,126630
2024-10-08T16:06:00.000Z,10.10,5.16,433.6,8.72,155325
2024-10-08T16:07:00.000Z,9.62,7.66,434.2,8.93,159022
2024-10-08T16:08:00.000Z,10.12,8.15,439.1,10.57,187499
2024-10-08T16:09:00.000Z,10.20,7.08,440.9,9.96,163577
2024-10-08T16:10:00.000Z,10.09,5.89,442.0,9.33,191701
2024-10-08T16:11:00.000Z,10.27,5.40,441.9,8.86,212531
2024-10-08T16:12:00.000Z,9.88,4.40,437.4,8.56,170522
2024-10-08T16:13:00.000Z,9.32,3.86,438.6,9.03,183226
2024-10-08T16:14:00.000Z,8.89,4.13,439.2,9.18,190088
2024-10-08T16:15:00.000Z,9.00,4.66,441.8,8.95,215189
2024-10-08T16:16:00.000Z,9.01,5.17,439.3,9.01,217872
2024-10-08T16:17:00.000Z,9.36,3.77,435.9,9.10,221372
2024-10-08T16:18:00.000Z,9.08,-1.98,436.1,8.98,222512
2024-10-08T16:19:00.000Z,9.17,-8.55,436.6,8.73,224973
2024-10-08T16:20:00.000Z,9.07,-8.48,427.9,7.96,214317
2024-10-08T16:21:00.000Z,9.27,-8.44,426.9,7.87,213107
2024-10-08T16:22:00.000Z,9.59,-9.08,427.3,7.72,202471
2024-10-08T16:23:00.000Z,9.71,-9.32,427.0,7.77,204279
2024-10-08T16:24:00.000Z,9.32,-7.55,423.3,8.52,230616
2024-10-08T16:25:00.000Z,9.13,-6.30,429.6,8.53,267181
2024-10-08T16:26:00.000Z,9.82,-9.53,430.5,8.33,262658
2024-10-08T16:27:00.000Z,10.46,-10.39,429.6,7.44,213610
2024-10-08T16:28:00.000Z,10.48,-10.43,428.3,7.55,211072
2024-10-08T16:29:00.000Z,10.69,-10.63,428.2,7.56,210887
2024-10-08T16:30:00.000Z,10.56,-10.47,428.2,7.60,217800
2024-10-08T16:31:00.000Z,10.35,-10.20,428.7,7.60,220268
2024-10-08T16:32:00.000Z,9.62,-8.96,430.3,7.61,228306
2024-10-08T16:33:00.000Z,8.68,-5.32,433.9,7.69,232773
2024-10-08T16:34:00.000Z,8.71,-2.83,434.3,7.70,233313
2024-10-08T16:35:00.000Z,9.46,-3.57,425.7,7.41,291726
2024-10-08T16:36:00.000Z,10.58,-5.77,425.9,7.39,289030
2024-10-08T16:37:00.000Z,10.85,-6.62,431.7,6.40,210326
2024-10-08T16:38:00.000Z,10.91,-7.05,432.7,6.40,222808
2024-10-08T16:39:00.000Z,10.78,-7.44,432.7,6.51,237691
2024-10-08T16:40:00.000Z,10.73,-8.19,429.8,6.36,222555
2024-10-08T16:41:00.000Z,10.59,-8.30,429.8,6.36,222471
2024-10-08T16:42:00.000Z,9.85,4.27,431.8,8.48,261227
2024-10-08T16:43:00.000Z,10.27,6.78,434.2,7.54,216035
2024-10-08T16:44:00.000Z,10.17,8.05,439.2,6.37,159960
2024-10-08T16:45:00.000Z,10.44,8.87,444.9,7.73,228901
2024-10-08T16:46:00.000Z,10.62,8.18,444.9,7.88,234866
2024-10-08T16:47:00.000Z,10.75,8.21,444.9,7.88,235044
2024-10-08T16:48:00.000Z,10.78,7.44,449.1,7.43,220933
2024-10-08T16:49:00.000Z,10.80,7.52,449.1,7.43,220933
2024-10-08T16:50:00.000Z,10.87,6.86,440.5,7.17,211747
2024-10-08T16:51:00.000Z,11.21,6.43,439.5,6.96,219646
2024-10-08T16:52:00.000Z,10.65,4.77,441.3,6.38,254277
2024-10-08T16:53:00.000Z,10.16,3.69,450.6,7.63,197485
2024-10-08T16:54:00.000Z,10.27,3.76,451.6,7.76,191494
2024-10-08T16:55:00.000Z,10.28,5.22,451.8,7.95,229795
2024-10-08T16:56:00.000Z,10.20,6.06,451.0,8.04,234067
2024-10-08T16:57:00.000Z,10.25,4.69,442.3,8.73,264433
2024-10-08T16:58:00.000Z,10.29,4.54,442.5,8.22,231918
2024-10-08T16:59:00.000Z,10.32,3.21,442.9,8.14,234414
2024-10-08T17:00:00.000Z,10.38,3.74,441.4,8.04,235403
2024-10-08T17:01:00.000Z,10.34,3.48,441.2,8.04,235497
2024-10-08T17:02:00.000Z,10.34,3.49,99999.9,999.99,9999999.0
2024-10-08T17:03:00.000Z,10.28,3.40,99999.9,999.99,9999999.0
2024-10-08T17:04:00.000Z,9999.99,9999.99,99999.9,999.99,9999999.0
2024-10-08T17:05:00.000Z,10.22,3.28,442.9,8.43,253024
2024-10-08T17:06:00.000Z,10.09,2.51,442.9,8.43,253024
2024-10-08T17:07:00.000Z,10.33,2.04,443.0,7.97,244815
2024-10-08T17:08:00.000Z,10.03,2.16,446.1,7.87,243571
2024-10-08T17:09:00.000Z,10.11,1.95,449.8,7.85,243797
2024-10-08T17:10:00.000Z,10.09,1.88,438.5,7.99,237161
2024-10-08T17:11:00.000Z,10.12,1.79,438.5,7.99,237161
2024-10-08T17:12:00.000Z,10.04,1.41,438.5,7.99,237161
2024-10-08T17:13:00.000Z,10.05,1.38,440.2,8.32,259481
2024-10-08T17:14:00.000Z,10.06,1.17,440.0,8.36,260285
2024-10-08T17:15:00.000Z,10.03,0.82,439.2,8.52,262370
2024-10-08T17:16:00.000Z,10.33,0.37,438.5,8.70,257664
2024-10-08T17:17:00.000Z,10.19,-0.04,443.5,8.26,245461
2024-10-08T17:18:00.000Z,10.42,-0.38,444.7,8.10,238121
2024-10-08T17:19:00.000Z,10.44,-0.49,443.6,7.99,239008
2024-10-08T17:20:00.000Z,10.59,-0.43,442.7,7.96,240964
2024-10-08T17:21:00.000Z,10.51,-0.55,442.7,7.96,240964
2024-10-08T17:22:00.000Z,10.38,-0.19,99999.9,999.99,9999999.0
2024-10-08T17:23:00.000Z,10.39,-0.36,440.4,7.99,295350
2024-10-08T17:24:00.000Z,10.72,-1.64,440.4,7.99,295350
2024-10-08T17:25:00.000Z,11.01,-4.03,441.4,5.95,251988
2024-10-08T17:26:00.000Z,11.08,-4.82,441.5,5.85,249903
2024-10-08T17:27:00.000Z,10.84,-4.88,440.0,6.38,250422
2024-10-08T17:28:00.000Z,10.63,-5.55,439.8,6.41,249756
2024-10-08T17:29:00.000Z,10.39,-1.83,436.7,6.60,220641
2024-10-08T17:30:00.000Z,10.44,-1.25,437.8,6.29,222213
2024-10-08T17:31:00.000Z,10.37,-2.27,438.2,6.17,222838
2024-10-08T17:32:00.000Z,11.01,-6.62,439.6,5.23,204858
2024-10-08T17:33:00.000Z,11.07,-5.96,439.6,5.23,204858
2024-10-08T17:34:00.000Z,11.09,-6.40,439.6,5.23,204858
2024-10-08T17:35:00.000Z,11.19,-7.14,433.4,5.00,230317
2024-10-08T17:36:00.000Z,10.35,-6.82,433.1,5.51,218885
2024-10-08T17:37:00.000Z,10.13,-6.77,432.8,5.92,209816
2024-10-08T17:38:00.000Z,10.10,-6.05,428.5,6.71,249282
2024-10-08T17:39:00.000Z,10.17,-6.38,428.5,6.71,249282
2024-10-08T17:40:00.000Z,10.31,-6.92,425.5,6.06,221656
2024-10-08T17:41:00.000Z,10.23,-7.36,430.7,6.12,220414
2024-10-08T17:42:00.000Z,10.28,-7.25,434.7,6.21,223214
2024-10-08T17:43:00.000Z,10.37,-7.23,434.5,6.69,264257
2024-10-08T17:44:00.000Z,10.43,-7.12,434.5,6.69,264257
2024-10-08T17:45:00.000Z,9.84,-7.51,426.7,5.69,176222
2024-10-08T17:46:00.000Z,9.74,-8.07,426.4,5.74,179878
2024-10-08T17:47:00.000Z,9.85,-8.48,420.8,6.78,259269
2024-10-08T17:48:00.000Z,9.83,-8.65,420.8,6.99,276335
2024-10-08T17:49:00.000Z,9.92,-8.84,421.1,6.97,275490
2024-10-08T17:50:00.000Z,9.77,-8.67,422.9,7.03,281235
2024-10-08T17:51:00.000Z,9.25,-5.25,422.9,7.03,281235
2024-10-08T17:52:00.000Z,9.33,-5.84,99999.9,999.99,9999999.0
2024-10-08T17:53:00.000Z,9.46,1.86,432.1,7.21,267385
2024-10-08T17:54:00.000Z,9.66,-2.63,432.1,7.12,262078
2024-10-08T17:55:00.000Z,9.49,-7.87,432.8,5.77,184546
2024-10-08T17:56:00.000Z,9.81,-7.78,428.2,6.27,199297
2024-10-08T17:57:00.000Z,9.81,-7.25,425.5,6.57,207967
2024-10-08T17:58:00.000Z,9.90,-7.82,434.9,6.93,218856
2024-10-08T17:59:00.000Z,9.85,-7.28,434.9,6.93,218890
2024-10-08T18:00:00.000Z,10.05,-8.15,416.3,7.13,240964
2024-10-08T18:01:00.000Z,9.89,-8.70,416.1,7.14,241847
2024-10-08T18:02:00.000Z,9.88,-8.58,411.1,7.39,261111
2024-10-08T18:03:00.000Z,9.93,-8.20,410.2,6.71,187885
2024-10-08T18:04:00.000Z,10.01,-8.27,410.1,6.63,179832
2024-10-08T18:05:00.000Z,9.97,-8.17,406.9,6.82,221299
2024-10-08T18:06:00.000Z,9.93,-7.13,417.0,7.18,253787
2024-10-08T18:07:00.000Z,10.09,-6.82,420.2,7.30,264097
2024-10-08T18:08:00.000Z,10.00,-6.29,99999.9,999.99,9999999.0
2024-10-08T18:09:00.000Z,9.77,-6.51,420.0,6.46,173231
2024-10-08T18:10:00.000Z,9.79,-4.80,420.0,6.46,173231
2024-10-08T18:11:00.000Z,9.68,-3.81,446.1,6.20,217945
2024-10-08T18:12:00.000Z,9.80,-6.03,445.3,6.26,219207
2024-10-08T18:13:00.000Z,10.10,-6.58,430.6,7.51,264353
2024-10-08T18:14:00.000Z,10.33,-8.36,428.7,7.98,318356
2024-10-08T18:15:00.000Z,10.38,-8.77,427.9,7.44,272373
2024-10-08T18:16:00.000Z,10.34,-8.78,99999.9,999.99,9999999.0
2024-10-08T18:17:00.000Z,10.28,-8.70,416.8,7.26,234291
2024-10-08T18:18:00.000Z,10.35,-8.49,416.8,7.26,234291
2024-10-08T18:19:00.000Z,10.37,-8.26,99999.9,999.99,9999999.0
2024-10-08T18:20:00.000Z,10.39,-7.85,99999.9,999.99,9999999.0
2024-10-08T18:21:00.000Z,10.42,-8.67,99999.9,999.99,9999999.0
2024-10-08T18:22:00.000Z,10.47,-9.20,99999.9,999.99,9999999.0
2024-10-08T18:23:00.000Z,10.42,-8.71,415.6,6.58,201003
2024-10-08T18:24:00.000Z,10.43,-8.69,415.6,6.58,201003
2024-10-08T18:25:00.000Z,10.34,-8.73,415.6,6.58,201003
2024-10-08T18:26:00.000Z,10.14,-8.32,99999.9,999.99,9999999.0
2024-10-08T18:27:00.000Z,10.03,-7.97,99999.9,999.99,9999999.0
2024-10-08T18:28:00.000Z,10.02,-6.91,99999.9,999.99,9999999.0
2024-10-08T18:29:00.000Z,10.14,-7.89,99999.9,999.99,9999999.0
2024-10-08T18:30:00.000Z,10.33,-6.83,409.0,7.74,267783
2024-10-08T18:31:00.000Z,10.29,-4.04,404.9,7.59,251204
2024-10-08T18:32:00.000Z,10.31,-4.16,405.0,7.05,216619
2024-10-08T18:33:00.000Z,10.32,-3.66,407.5,6.92,229820
2024-10-08T18:34:00.000Z,10.36,-2.74,416.5,7.87,302658
2024-10-08T18:35:00.000Z,10.25,-3.36,411.6,7.46,269470
2024-10-08T18:36:00.000Z,10.36,-2.46,418.9,7.09,264002
2024-10-08T18:37:00.000Z,10.42,-2.59,418.6,7.03,236193
2024-10-08T18:38:00.000Z,10.34,-2.43,421.3,6.48,228772
2024-10-08T18:39:00.000Z,10.26,1.63,418.4,7.19,230765
2024-10-08T18:40:00.000Z,10.38,-0.13,418.4,7.19,230765
2024-10-08T18:41:00.000Z,9.99,1.51,430.1,7.53,220590
2024-10-08T18:42:00.000Z,10.09,0.98,428.4,7.57,229526
2024-10-08T18:43:00.000Z,10.02,0.97,418.9,7.12,222838
2024-10-08T18:44:00.000Z,9.90,-0.08,428.1,7.07,211929
2024-10-08T18:45:00.000Z,9.51,-3.35,425.2,7.22,226979
2024-10-08T18:46:00.000Z,9.38,-4.25,427.8,6.86,230130
2024-10-08T18:47:00.000Z,8.84,-7.09,428.3,6.83,229496
2024-10-08T18:48:00.000Z,8.81,-6.79,428.3,6.83,229496
2024-10-08T18:49:00.000Z,9.01,-6.68,416.2,7.95,286123
2024-10-08T18:50:00.000Z,9.20,-7.07,416.2,7.95,286123
2024-10-08T18:51:00.000Z,9.69,-8.08,99999.9,999.99,9999999.0
2024-10-08T18:52:00.000Z,9.55,-8.03,416.9,7.30,282491
2024-10-08T18:53:00.000Z,9.12,-6.91,425.6,6.73,245283
2024-10-08T18:54:00.000Z,9.43,-8.22,430.3,6.33,229301
2024-10-08T18:55:00.000Z,9.45,-7.35,425.9,6.41,234517
2024-10-08T18:56:00.000Z,9.96,-7.38,425.9,6.41,234517
2024-10-08T18:57:00.000Z,9.76,-8.05,426.0,6.44,236247
2024-10-08T18:58:00.000Z,9.94,-7.84,426.3,6.50,239363
2024-10-08T18:59:00.000Z,10.39,-7.93,426.5,5.65,201875
2024-10-08T19:00:00.000Z,10.35,-8.06,427.7,5.70,207254
2024-10-08T19:01:00.000Z,10.08,-7.91,430.9,5.90,224122
2024-10-08T19:02:00.000Z,10.14,-9.77,437.6,6.50,214967
2024-10-08T19:03:00.000Z,10.18,-9.95,437.8,6.52,214689
2024-10-08T19:04:00.000Z,10.51,-10.13,431.6,6.95,218963
2024-10-08T19:05:00.000Z,10.42,-10.20,434.2,6.79,204138
2024-10-08T19:06:00.000Z,10.45,-10.24,435.7,6.71,195600
2024-10-08T19:07:00.000Z,10.42,-10.15,432.2,6.70,193815
2024-10-08T19:08:00.000Z,10.38,-10.16,431.1,6.91,212277
2024-10-08T19:09:00.000Z,10.34,-10.20,430.0,7.12,230332
2024-10-08T19:10:00.000Z,10.30,-10.18,433.8,6.27,234065
2024-10-08T19:11:00.000Z,10.23,-10.00,433.8,6.27,234058
2024-10-08T19:12:00.000Z,9.93,-9.34,429.1,6.53,229869
2024-10-08T19:13:00.000Z,10.18,-6.21,429.1,6.53,229869
2024-10-08T19:14:00.000Z,9.93,-4.82,99999.9,999.99,9999999.0
2024-10-08T19:15:00.000Z,9.37,-4.52,99999.9,999.99,9999999.0
2024-10-08T19:16:00.000Z,9.32,-5.14,427.4,5.85,170715
2024-10-08T19:17:00.000Z,9.54,-5.16,427.8,6.55,217952
2024-10-08T19:18:00.000Z,9.25,-4.37,428.1,6.96,245413
2024-10-08T19:19:00.000Z,8.98,1.37,425.9,7.51,245722
2024-10-08T19:20:00.000Z,8.96,3.69,425.9,7.51,245722
2024-10-08T19:21:00.000Z,9.19,5.16,425.9,7.51,245722
2024-10-08T19:22:00.000Z,9.37,3.95,424.6,7.88,241422
2024-10-08T19:23:00.000Z,9.08,2.19,424.6,7.88,241422
2024-10-08T19:24:00.000Z,8.31,-0.99,417.2,8.29,208110
2024-10-08T19:25:00.000Z,7.82,-3.17,416.7,8.32,205703
2024-10-08T19:26:00.000Z,7.54,-2.95,419.0,8.05,219141
2024-10-08T19:27:00.000Z,8.06,-1.19,421.1,7.78,231812
2024-10-08T19:28:00.000Z,8.14,-1.54,416.4,8.04,242449
2024-10-08T19:29:00.000Z,10.61,-9.04,414.7,8.04,253134
2024-10-08T19:30:00.000Z,10.53,-9.26,424.5,7.08,263160
2024-10-08T19:31:00.000Z,10.44,-9.08,424.9,7.04,263618
2024-10-08T19:32:00.000Z,10.24,-8.87,99999.9,999.99,9999999.0
2024-10-08T19:33:00.000Z,9999.99,9999.99,99999.9,999.99,9999999.0
2024-10-08T19:34:00.000Z,9.99,-9.06,99999.9,999.99,9999999.0
2024-10-08T19:35:00.000Z,9.58,-8.71,99999.9,999.99,9999999.0
2024-10-08T19:36:00.000Z,9.75,-8.13,431.4,6.33,159753
2024-10-08T19:37:00.000Z,9.57,-7.19,430.5,6.48,165907
2024-10-08T19:38:00.000Z,9.33,-5.22,431.3,7.00,210857
2024-10-08T19:39:00.000Z,9.57,-7.99,431.7,6.82,209663
2024-10-08T19:40:00.000Z,9.44,-8.09,432.3,6.52,206319
2024-10-08T19:41:00.000Z,9.26,-7.59,430.3,6.55,201073
2024-10-08T19:42:00.000Z,8.99,1.64,430.3,6.55,201073
2024-10-08T19:43:00.000Z,9.36,1.03,430.3,6.55,201073
2024-10-08T19:44:00.000Z,9.17,3.27,99999.9,999.99,9999999.0
2024-10-08T19:45:00.000Z,9.54,4.79,446.9,8.36,170009
2024-10-08T19:46:00.000Z,9.39,4.78,446.8,8.38,170265
2024-10-08T19:47:00.000Z,9.11,5.64,445.3,8.86,175179
2024-10-08T19:48:00.000Z,10.30,2.59,445.3,8.86,175179
2024-10-08T19:49:00.000Z,9.63,5.72,99999.9,999.99,9999999.0
2024-10-08T19:50:00.000Z,9.69,5.76,99999.9,999.99,9999999.0
2024-10-08T19:51:00.000Z,9.95,5.33,99999.9,999.99,9999999.0
2024-10-08T19:52:00.000Z,9.82,5.42,449.8,8.36,171230
2024-10-08T19:53:00.000Z,9.73,6.21,449.8,8.36,171230
2024-10-08T19:54:00.000Z,9999.99,9999.99,99999.9,999.99,9999999.0
2024-10-08T19:55:00.000Z,10.38,3.42,99999.9,999.99,9999999.0
2024-10-08T19:56:00.000Z,10.40,3.95,451.1,7.69,170586
2024-10-08T19:57:00.000Z,10.15,5.93,452.0,8.18,161522
2024-10-08T19:58:00.000Z,10.20,6.89,449.0,8.62,149176
2024-10-08T19:59:00.000Z,10.48,6.29,456.4,10.24,154196
2024-10-08T20:00:00.000Z,10.70,5.62,458.7,9.84,155760
2024-10-08T20:01:00.000Z,10.58,5.34,458.0,8.74,168156
2024-10-08T20:02:00.000Z,10.58,5.13,459.8,7.99,189414
2024-10-08T20:03:00.000Z,10.76,4.84,460.5,8.06,192175
2024-10-08T20:04:00.000Z,10.66,4.38,460.5,8.06,192175
2024-10-08T20:05:00.000Z,10.50,2.63,461.6,7.83,150871
2024-10-08T20:06:00.000Z,10.35,3.66,461.9,8.43,141241
2024-10-08T20:07:00.000Z,10.46,1.72,450.6,8.20,194021
2024-10-08T20:08:00.000Z,10.34,3.57,450.6,8.20,194021
2024-10-08T20:09:00.000Z,10.21,3.33,450.6,8.20,194021
2024-10-08T20:10:00.000Z,9.97,4.58,99999.9,999.99,9999999.0
2024-10-08T20:11:00.000Z,10.12,4.75,456.6,9.41,137540
2024-10-08T20:12:00.000Z,10.08,3.23,456.6,9.41,137540
2024-10-08T20:13:00.000Z,10.10,2.23,456.6,9.41,137540
2024-10-08T20:14:00.000Z,10.03,1.94,467.2,9.11,119214
2024-10-08T20:15:00.000Z,9.97,2.81,461.5,8.75,133946
2024-10-08T20:16:00.000Z,9.93,4.32,456.4,8.64,146467
2024-10-08T20:17:00.000Z,9.89,3.25,464.0,9.33,126409
2024-10-08T20:18:00.000Z,9.93,5.52,461.5,9.02,137086
2024-10-08T20:19:00.000Z,9.89,3.88,462.0,9.21,134462
2024-10-08T20:20:00.000Z,9.77,4.09,463.5,9.33,146242
2024-10-08T20:21:00.000Z,9.90,5.51,462.9,9.53,151587
2024-10-08T20:22:00.000Z,9.66,3.78,459.1,9.12,140258
2024-10-08T20:23:00.000Z,9.78,3.51,448.9,7.48,171619
2024-10-08T20:24:00.000Z,9.65,4.46,459.7,8.35,136753
2024-10-08T20:25:00.000Z,9.73,3.37,462.0,7.88,99179
2024-10-08T20:26:00.000Z,9.86,7.23,466.5,6.37,57681
2024-10-08T20:27:00.000Z,9.70,7.57,99999.9,999.99,9999999.0
2024-10-08T20:28:00.000Z,9.60,8.00,453.8,9.11,144727
2024-10-08T20:29:00.000Z,9.92,6.79,453.8,9.11,144727
2024-10-08T20:30:00.000Z,10.02,6.89,99999.9,999.99,9999999.0
2024-10-08T20:31:00.000Z,10.04,6.80,459.8,8.58,123549
2024-10-08T20:32:00.000Z,9.97,6.73,459.8,8.58,123549
2024-10-08T20:33:00.000Z,10.14,6.63,99999.9,999.99,9999999.0
2024-10-08T20:34:00.000Z,10.15,6.65,455.4,6.83,76245
2024-10-08T20:35:00.000Z,9.80,7.30,455.4,6.83,76245
2024-10-08T20:36:00.000Z,9.80,5.25,455.4,6.83,76245
2024-10-08T20:37:00.000Z,9.80,6.71,99999.9,999.99,9999999.0
2024-10-08T20:38:00.000Z,9.78,6.76,456.8,8.87,163844
2024-10-08T20:39:00.000Z,9.88,6.71,456.8,8.87,163844
2024-10-08T20:40:00.000Z,10.03,7.08,99999.9,999.99,9999999.0
2024-10-08T20:41:00.000Z,9.98,7.46,99999.9,999.99,9999999.0
2024-10-08T20:42:00.000Z,10.12,7.48,454.2,9.06,157299
2024-10-08T20:43:00.000Z,9.89,5.83,454.2,9.06,157299
2024-10-08T20:44:00.000Z,9.85,5.42,457.9,9.23,156559
2024-10-08T20:45:00.000Z,10.09,6.36,457.9,9.23,156559
2024-10-08T20:46:00.000Z,10.17,7.25,99999.9,999.99,9999999.0
2024-10-08T20:47:00.000Z,10.18,7.25,458.8,8.75,145142
2024-10-08T20:48:00.000Z,10.47,6.94,458.8,8.75,145142
2024-10-08T20:49:00.000Z,10.49,6.82,458.8,8.75,145142
2024-10-08T20:50:00.000Z,10.49,7.03,456.3,8.63,142029
2024-10-08T20:51:00.000Z,10.52,7.25,455.5,8.66,146682
2024-10-08T20:52:00.000Z,10.41,7.51,453.8,8.84,141889
2024-10-08T20:53:00.000Z,10.42,7.44,453.7,8.86,140673
2024-10-08T20:54:00.000Z,10.27,7.14,446.3,8.84,147642
2024-10-08T20:55:00.000Z,10.28,7.33,446.6,8.93,153574
2024-10-08T20:56:00.000Z,10.02,6.15,450.5,9.90,172722
2024-10-08T20:57:00.000Z,10.60,5.45,453.5,10.67,182746
2024-10-08T20:58:00.000Z,10.10,4.88,463.3,9.55,134100
2024-10-08T20:59:00.000Z,9.95,5.00,463.3,9.55,134100
2024-10-08T21:00:00.000Z,9.76,5.31,460.5,9.50,121080
2024-10-08T21:01:00.000Z,9.65,5.65,458.4,9.62,129756
2024-10-08T21:02:00.000Z,9.83,5.47,454.6,9.20,149853
2024-10-08T21:03:00.000Z,9.75,5.88,454.6,9.41,151802
2024-10-08T21:04:00.000Z,9.85,4.98,463.0,9.19,126071
2024-10-08T21:05:00.000Z,9.94,3.84,460.3,9.43,117884
2024-10-08T21:06:00.000Z,10.00,3.93,461.8,9.30,114558
2024-10-08T21:07:00.000Z,9.90,5.65,459.7,8.84,115698
2024-10-08T21:08:00.000Z,9.85,6.02,454.1,8.97,137627
2024-10-08T21:09:00.000Z,9.66,5.66,456.1,8.71,125519
2024-10-08T21:10:00.000Z,9.57,5.33,455.7,9.28,145334
2024-10-08T21:11:00.000Z,9.70,6.49,456.3,9.76,153481
2024-10-08T21:12:00.000Z,9.53,6.29,440.7,8.70,180636
2024-10-08T21:13:00.000Z,9.30,7.31,436.7,8.41,192721
2024-10-08T21:14:00.000Z,9999.99,9999.99,99999.9,999.99,9999999.0
2024-10-08T21:15:00.000Z,9.50,5.28,99999.9,999.99,9999999.0
2024-10-08T21:16:00.000Z,9.29,6.86,450.9,10.44,131379
2024-10-08T21:17:00.000Z,9.51,6.49,450.9,10.44,131379
2024-10-08T21:18:00.000Z,9.41,6.56,450.9,10.44,131379
2024-10-08T21:19:00.000Z,9.68,6.40,99999.9,999.99,9999999.0
2024-10-08T21:20:00.000Z,9.25,7.80,99999.9,999.99,9999999.0
2024-10-08T21:21:00.000Z,9.76,5.20,99999.9,999.99,9999999.0
2024-10-08T21:22:00.000Z,9.55,6.96,99999.9,999.99,9999999.0
2024-10-08T21:23:00.000Z,9999.99,9999.99,99999.9,999.99,9999999.0
2024-10-08T21:24:00.000Z,9.52,6.68,99999.9,999.99,9999999.0
2024-10-08T21:25:00.000Z,9.85,5.21,99999.9,999.99,9999999.0
2024-10-08T21:26:00.000Z,9.57,6.51,452.9,8.63,178975
2024-10-08T21:27:00.000Z,9.16,7.47,444.1,8.40,182881
2024-10-08T21:28:00.000Z,9.08,7.23,435.8,8.19,186557
2024-10-08T21:29:00.000Z,9.08,7.23,99999.9,999.99,9999999.0
2024-10-08T21:30:00.000Z,9.09,7.23,99999.9,999.99,9999999.0
2024-10-08T21:31:00.000Z,9.15,7.31,99999.9,999.99,9999999.0
2024-10-08T21:32:00.000Z,9.19,7.32,99999.9,999.99,9999999.0
2024-10-08T21:33:00.000Z,9.30,7.44,99999.9,999.99,9999999.0
2024-10-08T21:34:00.000Z,9.28,7.40,434.8,7.64,181684
2024-10-08T21:35:00.000Z,9.22,7.33,434.8,7.64,181684
2024-10-08T21:36:00.000Z,9.15,7.20,434.8,7.64,181684
2024-10-08T21:37:00.000Z,9.30,6.77,99999.9,999.99,9999999.0
2024-10-08T21:38:00.000Z,9.32,6.97,436.9,7.87,166182
2024-10-08T21:39:00.000Z,9999.99,9999.99,436.9,7.87,166182
2024-10-08T21:40:00.000Z,9.20,7.10,99999.9,999.99,9999999.0
2024-10-08T21:41:00.000Z,9.20,7.10,99999.9,999.99,9999999.0
2024-10-08T21:42:00.000Z,9999.99,9999.99,99999.9,999.99,9999999.0
2024-10-08T21:43:00.000Z,9.11,6.93,99999.9,999.99,9999999.0
2024-10-08T21:44:00.000Z,8.87,6.83,441.1,8.72,194981
2024-10-08T21:45:00.000Z,8.69,6.37,441.1,8.72,194981
2024-10-08T21:46:00.000Z,8.62,6.30,443.1,9.17,184094
2024-10-08T21:47:00.000Z,8.39,4.90,443.1,9.18,183945
2024-10-08T21:48:00.000Z,8.61,1.20,442.9,8.27,163027
2024-10-08T21:49:00.000Z,9.22,-4.52,442.9,8.09,158721
2024-10-08T21:50:00.000Z,8.28,1.24,448.7,8.82,241582
2024-10-08T21:51:00.000Z,7.59,2.98,448.9,8.85,244797
2024-10-08T21:52:00.000Z,7.95,-3.48,445.0,5.94,122240
2024-10-08T21:53:00.000Z,9.33,-6.70,445.0,5.94,122240
2024-10-08T21:54:00.000Z,9.88,-6.81,438.9,6.79,167444
2024-10-08T21:55:00.000Z,9.97,-7.90,437.4,7.01,178975
2024-10-08T21:56:00.000Z,9.64,-7.74,437.8,7.85,206480
2024-10-08T21:57:00.000Z,9.42,-8.32,437.8,7.85,206480
2024-10-08T21:58:00.000Z,9.36,-6.00,429.1,7.14,182082
2024-10-08T21:59:00.000Z,9.48,-8.71,429.1,7.14,182082
2024-10-08T22:00:00.000Z,9.53,-8.08,433.9,7.16,185309
2024-10-08T22:01:00.000Z,9.92,-8.44,434.8,7.13,190744
2024-10-08T22:02:00.000Z,9.95,-8.74,435.9,7.09,199333
2024-10-08T22:03:00.000Z,10.06,-9.25,437.8,6.90,189753
2024-10-08T22:04:00.000Z,9.84,-9.28,437.8,6.90,189660
2024-10-08T22:05:00.000Z,9.95,-9.56,440.3,6.95,182879
2024-10-08T22:06:00.000Z,10.08,-9.62,440.3,6.95,182879
2024-10-08T22:07:00.000Z,10.05,-9.55,440.1,6.76,176259
2024-10-08T22:08:00.000Z,9.55,-8.84,440.1,6.69,174139
2024-10-08T22:09:00.000Z,9.76,-9.49,443.8,6.61,168602
2024-10-08T22:10:00.000Z,9.69,-8.63,444.0,6.61,168123
2024-10-08T22:11:00.000Z,9.52,-8.74,444.6,6.98,122968
2024-10-08T22:12:00.000Z,9.83,-9.19,444.6,6.98,122839
2024-10-08T22:13:00.000Z,9.94,-9.32,99999.9,999.99,9999999.0
2024-10-08T22:14:00.000Z,9.97,-9.38,99999.9,999.99,9999999.0
2024-10-08T22:15:00.000Z,9.84,-9.45,440.9,6.37,171552
2024-10-08T22:16:00.000Z,9.89,-9.39,440.9,6.37,171552
2024-10-08T22:17:00.000Z,9.84,-9.42,99999.9,999.99,9999999.0
2024-10-08T22:18:00.000Z,9.67,-9.13,444.4,7.47,183545
2024-10-08T22:19:00.000Z,9.42,-8.64,444.4,7.47,183545
2024-10-08T22:20:00.000Z,9.13,-8.34,444.5,7.09,175233
2024-10-08T22:21:00.000Z,9.29,-8.52,444.6,6.21,156067
2024-10-08T22:22:00.000Z,8.67,-8.11,440.4,6.98,207117
2024-10-08T22:23:00.000Z,9.03,-4.15,437.9,7.36,209751
2024-10-08T22:24:00.000Z,8.73,-7.06,427.0,7.68,223827
2024-10-08T22:25:00.000Z,8.73,-6.49,421.5,7.75,236026
2024-10-08T22:26:00.000Z,8.98,-6.93,422.9,7.79,216278
2024-10-08T22:27:00.000Z,8.88,-2.52,422.9,7.79,216278
2024-10-08T22:28:00.000Z,8.87,-3.21,99999.9,999.99,9999999.0
2024-10-08T22:29:00.000Z,8.72,-4.04,406.8,7.52,210815
2024-10-08T22:30:00.000Z,8.78,-5.41,412.7,7.63,214519
2024-10-08T22:31:00.000Z,8.60,-5.35,417.3,8.71,273416
2024-10-08T22:32:00.000Z,8.78,-5.02,422.0,8.73,279385
2024-10-08T22:33:00.000Z,8.71,-7.38,438.1,7.31,202563
2024-10-08T22:34:00.000Z,8.67,-7.56,423.0,7.79,196985
2024-10-08T22:35:00.000Z,8.73,-7.55,426.3,8.09,235139
2024-10-08T22:36:00.000Z,8.67,-7.54,404.0,7.77,209175
2024-10-08T22:37:00.000Z,8.82,-7.82,404.1,7.77,209349
2024-10-08T22:38:00.000Z,8.71,-7.43,419.4,7.83,227321
2024-10-08T22:39:00.000Z,8.79,-7.38,424.5,7.39,213919
2024-10-08T22:40:00.000Z,8.78,-8.02,427.7,7.15,203291
2024-10-08T22:41:00.000Z,8.55,-7.95,440.5,7.73,242953
2024-10-08T22:42:00.000Z,8.83,-8.20,440.5,7.73,242953
2024-10-08T22:43:00.000Z,9.45,-8.31,440.5,7.73,242953
2024-10-08T22:44:00.000Z,9.79,-8.76,445.5,6.89,192312
2024-10-08T22:45:00.000Z,9.16,-7.44,443.3,6.91,189778
2024-10-08T22:46:00.000Z,9.19,-7.49,435.7,6.98,181000
2024-10-08T22:47:00.000Z,9.24,-7.92,436.5,7.64,241670
2024-10-08T22:48:00.000Z,9.00,-8.13,442.3,7.36,198077
2024-10-08T22:49:00.000Z,9.02,-8.23,442.6,7.09,186092
2024-10-08T22:50:00.000Z,9.01,-6.43,446.3,7.41,190338
2024-10-08T22:51:00.000Z,9.02,-5.98,452.7,8.14,172354
2024-10-08T22:52:00.000Z,9.04,-5.18,452.7,8.14,172261
2024-10-08T22:53:00.000Z,9.09,-5.19,446.9,8.19,213035
2024-10-08T22:54:00.000Z,9.24,-3.89,451.2,7.70,193195
2024-10-08T22:55:00.000Z,9.23,-5.07,460.3,7.04,171312
2024-10-08T22:56:00.000Z,9.24,-5.32,464.1,7.41,199889
2024-10-08T22:57:00.000Z,9.13,-3.53,462.1,6.72,146182
2024-10-08T22:58:00.000Z,9.34,-3.91,462.1,6.72,145913
2024-10-08T22:59:00.000Z,9.29,-4.93,462.1,6.72,145913
2024-10-08T23:00:00.000Z,9.35,-4.82,441.1,8.84,232712
2024-10-08T23:01:00.000Z,9.39,-1.42,441.1,8.84,232712
2024-10-08T23:02:00.000Z,9.34,-5.32,441.1,8.84,232712
2024-10-08T23:03:00.000Z,9.32,-5.84,438.0,7.36,189494
2024-10-08T23:04:00.000Z,9.39,-5.87,450.8,7.48,184087
2024-10-08T23:05:00.000Z,9.38,-5.74,451.2,7.64,180476
2024-10-08T23:06:00.000Z,9.39,-4.71,456.0,7.56,178975
2024-10-08T23:07:00.000Z,9.46,-3.90,461.0,7.68,180992
2024-10-08T23:08:00.000Z,9.52,-4.21,472.3,7.96,185617
2024-10-08T23:09:00.000Z,9.47,-4.46,466.5,6.25,128798
2024-10-08T23:10:00.000Z,9.56,-4.12,466.5,6.25,128798
2024-10-08T23:11:00.000Z,9.39,-3.36,466.5,6.25,128798
2024-10-08T23:12:00.000Z,9.43,-4.15,99999.9,999.99,9999999.0
2024-10-08T23:13:00.000Z,9.11,-5.16,451.5,6.15,125746
2024-10-08T23:14:00.000Z,8.98,-6.11,454.3,6.68,130511
2024-10-08T23:15:00.000Z,9.08,-4.58,456.4,7.09,134214
2024-10-08T23:16:00.000Z,9.17,-4.17,99999.9,999.99,9999999.0
2024-10-08T23:17:00.000Z,9.24,-4.71,443.7,8.96,236177
2024-10-08T23:18:00.000Z,9.21,-5.23,443.7,8.96,236177
2024-10-08T23:19:00.000Z,9.17,-5.36,442.8,7.74,195237
2024-10-08T23:20:00.000Z,9.06,-5.28,449.5,7.65,222749
2024-10-08T23:21:00.000Z,9.38,-5.58,453.6,7.50,215666
2024-10-08T23:22:00.000Z,9.59,-5.05,442.6,7.04,189053
2024-10-08T23:23:00.000Z,9.64,-5.55,449.7,7.15,176463
2024-10-08T23:24:00.000Z,9.47,-6.79,460.2,7.37,167071
2024-10-08T23:25:00.000Z,9.40,-7.26,460.2,7.37,167071
2024-10-08T23:26:00.000Z,9.45,-7.33,99999.9,999.99,9999999.0
2024-10-08T23:27:00.000Z,9.52,-7.90,417.7,7.36,235195
2024-10-08T23:28:00.000Z,9.32,-8.19,417.7,7.36,235195
2024-10-08T23:29:00.000Z,9999.99,9999.99,99999.9,999.99,9999999.0
2024-10-08T23:30:00.000Z,9999.99,9999.99,422.2,7.21,183345
2024-10-08T23:31:00.000Z,9.42,-8.17,422.2,7.21,183345
2024-10-08T23:32:00.000Z,9999.99,9999.99,422.2,7.21,183345
2024-10-08T23:33:00.000Z,9.39,-8.14,99999.9,999.99,9999999.0
2024-10-08T23:34:00.000Z,9999.99,9999.99,99999.9,999.99,9999999.0
2024-10-08T23:35:00.000Z,9.38,-7.40,99999.9,999.99,9999999.0
2024-10-08T23:36:00.000Z,9999.99,9999.99,448.6,8.19,246262
2024-10-08T23:37:00.000Z,9.44,-6.50,448.6,8.19,246262
2024-10-08T23:38:00.000Z,9.51,-6.88,420.7,7.83,209164
2024-10-08T23:39:00.000Z,9.46,-6.73,412.5,7.72,198223
2024-10-08T23:40:00.000Z,9.32,-7.50,99999.9,999.99,9999999.0
2024-10-08T23:41:00.000Z,9.47,-8.30,99999.9,999.99,9999999.0
2024-10-08T23:42:00.000Z,9.33,-7.79,99999.9,999.99,9999999.0
2024-10-08T23:43:00.000Z,9.20,-7.84,99999.9,999.99,9999999.0
2024-10-08T23:44:00.000Z,9.39,-8.91,99999.9,999.99,9999999.0
2024-10-08T23:45:00.000Z,9.37,-8.95,99999.9,999.99,9999999.0
2024-10-08T23:46:00.000Z,9.14,-8.71,453.9,6.25,124042
2024-10-08T23:47:00.000Z,8.98,-7.60,442.8,6.55,146045
2024-10-08T23:48:00.000Z,9.00,-8.10,417.4,7.26,196760
2024-10-08T23:49:00.000Z,8.80,-8.40,433.1,6.85,187095
2024-10-08T23:50:00.000Z,9.01,-8.85,433.1,6.85,187095
2024-10-08T23:51:00.000Z,8.98,-8.54,99999.9,999.99,9999999.0
2024-10-08T23:52:00.000Z,9.45,-7.57,435.4,8.71,271919
2024-10-08T23:53:00.000Z,9.70,-4.66,432.3,7.52,206762
2024-10-08T23:54:00.000Z,9.66,-4.01,430.2,6.71,161647
2024-10-08T23:55:00.000Z,9.62,-3.45,403.8,8.51,239363
2024-10-08T23:56:00.000Z,9.45,-4.23,405.4,8.43,235439
2024-10-08T23:57:00.000Z,9.61,-5.09,440.2,6.76,149159
2024-10-08T23:58:00.000Z,9.61,-4.50,423.9,7.10,169614
2024-10-08T23:59:00.000Z,9.59,-3.98,432.8,7.49,201001
2024-10-09T00:00:00.000Z,9.60,-1.97,444.1,7.50,203737
2024-10-09T00:01:00.000Z,9.25,-0.19,451.6,7.53,183425
2024-10-09T00:02:00.000Z,9.06,-0.67,454.6,8.06,204592
2024-10-09T00:03:00.000Z,9.34,-6.05,457.3,7.52,198783
2024-10-09T00:04:00.000Z,9.31,-4.40,459.4,7.36,195879
2024-10-09T00:05:00.000Z,9.18,-1.40,451.9,9.08,296958
2024-10-09T00:06:00.000Z,9.33,-2.21,451.9,9.08,296958
2024-10-09T00:07:00.000Z,9.30,-5.87,453.9,7.42,192585
2024-10-09T00:08:00.000Z,9.22,-6.23,453.8,7.34,177747
2024-10-09T00:09:00.000Z,9.11,-5.22,453.4,6.68,69855
2024-10-09T00:10:00.000Z,8.97,-4.33,455.3,7.15,146668
2024-10-09T00:11:00.000Z,9.29,-6.62,455.4,7.17,150646
2024-10-09T00:12:00.000Z,9.32,-6.78,443.6,6.78,172843
2024-10-09T00:13:00.000Z,8.93,-4.85,439.1,6.93,175453
2024-10-09T00:14:00.000Z,8.47,-3.07,426.9,7.33,182578
2024-10-09T00:15:00.000Z,8.73,-4.97,99999.9,999.99,9999999.0
2024-10-09T00:16:00.000Z,8.78,-3.43,99999.9,999.99,9999999.0
2024-10-09T00:17:00.000Z,8.93,-1.78,99999.9,999.99,9999999.0
2024-10-09T00:18:00.000Z,8.99,-2.00,99999.9,999.99,9999999.0
2024-10-09T00:19:00.000Z,8.91,-3.61,417.8,7.40,195119
2024-10-09T00:20:00.000Z,8.86,-3.75,426.4,7.32,190638
2024-10-09T00:21:00.000Z,8.90,0.12,439.2,7.19,183945
2024-10-09T00:22:00.000Z,9.01,-0.79,433.2,7.43,197255
2024-10-09T00:23:00.000Z,8.93,-4.24,433.2,7.43,197255
2024-10-09T00:24:00.000Z,8.89,-3.59,433.2,7.43,197255
2024-10-09T00:25:00.000Z,8.99,-2.90,427.5,7.75,186087
2024-10-09T00:26:00.000Z,8.98,-3.33,427.5,7.75,186087
2024-10-09T00:27:00.000Z,8.93,-0.66,427.5,7.75,186087
2024-10-09T00:28:00.000Z,8.78,1.38,443.4,7.29,150223
2024-10-09T00:29:00.000Z,8.98,-6.99,450.7,6.67,130101
2024-10-09T00:30:00.000Z,9.09,-7.97,423.0,7.43,224825
2024-10-09T00:31:00.000Z,9.14,-7.29,423.7,7.38,224273
2024-10-09T00:32:00.000Z,9.08,-7.57,427.2,7.04,221372
2024-10-09T00:33:00.000Z,8.78,1.30,427.2,7.04,221372
2024-10-09T00:34:00.000Z,9.00,-5.25,99999.9,999.99,9999999.0
2024-10-09T00:35:00.000Z,9.05,-7.71,99999.9,999.99,9999999.0
2024-10-09T00:36:00.000Z,8.94,-7.93,434.7,7.03,202331
2024-10-09T00:37:00.000Z,8.85,-3.85,434.7,7.03,202331
2024-10-09T00:38:00.000Z,9.22,-1.11,434.7,7.03,202331
2024-10-09T00:39:00.000Z,8.93,-3.20,99999.9,999.99,9999999.0
2024-10-09T00:40:00.000Z,8.74,-7.50,424.3,7.23,263298
2024-10-09T00:41:00.000Z,8.85,-7.04,424.3,7.23,263298
2024-10-09T00:42:00.000Z,8.80,-7.43,424.3,7.23,263298
2024-10-09T00:43:00.000Z,9.01,-7.38,416.9,7.27,238754
2024-10-09T00:44:00.000Z,9.40,-7.42,416.9,7.27,238754
2024-10-09T00:45:00.000Z,9.34,-6.78,419.7,6.97,220282
2024-10-09T00:46:00.000Z,9.34,-6.75,426.5,6.27,175830
2024-10-09T00:47:00.000Z,9.24,-6.44,426.5,6.27,175830
2024-10-09T00:48:00.000Z,9.20,-5.77,99999.9,999.99,9999999.0
2024-10-09T00:49:00.000Z,9.28,-5.88,428.9,7.01,200585
2024-10-09T00:50:00.000Z,9.21,-5.84,428.9,7.01,200585
2024-10-09T00:51:00.000Z,9.30,-5.82,432.2,7.22,200363
2024-10-09T00:52:00.000Z,9.30,-5.54,433.1,7.27,200307
2024-10-09T00:53:00.000Z,9.25,-5.32,427.2,7.60,204506
2024-10-09T00:54:00.000Z,9.27,-5.15,427.2,7.60,204506
2024-10-09T00:55:00.000Z,9.27,-4.71,429.3,7.33,201082
2024-10-09T00:56:00.000Z,9.21,-4.32,429.8,7.26,200237
2024-10-09T00:57:00.000Z,9.28,-4.59,432.6,7.67,199960
2024-10-09T00:58:00.000Z,9.15,-4.17,432.8,7.61,197220
2024-10-09T00:59:00.000Z,9.21,-4.33,433.7,7.33,184814
2024-10-09T01:00:00.000Z,9.26,-5.05,433.7,7.33,184814
2024-10-09T01:01:00.000Z,9.26,-5.23,430.1,6.97,184948
2024-10-09T01:02:00.000Z,9.14,-4.88,430.1,6.97,184948
2024-10-09T01:03:00.000Z,8.53,-2.25,442.0,8.07,235724
2024-10-09T01:04:00.000Z,8.29,-0.76,441.7,8.03,234692
2024-10-09T01:05:00.000Z,8.21,-0.57,435.0,7.54,222467
2024-10-09T01:06:00.000Z,8.06,-0.75,434.4,7.95,228649
2024-10-09T01:07:00.000Z,7.61,-0.18,438.3,7.20,207167
2024-10-09T01:08:00.000Z,7.79,0.30,438.4,7.17,206834
2024-10-09T01:09:00.000Z,6.72,-2.26,99999.9,999.99,9999999.0
2024-10-09T01:10:00.000Z,5.21,-3.60,99999.9,999.99,9999999.0
2024-10-09T01:11:00.000Z,6.42,-5.44,99999.9,999.99,9999999.0
2024-10-09T01:12:00.000Z,5.73,-0.83,99999.9,999.99,9999999.0
2024-10-09T01:13:00.000Z,7.32,2.98,458.3,7.92,201632
2024-10-09T01:14:00.000Z,7.49,1.04,458.3,7.92,201612
2024-10-09T01:15:00.000Z,7.35,2.63,464.2,8.03,198782
2024-10-09T01:16:00.000Z,7.16,1.76,464.9,8.11,200548
2024-10-09T01:17:00.000Z,7.09,3.27,469.1,8.13,190882
2024-10-09T01:18:00.000Z,7.12,3.88,466.8,7.78,196449
2024-10-09T01:19:00.000Z,7.00,3.59,464.0,7.93,178649
2024-10-09T01:20:00.000Z,7.20,3.09,458.1,8.14,222916
2024-10-09T01:21:00.000Z,6.47,3.75,460.5,7.90,210301
2024-10-09T01:22:00.000Z,6.14,4.03,467.4,8.51,224530
2024-10-09T01:23:00.000Z,6.59,5.49,467.4,8.51,224604
2024-10-09T01:24:00.000Z,4.54,1.22,99999.9,999.99,9999999.0
2024-10-09T01:25:00.000Z,6.29,6.08,99999.9,999.99,9999999.0
2024-10-09T01:26:00.000Z,6.41,6.17,99999.9,999.99,9999999.0
2024-10-09T01:27:00.000Z,6.64,5.05,448.3,8.70,236253
2024-10-09T01:28:00.000Z,6.84,4.46,448.3,8.70,236253
2024-10-09T01:29:00.000Z,6.91,4.91,99999.9,999.99,9999999.0
2024-10-09T01:30:00.000Z,6.93,4.61,99999.9,999.99,9999999.0
2024-10-09T01:31:00.000Z,7.09,2.87,449.6,8.10,222838
2024-10-09T01:32:00.000Z,7.24,3.65,454.1,8.05,217450
2024-10-09T01:33:00.000Z,7.17,1.95,456.6,7.99,213327
2024-10-09T01:34:00.000Z,7.22,2.82,460.6,7.72,207972
2024-10-09T01:35:00.000Z,7.04,1.91,460.1,7.74,210435
2024-10-09T01:36:00.000Z,6.99,2.57,458.8,7.80,216061
2024-10-09T01:37:00.000Z,7.11,3.53,457.9,7.61,207036
2024-10-09T01:38:00.000Z,7.18,3.76,457.7,7.57,204928
2024-10-09T01:39:00.000Z,7.08,3.62,454.2,7.86,211055
2024-10-09T01:40:00.000Z,6.91,3.78,454.0,7.88,211458
2024-10-09T01:41:00.000Z,6.56,3.73,454.0,7.88,211458
2024-10-09T01:42:00.000Z,6.20,3.88,99999.9,999.99,9999999.0
2024-10-09T01:43:00.000Z,7.21,3.86,456.7,7.94,236026
2024-10-09T01:44:00.000Z,7.13,3.45,457.0,7.93,234293
2024-10-09T01:45:00.000Z,7.42,2.55,461.1,7.83,213969
2024-10-09T01:46:00.000Z,7.12,2.99,459.0,7.69,207314
2024-10-09T01:47:00.000Z,7.06,2.85,456.8,7.54,200515
2024-10-09T01:48:00.000Z,7.06,3.33,456.8,7.54,200515
2024-10-09T01:49:00.000Z,7.16,2.73,452.1,8.49,250214
2024-10-09T01:50:00.000Z,7.14,1.46,452.1,8.49,250214
2024-10-09T01:51:00.000Z,7.13,0.56,452.1,8.49,250214
2024-10-09T01:52:00.000Z,6.90,0.23,99999.9,999.99,9999999.0
2024-10-09T01:53:00.000Z,6.70,0.92,99999.9,999.99,9999999.0
2024-10-09T01:54:00.000Z,4.76,3.60,464.4,7.82,223353
2024-10-09T01:55:00.000Z,5.15,4.32,464.4,7.82,223353
2024-10-09T01:56:00.000Z,5.93,5.00,464.4,7.82,223353
2024-10-09T01:57:00.000Z,6.48,5.76,99999.9,999.99,9999999.0
2024-10-09T01:58:00.000Z,6.70,5.83,99999.9,999.99,9999999.0
2024-10-09T01:59:00.000Z,6.64,5.31,458.6,8.05,236706
2024-10-09T02:00:00.000Z,5.66,0.54,453.8,7.90,220136
2024-10-09T02:01:00.000Z,6.71,-0.64,451.7,7.84,212949
2024-10-09T02:02:00.000Z,6.52,-2.53,444.8,7.33,200655
2024-10-09T02:03:00.000Z,6.23,-2.58,444.8,7.33,200655
2024-10-09T02:04:00.000Z,5.92,-2.34,99999.9,999.99,9999999.0
2024-10-09T02:05:00.000Z,5.71,-1.40,431.0,7.75,206975
2024-10-09T02:06:00.000Z,5.67,-0.96,431.0,7.75,206975
2024-10-09T02:07:00.000Z,5.93,-0.35,431.0,7.75,206975
2024-10-09T02:08:00.000Z,5.73,0.50,99999.9,999.99,9999999.0
2024-10-09T02:09:00.000Z,5.73,0.30,436.3,8.06,224825
2024-10-09T02:10:00.000Z,5.81,0.64,436.3,8.06,224825
2024-10-09T02:11:00.000Z,6.16,0.43,436.3,8.06,224825
2024-10-09T02:12:00.000Z,6.27,0.93,99999.9,999.99,9999999.0
2024-10-09T02:13:00.000Z,6.38,1.05,425.3,7.37,221885
2024-10-09T02:14:00.000Z,5.90,-1.79,427.6,7.70,233616
2024-10-09T02:15:00.000Z,6.15,-2.22,427.1,8.14,246059
2024-10-09T02:16:00.000Z,6.30,-0.43,433.4,7.63,219823
2024-10-09T02:17:00.000Z,6.33,0.16,456.4,7.46,209741
2024-10-09T02:18:00.000Z,6.34,-0.93,454.5,7.05,209925
2024-10-09T02:19:00.000Z,5.59,-0.86,426.2,6.82,196912
2024-10-09T02:20:00.000Z,5.99,-0.84,401.5,8.02,245033
2024-10-09T02:21:00.000Z,6.30,-4.42,432.5,7.34,228306
2024-10-09T02:22:00.000Z,6.86,-3.58,434.4,7.15,222333
2024-10-09T02:23:00.000Z,6.82,-4.88,434.1,6.45,210176
2024-10-09T02:24:00.000Z,7.34,-5.31,422.9,6.34,227266
2024-10-09T02:25:00.000Z,7.65,-5.95,421.1,6.36,234333
2024-10-09T02:26:00.000Z,8.12,-6.06,425.1,6.05,215989
2024-10-09T02:27:00.000Z,8.10,-5.61,410.9,5.91,134863
2024-10-09T02:28:00.000Z,8.02,-6.51,413.6,6.31,195389
2024-10-09T02:29:00.000Z,5.50,-2.96,417.2,6.78,266903
2024-10-09T02:30:00.000Z,5.28,-2.87,437.0,8.27,317828
2024-10-09T02:31:00.000Z,5.57,-1.35,437.0,8.27,317828
2024-10-09T02:32:00.000Z,5.78,-0.57,467.0,7.22,236390
2024-10-09T02:33:00.000Z,5.84,-1.62,467.1,7.22,236101
2024-10-09T02:34:00.000Z,6.36,-1.37,99999.9,999.99,9999999.0
2024-10-09T02:35:00.000Z,5.60,-3.51,421.7,6.99,319017
2024-10-09T02:36:00.000Z,6.42,-3.52,433.8,6.13,234327
2024-10-09T02:37:00.000Z,6.12,-4.16,436.3,6.64,223018
2024-10-09T02:38:00.000Z,5.58,-2.99,449.8,6.88,226098
2024-10-09T02:39:00.000Z,5.77,-4.29,99999.9,999.99,9999999.0
2024-10-09T02:40:00.000Z,6.07,-4.68,99999.9,999.99,9999999.0
2024-10-09T02:41:00.000Z,9999.99,9999.99,99999.9,999.99,9999999.0
2024-10-09T02:42:00.000Z,5.82,-4.47,99999.9,999.99,9999999.0
2024-10-09T02:43:00.000Z,5.63,-4.47,430.6,6.62,267546
2024-10-09T02:44:00.000Z,5.87,-4.17,430.6,6.62,267546
2024-10-09T02:45:00.000Z,6.20,-3.91,430.6,6.62,267546
2024-10-09T02:46:00.000Z,6.67,-4.58,99999.9,999.99,9999999.0
2024-10-09T02:47:00.000Z,6.70,-4.51,425.4,6.78,278437
2024-10-09T02:48:00.000Z,6.99,-3.73,426.1,6.70,265816
2024-10-09T02:49:00.000Z,7.16,-4.34,425.4,6.61,245070
2024-10-09T02:50:00.000Z,7.30,-4.68,421.5,6.56,213178
2024-10-09T02:51:00.000Z,7.28,-4.62,430.0,5.71,178010
2024-10-09T02:52:00.000Z,7.04,-3.43,430.2,5.69,177072
2024-10-09T02:53:00.000Z,7.19,-4.24,425.4,6.56,237767
2024-10-09T02:54:00.000Z,7.18,-4.61,425.4,6.56,237767
2024-10-09T02:55:00.000Z,6.89,-4.94,416.9,6.83,196001
2024-10-09T02:56:00.000Z,7.23,-4.90,423.0,6.50,203839
2024-10-09T02:57:00.000Z,7.26,-4.00,428.0,6.24,210958
2024-10-09T02:58:00.000Z,7.28,-4.32,99999.9,999.99,9999999.0
2024-10-09T02:59:00.000Z,7.27,-3.84,99999.9,999.99,9999999.0
2024-10-09T03:00:00.000Z,7.03,-3.13,417.5,7.09,283425
2024-10-09T03:01:00.000Z,6.19,-3.78,441.2,6.94,211304
2024-10-09T03:02:00.000Z,6.02,-4.19,428.9,7.22,251324
2024-10-09T03:03:00.000Z,7.05,-5.30,439.6,6.29,191834
2024-10-09T03:04:00.000Z,7.53,-5.90,439.6,6.29,191834
2024-10-09T03:05:00.000Z,7.34,-5.11,439.6,6.29,191834
2024-10-09T03:06:00.000Z,7.54,-5.22,99999.9,999.99,9999999.0
2024-10-09T03:07:00.000Z,7.70,-4.47,99999.9,999.99,9999999.0
2024-10-09T03:08:00.000Z,7.83,-3.66,99999.9,999.99,9999999.0
2024-10-09T03:09:00.000Z,7.70,-3.52,409.3,6.12,177007
2024-10-09T03:10:00.000Z,7.74,-4.55,409.3,6.12,177007
2024-10-09T03:11:00.000Z,7.66,-3.85,420.6,7.02,231841
2024-10-09T03:12:00.000Z,7.65,-5.38,419.8,7.11,240326
2024-10-09T03:13:00.000Z,7.96,-6.21,430.4,6.21,199532
2024-10-09T03:14:00.000Z,8.08,-6.67,432.3,6.17,194410
2024-10-09T03:15:00.000Z,8.28,-7.46,433.0,6.23,193405
2024-10-09T03:16:00.000Z,8.15,-5.42,433.0,6.23,193405
2024-10-09T03:17:00.000Z,8.21,-5.51,423.6,6.69,192653
2024-10-09T03:18:00.000Z,8.12,-6.16,426.7,6.81,213205
2024-10-09T03:19:00.000Z,7.92,-7.09,431.7,6.84,226376
2024-10-09T03:20:00.000Z,8.08,-7.47,444.6,6.46,207684
2024-10-09T03:21:00.000Z,8.29,-7.56,446.6,6.10,123946
2024-10-09T03:22:00.000Z,8.40,-7.28,446.9,6.05,112073
2024-10-09T03:23:00.000Z,8.16,-7.45,446.8,6.51,203662
2024-10-09T03:24:00.000Z,7.77,-6.18,444.9,6.56,203653
2024-10-09T03:25:00.000Z,7.58,-4.68,436.9,6.87,219551
2024-10-09T03:26:00.000Z,7.10,-5.52,436.1,7.11,246396
2024-10-09T03:27:00.000Z,7.10,-5.90,99999.9,999.99,9999999.0
2024-10-09T03:28:00.000Z,7.03,-5.85,441.2,6.72,221889
2024-10-09T03:29:00.000Z,7.22,-6.33,441.4,6.58,215534
2024-10-09T03:30:00.000Z,6.93,-5.87,441.6,5.96,188390
2024-10-09T03:31:00.000Z,7.13,-6.09,441.7,5.48,166789
2024-10-09T03:32:00.000Z,7.35,-6.66,443.0,6.36,214620
2024-10-09T03:33:00.000Z,7.27,-5.51,444.4,6.44,202852
2024-10-09T03:34:00.000Z,7.39,-6.48,436.1,6.06,166102
2024-10-09T03:35:00.000Z,7.49,-6.73,99999.9,999.99,9999999.0
2024-10-09T03:36:00.000Z,7.47,-6.87,442.4,6.32,199789
2024-10-09T03:37:00.000Z,7.51,-6.85,444.6,6.41,209834
2024-10-09T03:38:00.000Z,7.60,-6.92,447.2,6.53,220219
2024-10-09T03:39:00.000Z,7.54,-6.85,450.6,6.78,224383
2024-10-09T03:40:00.000Z,7.11,-6.18,450.6,6.78,224383
2024-10-09T03:41:00.000Z,7.41,-6.65,99999.9,999.99,9999999.0
2024-10-09T03:42:00.000Z,7.28,-6.79,99999.9,999.99,9999999.0
2024-10-09T03:43:00.000Z,7.06,-6.34,99999.9,999.99,9999999.0
2024-10-09T03:44:00.000Z,6.95,-6.22,99999.9,999.99,9999999.0
2024-10-09T03:45:00.000Z,6.79,-5.67,99999.9,999.99,9999999.0
2024-10-09T03:46:00.000Z,6.57,-5.26,445.9,6.56,221811
2024-10-09T03:47:00.000Z,6.55,-3.54,440.8,6.46,209766
2024-10-09T03:48:00.000Z,6.65,-2.53,434.2,6.33,194295
2024-10-09T03:49:00.000Z,6.71,-2.21,439.6,5.89,172843
2024-10-09T03:50:00.000Z,6.65,-2.66,439.6,5.89,172843
2024-10-09T03:51:00.000Z,6.49,-3.36,439.6,5.89,172843
2024-10-09T03:52:00.000Z,6.47,-3.23,444.1,7.28,228454
2024-10-09T03:53:00.000Z,6.55,-2.82,444.1,7.28,228454
2024-10-09T03:54:00.000Z,6.59,-3.46,99999.9,999.99,9999999.0
2024-10-09T03:55:00.000Z,6.60,-3.63,99999.9,999.99,9999999.0
2024-10-09T03:56:00.000Z,6.66,-3.80,439.8,6.68,213107
2024-10-09T03:57:00.000Z,6.59,-4.60,439.8,6.68,213107
2024-10-09T03:58:00.000Z,9999.99,9999.99,439.8,6.68,213107
2024-10-09T03:59:00.000Z,7.31,-3.83,459.6,5.41,209684
2024-10-09T04:00:00.000Z,8.80,-3.74,456.8,5.36,187211
2024-10-09T04:01:00.000Z,8.21,-4.08,464.6,5.20,190571
2024-10-09T04:02:00.000Z,8.44,-4.35,464.9,5.76,229400
2024-10-09T04:03:00.000Z,6.81,-4.88,455.3,6.94,231283
2024-10-09T04:04:00.000Z,7.01,-4.31,456.4,6.76,218755
2024-10-09T04:05:00.000Z,7.69,-4.76,452.5,7.09,223029
2024-10-09T04:06:00.000Z,8.30,-4.11,455.8,7.36,231556
2024-10-09T04:07:00.000Z,9.38,-3.66,464.9,5.70,201408
2024-10-09T04:08:00.000Z,9.26,-3.70,471.6,4.50,179436
2024-10-09T04:09:00.000Z,9.14,-3.87,478.5,4.93,185833
2024-10-09T04:10:00.000Z,8.86,-2.79,469.8,5.21,197109
2024-10-09T04:11:00.000Z,8.83,-1.95,463.8,5.40,204858
2024-10-09T04:12:00.000Z,8.83,-2.85,99999.9,999.99,9999999.0
2024-10-09T04:13:00.000Z,8.76,-2.98,99999.9,999.99,9999999.0
2024-10-09T04:14:00.000Z,8.75,-2.33,99999.9,999.99,9999999.0
2024-10-09T04:15:00.000Z,8.71,-2.02,471.3,5.74,260036
2024-10-09T04:16:00.000Z,8.67,-1.80,471.3,5.74,260036
2024-10-09T04:17:00.000Z,8.56,-1.97,471.3,5.74,260036
2024-10-09T04:18:00.000Z,8.63,-2.91,472.1,5.62,221958
2024-10-09T04:19:00.000Z,8.64,-2.65,469.8,5.64,215362
2024-10-09T04:20:00.000Z,8.70,-3.71,465.4,5.84,204811
2024-10-09T04:21:00.000Z,8.77,-3.44,470.5,5.51,191651
2024-10-09T04:22:00.000Z,8.72,-2.50,468.9,5.39,178370
2024-10-09T04:23:00.000Z,8.87,-1.52,458.7,5.41,160514
2024-10-09T04:24:00.000Z,8.70,-1.32,467.0,5.32,171117
2024-10-09T04:25:00.000Z,8.61,-1.25,468.3,5.37,179245
2024-10-09T04:26:00.000Z,8.67,-0.42,468.1,5.80,176408
2024-10-09T04:27:00.000Z,8.68,-0.29,458.0,6.67,222104
2024-10-09T04:28:00.000Z,9999.99,9999.99,458.0,6.67,222104
2024-10-09T04:29:00.000Z,8.91,-1.32,99999.9,999.99,9999999.0
2024-10-09T04:30:00.000Z,9.18,-2.00,470.9,5.24,180955
2024-10-09T04:31:00.000Z,8.82,-1.21,465.9,4.99,162119
2024-10-09T04:32:00.000Z,8.08,-1.17,459.1,4.65,136331
2024-10-09T04:33:00.000Z,8.34,-0.95,459.1,4.65,136331
2024-10-09T04:34:00.000Z,8.28,-0.94,475.2,6.43,160835
2024-10-09T04:35:00.000Z,7.70,-1.34,475.2,6.43,160835
2024-10-09T04:36:00.000Z,7.63,-1.53,99999.9,999.99,9999999.0
2024-10-09T04:37:00.000Z,7.69,-1.58,99999.9,999.99,9999999.0
2024-10-09T04:38:00.000Z,7.69,-1.78,99999.9,999.99,9999999.0
2024-10-09T04:39:00.000Z,7.69,-1.86,99999.9,999.99,9999999.0
2024-10-09T04:40:00.000Z,7.67,-2.20,99999.9,999.99,9999999.0
2024-10-09T04:41:00.000Z,7.51,-1.84,99999.9,999.99,9999999.0
2024-10-09T04:42:00.000Z,7.60,-1.80,467.5,7.12,187633
2024-10-09T04:43:00.000Z,7.63,-2.22,467.5,7.12,187633
2024-10-09T04:44:00.000Z,7.82,-1.99,99999.9,999.99,9999999.0
2024-10-09T04:45:00.000Z,7.63,-1.78,99999.9,999.99,9999999.0
2024-10-09T04:46:00.000Z,7.63,-1.79,99999.9,999.99,9999999.0
2024-10-09T04:47:00.000Z,7.54,-1.67,99999.9,999.99,9999999.0
2024-10-09T04:48:00.000Z,7.80,-1.89,99999.9,999.99,9999999.0
2024-10-09T04:49:00.000Z,7.89,-1.89,458.9,6.24,176483
2024-10-09T04:50:00.000Z,7.66,-1.82,458.9,6.24,176483
2024-10-09T04:51:00.000Z,7.66,-1.82,458.9,6.24,176483
2024-10-09T04:52:00.000Z,7.40,-1.99,99999.9,999.99,9999999.0
2024-10-09T04:53:00.000Z,7.41,-2.13,99999.9,999.99,9999999.0
2024-10-09T04:54:00.000Z,7.48,-2.28,99999.9,999.99,9999999.0
2024-10-09T04:55:00.000Z,7.68,-1.75,99999.9,999.99,9999999.0
2024-10-09T04:56:00.000Z,7.68,-1.76,99999.9,999.99,9999999.0
2024-10-09T04:57:00.000Z,7.84,-1.91,99999.9,999.99,9999999.0
2024-10-09T04:58:00.000Z,7.71,-1.59,453.1,6.13,205069
2024-10-09T04:59:00.000Z,7.77,-1.79,453.1,6.13,205069
2024-10-09T05:00:00.000Z,7.72,-2.28,99999.9,999.99,9999999.0
2024-10-09T05:01:00.000Z,7.72,-0.59,99999.9,999.99,9999999.0
2024-10-09T05:02:00.000Z,7.70,-0.88,99999.9,999.99,9999999.0
2024-10-09T05:03:00.000Z,7.67,-3.47,453.0,5.40,139624
2024-10-09T05:04:00.000Z,7.75,-3.41,453.0,5.40,139624
2024-10-09T05:05:00.000Z,7.89,-2.92,453.0,5.40,139624
2024-10-09T05:06:00.000Z,7.70,-2.49,99999.9,999.99,9999999.0
2024-10-09T05:07:00.000Z,7.75,-1.67,99999.9,999.99,9999999.0
2024-10-09T05:08:00.000Z,7.39,-2.09,455.6,5.43,150887
2024-10-09T05:09:00.000Z,7.44,-2.57,455.6,5.43,150887
2024-10-09T05:10:00.000Z,7.53,-2.20,446.0,6.09,151492
2024-10-09T05:11:00.000Z,7.41,-2.31,446.0,6.09,151492
2024-10-09T05:12:00.000Z,7.12,-2.88,440.8,5.66,168217
2024-10-09T05:13:00.000Z,7.32,-2.02,440.8,5.66,168217
2024-10-09T05:14:00.000Z,7.30,-2.08,441.1,5.66,168006
2024-10-09T05:15:00.000Z,7.39,-1.45,458.5,5.55,155944
2024-10-09T05:16:00.000Z,7.42,-1.46,458.5,5.55,155944
2024-10-09T05:17:00.000Z,7.38,-0.90,443.4,6.01,168281
2024-10-09T05:18:00.000Z,7.41,-1.73,446.7,5.71,147027
2024-10-09T05:19:00.000Z,7.12,-4.02,457.9,4.75,80171
2024-10-09T05:20:00.000Z,4.02,-2.34,453.1,6.44,248412
2024-10-09T05:21:00.000Z,4.82,-0.75,454.7,6.54,274430
2024-10-09T05:22:00.000Z,4.54,-1.72,99999.9,999.99,9999999.0
2024-10-09T05:23:00.000Z,4.80,-1.56,453.1,6.11,245413
2024-10-09T05:24:00.000Z,6.85,-1.88,458.8,6.23,196052
2024-10-09T05:25:00.000Z,5.95,-2.21,460.6,6.26,180162
2024-10-09T05:26:00.000Z,4.17,-2.66,99999.9,999.99,9999999.0
2024-10-09T05:27:00.000Z,6.19,-2.96,475.5,5.15,210702
2024-10-09T05:28:00.000Z,5.90,0.73,479.4,5.42,195221
2024-10-09T05:29:00.000Z,6.09,1.79,477.7,5.47,186761
2024-10-09T05:30:00.000Z,6.45,1.80,484.4,5.45,192311
2024-10-09T05:31:00.000Z,6.14,0.97,488.2,4.90,167457
2024-10-09T05:32:00.000Z,5.61,-1.28,469.6,5.19,216121
2024-10-09T05:33:00.000Z,5.03,-0.97,463.7,5.37,239940
2024-10-09T05:34:00.000Z,5.02,1.76,459.3,5.41,213940
2024-10-09T05:35:00.000Z,6.56,2.52,466.9,5.22,198226
2024-10-09T05:36:00.000Z,6.46,0.86,478.9,4.94,183012
2024-10-09T05:37:00.000Z,6.44,-0.55,99999.9,999.99,9999999.0
2024-10-09T05:38:00.000Z,4.97,-1.94,99999.9,999.99,9999999.0
2024-10-09T05:39:00.000Z,5.12,-2.58,457.0,5.30,219692
2024-10-09T05:40:00.000Z,6.11,-3.63,457.0,5.30,219692
2024-10-09T05:41:00.000Z,5.96,-3.37,459.5,5.38,223545
2024-10-09T05:42:00.000Z,6.29,-2.95,459.5,5.38,223573
2024-10-09T05:43:00.000Z,6.56,-1.34,99999.9,999.99,9999999.0
2024-10-09T05:44:00.000Z,6.64,-2.09,99999.9,999.99,9999999.0
2024-10-09T05:45:00.000Z,6.60,-2.72,99999.9,999.99,9999999.0
2024-10-09T05:46:00.000Z,6.30,-2.86,99999.9,999.99,9999999.0
2024-10-09T05:47:00.000Z,6.38,-1.55,99999.9,999.99,9999999.0
2024-10-09T05:48:00.000Z,6.25,-0.86,99999.9,999.99,9999999.0
2024-10-09T05:49:00.000Z,6.81,-0.76,99999.9,999.99,9999999.0
2024-10-09T05:50:00.000Z,6.96,-5.16,453.1,5.39,227083
2024-10-09T05:51:00.000Z,6.64,-5.69,465.6,5.22,189568
2024-10-09T05:52:00.000Z,7.16,-6.02,463.3,5.03,172398
2024-10-09T05:53:00.000Z,7.23,-6.61,467.8,5.71,202637
2024-10-09T05:54:00.000Z,7.19,-6.04,99999.9,999.99,9999999.0
2024-10-09T05:55:00.000Z,7.35,-6.65,453.8,5.90,179300
2024-10-09T05:56:00.000Z,7.48,-6.97,453.7,5.74,192921
2024-10-09T05:57:00.000Z,9999.99,9999.99,453.6,5.66,199264
2024-10-09T05:58:00.000Z,7.14,-6.27,99999.9,999.99,9999999.0
2024-10-09T05:59:00.000Z,9999.99,9999.99,99999.9,999.99,9999999.0
2024-10-09T06:00:00.000Z,9999.99,9999.99,99999.9,999.99,9999999.0
2024-10-09T06:01:00.000Z,7.17,-5.44,99999.9,999.99,9999999.0
2024-10-09T06:02:00.000Z,9999.99,9999.99,99999.9,999.99,9999999.0
2024-10-09T06:03:00.000Z,9999.99,9999.99,99999.9,999.99,9999999.0
2024-10-09T06:04:00.000Z,7.20,-6.27,99999.9,999.99,9999999.0
2024-10-09T06:05:00.000Z,9999.99,9999.99,99999.9,999.99,9999999.0
2024-10-09T06:06:00.000Z,9999.99,9999.99,99999.9,999.99,9999999.0
2024-10-09T06:07:00.000Z,7.01,-6.18,99999.9,999.99,9999999.0
2024-10-09T06:08:00.000Z,9999.99,9999.99,99999.9,999.99,9999999.0
2024-10-09T06:09:00.000Z,7.13,-6.79,99999.9,999.99,9999999.0
2024-10-09T06:10:00.000Z,7.13,-6.80,99999.9,999.99,9999999.0
2024-10-09T06:11:00.000Z,9999.99,9999.99,99999.9,999.99,9999999.0
2024-10-09T06:12:00.000Z,5.87,-4.63,462.7,5.02,160893
2024-10-09T06:13:00.000Z,4.96,-3.24,451.2,4.79,150460
2024-10-09T06:14:00.000Z,4.81,-3.07,442.0,4.90,156871
2024-10-09T06:15:00.000Z,5.10,-3.06,448.1,5.62,235648
2024-10-09T06:16:00.000Z,6.24,-2.08,448.1,5.62,235648
2024-10-09T06:17:00.000Z,7.12,-6.60,462.6,5.14,188173
2024-10-09T06:18:00.000Z,6.32,-4.35,462.6,5.14,188173
2024-10-09T06:19:00.000Z,6.76,-5.05,474.4,5.26,153131
2024-10-09T06:20:00.000Z,6.05,-2.18,474.4,5.26,153131
2024-10-09T06:21:00.000Z,6.68,-4.47,474.4,5.26,153131
2024-10-09T06:22:00.000Z,6.65,-4.04,462.4,5.14,172972
2024-10-09T06:23:00.000Z,6.70,-3.89,462.1,5.19,172829
2024-10-09T06:24:00.000Z,6.42,-5.35,461.3,5.34,172415
2024-10-09T06:25:00.000Z,6.65,-5.10,457.4,5.54,207542
2024-10-09T06:26:00.000Z,6.77,-4.22,453.2,5.48,184941
2024-10-09T06:27:00.000Z,6.80,-3.77,448.4,5.86,208574
2024-10-09T06:28:00.000Z,6.84,-4.58,453.4,5.62,213842
2024-10-09T06:29:00.000Z,6.60,-4.00,451.5,5.51,196729
2024-10-09T06:30:00.000Z,6.42,-4.26,448.4,5.42,177793
2024-10-09T06:31:00.000Z,6.53,-5.63,461.7,5.49,160773
2024-10-09T06:32:00.000Z,6.14,-2.47,461.7,5.49,160773
2024-10-09T06:33:00.000Z,6.07,-0.86,460.8,5.78,175656
2024-10-09T06:34:00.000Z,6.25,0.39,460.1,6.77,218309
2024-10-09T06:35:00.000Z,6.30,0.91,466.4,6.30,176607
2024-10-09T06:36:00.000Z,6.13,0.74,99999.9,999.99,9999999.0
2024-10-09T06:37:00.000Z,6.18,1.22,99999.9,999.99,9999999.0
2024-10-09T06:38:00.000Z,6.21,-0.76,99999.9,999.99,9999999.0
2024-10-09T06:39:00.000Z,6.21,1.11,99999.9,999.99,9999999.0
2024-10-09T06:40:00.000Z,6.36,-0.30,467.9,5.77,160312
2024-10-09T06:41:00.000Z,6.23,0.61,472.8,5.96,161298
2024-10-09T06:42:00.000Z,6.09,1.19,474.5,6.08,161647
2024-10-09T06:43:00.000Z,6.57,-0.91,460.3,5.35,188463
2024-10-09T06:44:00.000Z,6.29,1.15,473.4,5.72,179024
2024-10-09T06:45:00.000Z,6.78,-2.61,478.3,5.85,177731
2024-10-09T06:46:00.000Z,6.70,-2.77,463.5,5.22,178975
2024-10-09T06:47:00.000Z,6.67,-3.50,452.0,6.03,194493
2024-10-09T06:48:00.000Z,6.70,-4.24,457.4,5.80,185533
2024-10-09T06:49:00.000Z,6.66,-5.85,466.6,5.39,170612
2024-10-09T06:50:00.000Z,6.72,-5.79,459.7,5.36,193313
2024-10-09T06:51:00.000Z,6.66,-6.02,460.2,5.36,191699
2024-10-09T06:52:00.000Z,6.64,-5.53,458.4,5.86,191154
2024-10-09T06:53:00.000Z,6.77,-5.72,457.2,5.87,217412
2024-10-09T06:54:00.000Z,6.78,-5.77,462.9,5.78,235779
2024-10-09T06:55:00.000Z,6.75,-5.87,474.1,5.61,203312
2024-10-09T06:56:00.000Z,6.62,-3.22,450.0,5.28,176222
2024-10-09T06:57:00.000Z,6.67,-1.46,450.0,5.28,176222
2024-10-09T06:58:00.000Z,6.68,-1.62,450.0,5.28,176222
2024-10-09T06:59:00.000Z,6.53,-2.32,446.5,4.94,158597
2024-10-09T07:00:00.000Z,6.67,-3.96,448.4,5.03,163115
2024-10-09T07:01:00.000Z,6.96,-5.21,457.5,5.01,168817
2024-10-09T07:02:00.000Z,6.86,-4.37,468.8,4.47,116527
2024-10-09T07:03:00.000Z,6.78,-4.68,452.4,4.93,150352
2024-10-09T07:04:00.000Z,6.76,-4.48,456.2,5.18,166720
2024-10-09T07:05:00.000Z,6.71,-3.79,452.6,5.34,168653
2024-10-09T07:06:00.000Z,6.56,-2.97,447.2,5.17,151258
2024-10-09T07:07:00.000Z,6.54,-3.29,442.9,4.98,140451
2024-10-09T07:08:00.000Z,6.40,-3.70,447.8,5.49,178183
2024-10-09T07:09:00.000Z,6.43,-3.86,450.0,5.43,152621
2024-10-09T07:10:00.000Z,6.47,-4.31,458.5,4.47,141608
2024-10-09T07:11:00.000Z,6.36,-3.94,456.0,4.63,142573
2024-10-09T07:12:00.000Z,6.50,-4.42,449.4,5.03,144164
2024-10-09T07:13:00.000Z,6.29,-4.12,448.9,5.02,99431
2024-10-09T07:14:00.000Z,6.48,-3.57,448.9,5.02,99431
2024-10-09T07:15:00.000Z,6.22,-5.56,488.4,5.00,145498
2024-10-09T07:16:00.000Z,6.19,-5.43,488.4,5.00,145498
2024-10-09T07:17:00.000Z,6.25,-5.42,486.1,5.03,154285
2024-10-09T07:18:00.000Z,6.00,-5.40,486.1,5.03,154290
2024-10-09T07:19:00.000Z,5.95,-5.21,485.9,5.03,154348
2024-10-09T07:20:00.000Z,5.95,-5.47,478.6,4.93,156190
2024-10-09T07:21:00.000Z,5.97,-4.86,478.6,4.93,156190
2024-10-09T07:22:00.000Z,5.98,-5.56,99999.9,999.99,9999999.0
2024-10-09T07:23:00.000Z,5.98,-5.71,99999.9,999.99,9999999.0
2024-10-09T07:24:00.000Z,5.98,-5.71,99999.9,999.99,9999999.0
2024-10-09T07:25:00.000Z,9999.99,9999.99,99999.9,999.99,9999999.0
2024-10-09T07:26:00.000Z,9999.99,9999.99,99999.9,999.99,9999999.0
2024-10-09T07:27:00.000Z,6.00,-5.10,99999.9,999.99,9999999.0
2024-10-09T07:28:00.000Z,9999.99,9999.99,99999.9,999.99,9999999.0
2024-10-09T07:29:00.000Z,5.56,-4.90,99999.9,999.99,9999999.0
2024-10-09T07:30:00.000Z,6.08,-5.32,453.8,4.14,143959
2024-10-09T07:31:00.000Z,5.54,-4.96,453.8,4.14,143959
2024-10-09T07:32:00.000Z,6.37,-4.95,453.8,4.14,143959
2024-10-09T07:33:00.000Z,5.99,-5.87,99999.9,999.99,9999999.0
2024-10-09T07:34:00.000Z,6.01,-4.85,99999.9,999.99,9999999.0
2024-10-09T07:35:00.000Z,6.38,-4.70,99999.9,999.99,9999999.0
2024-10-09T07:36:00.000Z,5.79,-5.60,475.9,4.82,144254
2024-10-09T07:37:00.000Z,5.59,-3.98,475.9,4.82,144254
2024-10-09T07:38:00.000Z,5.64,-4.99,99999.9,999.99,9999999.0
2024-10-09T07:39:00.000Z,5.71,-4.68,99999.9,999.99,9999999.0
2024-10-09T07:40:00.000Z,5.78,-5.13,99999.9,999.99,9999999.0
2024-10-09T07:41:00.000Z,5.67,-4.61,474.2,6.35,224162
2024-10-09T07:42:00.000Z,5.83,-4.85,474.2,6.35,224162
2024-10-09T07:43:00.000Z,6.09,-4.61,453.6,4.25,82487
2024-10-09T07:44:00.000Z,6.33,-4.45,453.1,4.20,79282
2024-10-09T07:45:00.000Z,6.14,-5.08,99999.9,999.99,9999999.0
2024-10-09T07:46:00.000Z,5.87,-5.27,99999.9,999.99,9999999.0
2024-10-09T07:47:00.000Z,6.27,-4.82,99999.9,999.99,9999999.0
2024-10-09T07:48:00.000Z,6.07,-4.50,99999.9,999.99,9999999.0
2024-10-09T07:49:00.000Z,6.26,-4.30,469.9,5.35,173684
2024-10-09T07:50:00.000Z,6.13,-5.02,465.4,5.19,171309
2024-10-09T07:51:00.000Z,5.99,-5.92,457.6,4.66,160140
2024-10-09T07:52:00.000Z,6.05,-5.32,473.4,4.80,157820
2024-10-09T07:53:00.000Z,6.02,-5.48,469.1,4.32,123878
2024-10-09T07:54:00.000Z,5.98,-5.28,469.1,4.32,123878
2024-10-09T07:55:00.000Z,5.86,-5.33,470.4,4.46,141840
2024-10-09T07:56:00.000Z,5.86,-5.25,470.8,4.50,146866
2024-10-09T07:57:00.000Z,5.77,-4.33,470.8,4.50,146866
2024-10-09T07:58:00.000Z,5.67,-3.19,468.2,4.78,128798
2024-10-09T07:59:00.000Z,5.69,-3.17,468.2,4.78,128798
2024-10-09T08:00:00.000Z,5.71,-3.54,468.2,4.78,128798
2024-10-09T08:01:00.000Z,5.65,-4.04,99999.9,999.99,9999999.0
2024-10-09T08:02:00.000Z,5.67,-4.19,450.3,5.03,119106
2024-10-09T08:03:00.000Z,5.62,-4.24,450.3,5.03,119106
2024-10-09T08:04:00.000Z,5.67,-4.20,450.3,5.03,119106
2024-10-09T08:05:00.000Z,5.71,-4.16,99999.9,999.99,9999999.0
2024-10-09T08:06:00.000Z,5.63,-4.42,99999.9,999.99,9999999.0
2024-10-09T08:07:00.000Z,5.86,-3.84,445.3,4.88,150827
2024-10-09T08:08:00.000Z,6.00,-4.14,445.3,4.88,150827
2024-10-09T08:09:00.000Z,5.90,-4.46,445.3,4.88,150827
2024-10-09T08:10:00.000Z,5.82,-4.28,99999.9,999.99,9999999.0
2024-10-09T08:11:00.000Z,5.72,-3.84,99999.9,999.99,9999999.0
2024-10-09T08:12:00.000Z,5.73,-3.91,445.6,4.91,123823
2024-10-09T08:13:00.000Z,5.67,-3.90,445.6,4.91,123823
2024-10-09T08:14:00.000Z,5.69,-4.11,99999.9,999.99,9999999.0
2024-10-09T08:15:00.000Z,5.67,-3.83,99999.9,999.99,9999999.0
2024-10-09T08:16:00.000Z,5.61,-3.54,453.0,5.28,144512
2024-10-09T08:17:00.000Z,5.60,-3.45,447.4,5.14,134412
2024-10-09T08:18:00.000Z,5.67,-3.58,442.1,5.02,124520
2024-10-09T08:19:00.000Z,5.66,-3.48,454.2,4.80,124371
2024-10-09T08:20:00.000Z,5.64,-3.73,454.2,4.80,124371
2024-10-09T08:21:00.000Z,5.68,-3.96,99999.9,999.99,9999999.0
2024-10-09T08:22:00.000Z,5.67,-3.84,99999.9,999.99,9999999.0
2024-10-09T08:23:00.000Z,5.78,-3.41,99999.9,999.99,9999999.0
2024-10-09T08:24:00.000Z,5.74,-3.30,444.0,5.09,149320
2024-10-09T08:25:00.000Z,5.80,-2.55,444.0,5.09,149320
2024-10-09T08:26:00.000Z,5.68,-1.92,442.8,5.07,125250
2024-10-09T08:27:00.000Z,5.60,-2.21,442.8,5.10,129363
2024-10-09T08:28:00.000Z,5.56,-2.69,447.8,5.11,143514
2024-10-09T08:29:00.000Z,5.60,-3.26,458.1,5.01,150706
2024-10-09T08:30:00.000Z,5.61,-3.00,450.7,5.08,134717
2024-10-09T08:31:00.000Z,5.60,-2.94,450.9,5.07,134732
2024-10-09T08:32:00.000Z,5.61,-3.28,442.0,4.55,92258
2024-10-09T08:33:00.000Z,5.62,-2.81,452.1,4.69,106392
2024-10-09T08:34:00.000Z,5.64,-3.50,459.4,4.98,134285
2024-10-09T08:35:00.000Z,5.60,-2.43,448.1,4.91,122800
2024-10-09T08:36:00.000Z,5.60,-2.98,439.1,4.78,107180
2024-10-09T08:37:00.000Z,5.59,-2.80,452.2,5.75,180558
2024-10-09T08:38:00.000Z,5.60,-3.97,452.2,5.75,180558
2024-10-09T08:39:00.000Z,5.62,-4.73,99999.9,999.99,9999999.0
2024-10-09T08:40:00.000Z,5.56,-3.72,460.3,4.41,109073
2024-10-09T08:41:00.000Z,5.29,-1.49,460.3,4.41,109073
2024-10-09T08:42:00.000Z,5.44,-0.62,99999.9,999.99,9999999.0
2024-10-09T08:43:00.000Z,5.56,-0.95,99999.9,999.99,9999999.0
2024-10-09T08:44:00.000Z,5.57,-1.71,99999.9,999.99,9999999.0
2024-10-09T08:45:00.000Z,5.50,-2.59,99999.9,999.99,9999999.0
2024-10-09T08:46:00.000Z,5.48,-3.27,457.1,5.15,143782
2024-10-09T08:47:00.000Z,5.55,-3.92,456.9,5.14,141373
2024-10-09T08:48:00.000Z,5.63,-2.82,455.1,5.04,113588
2024-10-09T08:49:00.000Z,5.65,-2.76,449.0,5.02,114442
2024-10-09T08:50:00.000Z,5.67,-2.64,444.0,4.90,113116
2024-10-09T08:51:00.000Z,5.68,-2.74,448.2,4.79,118304
2024-10-09T08:52:00.000Z,5.75,-2.26,444.4,5.02,125850
2024-10-09T08:53:00.000Z,5.69,-2.68,443.7,4.77,109899
2024-10-09T08:54:00.000Z,5.83,-2.58,443.7,4.56,98014
2024-10-09T08:55:00.000Z,5.84,-2.23,99999.9,999.99,9999999.0
2024-10-09T08:56:00.000Z,5.70,-2.60,99999.9,999.99,9999999.0
2024-10-09T08:57:00.000Z,6.15,-1.78,446.7,4.72,120509
2024-10-09T08:58:00.000Z,5.89,-2.85,447.7,4.89,129362
2024-10-09T08:59:00.000Z,6.15,-2.76,447.7,4.35,84520
2024-10-09T09:00:00.000Z,5.97,-3.36,452.2,4.65,105343
2024-10-09T09:01:00.000Z,6.22,-3.27,451.3,4.74,110127
2024-10-09T09:02:00.000Z,6.22,-3.10,442.0,4.46,85669
2024-10-09T09:03:00.000Z,6.26,-3.15,99999.9,999.99,9999999.0
2024-10-09T09:04:00.000Z,6.24,-3.51,442.9,4.53,87664
2024-10-09T09:05:00.000Z,6.28,-3.75,444.0,4.49,85280
2024-10-09T09:06:00.000Z,6.26,-3.63,99999.9,999.99,9999999.0
2024-10-09T09:07:00.000Z,6.24,-4.02,455.7,4.54,80601
2024-10-09T09:08:00.000Z,6.24,-3.99,456.6,4.60,85052
2024-10-09T09:09:00.000Z,6.28,-3.88,460.3,4.82,102874
2024-10-09T09:10:00.000Z,6.29,-4.08,452.2,4.61,95389
2024-10-09T09:11:00.000Z,6.30,-3.82,456.2,4.65,100776
2024-10-09T09:12:00.000Z,6.30,-3.82,451.9,4.90,114370
2024-10-09T09:13:00.000Z,6.34,-4.04,464.3,3.55,76111
2024-10-09T09:14:00.000Z,6.24,-2.11,464.4,3.54,75816
2024-10-09T09:15:00.000Z,6.21,-3.00,460.4,4.41,89164
2024-10-09T09:16:00.000Z,6.08,-3.85,460.4,4.41,89164
2024-10-09T09:17:00.000Z,6.15,-3.24,460.4,4.41,89164
2024-10-09T09:18:00.000Z,6.06,-4.02,444.9,4.48,100809
2024-10-09T09:19:00.000Z,5.78,-2.92,444.9,4.48,100809
2024-10-09T09:20:00.000Z,5.38,-0.32,454.3,4.57,101154
2024-10-09T09:21:00.000Z,5.38,-2.16,455.7,4.58,101205
2024-10-09T09:22:00.000Z,5.59,-3.12,436.3,4.14,107639
2024-10-09T09:23:00.000Z,5.57,-2.88,436.3,4.14,107639
2024-10-09T09:24:00.000Z,5.66,-3.75,429.5,4.71,151904
2024-10-09T09:25:00.000Z,5.83,-4.01,428.9,4.77,156067
2024-10-09T09:26:00.000Z,5.93,-2.69,428.9,4.77,156067
2024-10-09T09:27:00.000Z,5.93,-1.14,99999.9,999.99,9999999.0
2024-10-09T09:28:00.000Z,5.83,-1.82,99999.9,999.99,9999999.0
2024-10-09T09:29:00.000Z,6.06,-0.27,99999.9,999.99,9999999.0
2024-10-09T09:30:00.000Z,5.91,0.33,99999.9,999.99,9999999.0
2024-10-09T09:31:00.000Z,6.17,1.37,454.6,4.48,110051
2024-10-09T09:32:00.000Z,6.20,0.80,454.6,4.48,110051
2024-10-09T09:33:00.000Z,6.12,1.08,99999.9,999.99,9999999.0
2024-10-09T09:34:00.000Z,6.18,0.61,454.4,4.56,97965
2024-10-09T09:35:00.000Z,6.26,-0.20,454.4,4.56,97965
2024-10-09T09:36:00.000Z,6.14,-1.07,99999.9,999.99,9999999.0
2024-10-09T09:37:00.000Z,6.07,0.37,99999.9,999.99,9999999.0
2024-10-09T09:38:00.000Z,6.06,-0.21,451.8,4.83,105405
2024-10-09T09:39:00.000Z,9999.99,9999.99,451.8,4.83,105405
2024-10-09T09:40:00.000Z,6.03,-0.73,99999.9,999.99,9999999.0
2024-10-09T09:41:00.000Z,6.30,-3.03,99999.9,999.99,9999999.0
2024-10-09T09:42:00.000Z,6.21,-1.89,99999.9,999.99,9999999.0
2024-10-09T09:43:00.000Z,6.29,-3.02,99999.9,999.99,9999999.0
2024-10-09T09:44:00.000Z,6.16,-2.02,429.4,4.67,66076
2024-10-09T09:45:00.000Z,6.19,-3.18,430.9,4.56,77452
2024-10-09T09:46:00.000Z,6.18,-2.87,432.7,4.42,91296
2024-10-09T09:47:00.000Z,6.10,-1.38,434.3,4.46,90003
2024-10-09T09:48:00.000Z,6.13,-0.74,434.3,4.46,90003
2024-10-09T09:49:00.000Z,6.22,-1.67,99999.9,999.99,9999999.0
2024-10-09T09:50:00.000Z,6.26,-2.80,427.4,4.22,81620
2024-10-09T09:51:00.000Z,6.10,-0.80,428.0,4.23,81952
2024-10-09T09:52:00.000Z,6.11,-1.78,436.5,4.30,86582
2024-10-09T09:53:00.000Z,6.16,-2.83,425.8,4.38,119256
2024-10-09T09:54:00.000Z,6.08,-2.91,425.1,4.20,117547
2024-10-09T09:55:00.000Z,5.96,-2.90,426.1,3.97,95826
2024-10-09T09:56:00.000Z,5.98,-2.80,429.2,4.49,117062
2024-10-09T09:57:00.000Z,6.14,-3.08,428.4,4.36,95179
2024-10-09T09:58:00.000Z,6.22,-3.03,434.2,4.41,77158
2024-10-09T09:59:00.000Z,6.17,-2.80,453.7,4.36,77033
2024-10-09T10:00:00.000Z,6.21,-3.20,449.0,4.43,93062
2024-10-09T10:01:00.000Z,6.20,-2.81,449.0,4.43,93062
2024-10-09T10:02:00.000Z,6.24,-2.84,99999.9,999.99,9999999.0
2024-10-09T10:03:00.000Z,6.25,-2.56,431.0,3.99,80032
2024-10-09T10:04:00.000Z,6.20,-2.62,453.2,4.44,83672
2024-10-09T10:05:00.000Z,6.35,-3.63,453.5,4.69,81479
2024-10-09T10:06:00.000Z,6.35,-3.36,456.6,4.28,72974
2024-10-09T10:07:00.000Z,6.42,-3.45,456.7,4.34,78225
2024-10-09T10:08:00.000Z,6.50,-3.41,457.1,4.07,67977
2024-10-09T10:09:00.000Z,6.47,-2.64,457.1,4.07,67977
2024-10-09T10:10:00.000Z,6.48,-1.82,459.1,4.43,84408
2024-10-09T10:11:00.000Z,6.43,-3.86,457.5,4.36,81181
2024-10-09T10:12:00.000Z,6.42,-3.07,456.6,4.10,72908
2024-10-09T10:13:00.000Z,6.42,-3.80,458.4,3.91,68872
2024-10-09T10:14:00.000Z,6.42,-3.86,444.3,4.37,98746
2024-10-09T10:15:00.000Z,6.37,-2.85,445.9,4.37,94377
2024-10-09T10:16:00.000Z,6.38,-4.54,451.1,4.38,80380
2024-10-09T10:17:00.000Z,6.44,-2.58,453.1,4.70,93264
2024-10-09T10:18:00.000Z,6.43,-2.85,451.0,4.42,86244
2024-10-09T10:19:00.000Z,6.43,-3.61,447.4,4.01,74550
2024-10-09T10:20:00.000Z,6.42,-3.75,443.5,4.73,95305
2024-10-09T10:21:00.000Z,6.41,-3.04,443.5,4.73,95305
2024-10-09T10:22:00.000Z,6.40,-2.25,99999.9,999.99,9999999.0
2024-10-09T10:23:00.000Z,6.44,-4.40,436.2,4.03,79019
2024-10-09T10:24:00.000Z,6.40,-5.25,435.9,4.09,81103
2024-10-09T10:25:00.000Z,6.34,-5.22,453.2,4.00,85190
2024-10-09T10:26:00.000Z,6.36,-5.33,444.6,4.04,88691
2024-10-09T10:27:00.000Z,6.36,-5.47,443.5,4.04,89025
2024-10-09T10:28:00.000Z,6.27,-5.71,99999.9,999.99,9999999.0
2024-10-09T10:29:00.000Z,6.32,-6.03,441.0,4.19,89350
2024-10-09T10:30:00.000Z,6.31,-5.85,448.6,4.22,94380
2024-10-09T10:31:00.000Z,6.34,-5.78,451.1,4.24,96095
2024-10-09T10:32:00.000Z,6.34,-5.87,99999.9,999.99,9999999.0
2024-10-09T10:33:00.000Z,6.33,-5.79,443.8,3.98,76288
2024-10-09T10:34:00.000Z,6.34,-5.71,443.8,3.98,76288
2024-10-09T10:35:00.000Z,6.24,-5.53,443.8,3.98,76288
2024-10-09T10:36:00.000Z,6.25,-5.82,456.4,4.54,106392
2024-10-09T10:37:00.000Z,6.34,-6.11,459.1,4.10,87768
2024-10-09T10:38:00.000Z,6.33,-6.02,457.1,4.67,88559
2024-10-09T10:39:00.000Z,6.44,-6.40,461.1,4.10,86108
2024-10-09T10:40:00.000Z,6.31,-5.97,462.7,4.08,90451
2024-10-09T10:41:00.000Z,6.32,-6.17,462.9,4.19,95629
2024-10-09T10:42:00.000Z,6.31,-5.92,463.2,4.30,101998
2024-10-09T10:43:00.000Z,6.34,-6.27,99999.9,999.99,9999999.0
2024-10-09T10:44:00.000Z,6.32,-6.06,459.3,3.86,77165
2024-10-09T10:45:00.000Z,6.34,-6.29,459.4,3.87,77621
2024-10-09T10:46:00.000Z,6.29,-6.16,99999.9,999.99,9999999.0
2024-10-09T10:47:00.000Z,9999.99,9999.99,99999.9,999.99,9999999.0
2024-10-09T10:48:00.000Z,6.13,-5.46,467.4,4.03,90798
2024-10-09T10:49:00.000Z,6.23,-5.19,467.4,4.03,90798
2024-10-09T10:50:00.000Z,6.09,-5.32,466.3,3.99,87059
2024-10-09T10:51:00.000Z,6.12,-4.90,464.1,3.99,74894
2024-10-09T10:52:00.000Z,6.09,-4.76,468.6,5.07,39226
2024-10-09T10:53:00.000Z,6.05,-4.63,468.9,5.15,36731
2024-10-09T10:54:00.000Z,6.17,-4.85,99999.9,999.99,9999999.0
2024-10-09T10:55:00.000Z,6.20,-4.30,451.0,4.43,54897
2024-10-09T10:56:00.000Z,6.16,-5.39,445.4,4.36,87018
2024-10-09T10:57:00.000Z,6.27,-5.72,447.2,4.39,97285
2024-10-09T10:58:00.000Z,6.29,-5.38,443.5,3.91,83812
2024-10-09T10:59:00.000Z,6.26,-4.86,443.0,3.71,78646
2024-10-09T11:00:00.000Z,6.28,-5.11,445.3,3.58,66197
2024-10-09T11:01:00.000Z,6.28,-4.80,449.9,4.14,69580
2024-10-09T11:02:00.000Z,6.34,-4.82,99999.9,999.99,9999999.0
2024-10-09T11:03:00.000Z,6.25,-4.35,445.3,4.23,87040
2024-10-09T11:04:00.000Z,6.21,-4.27,457.9,3.94,79631
2024-10-09T11:05:00.000Z,6.16,-4.01,468.0,4.02,85686
2024-10-09T11:06:00.000Z,6.10,-3.85,471.8,4.07,87581
2024-10-09T11:07:00.000Z,6.17,-4.60,461.0,3.71,70238
2024-10-09T11:08:00.000Z,6.16,-4.74,433.7,3.94,87052
2024-10-09T11:09:00.000Z,6.15,-4.03,440.8,4.19,98209
2024-10-09T11:10:00.000Z,6.17,-1.47,440.8,4.19,98209
2024-10-09T11:11:00.000Z,6.10,-0.70,428.7,4.13,73485
2024-10-09T11:12:00.000Z,6.13,-0.45,430.4,4.38,85467
2024-10-09T11:13:00.000Z,6.21,-1.45,424.5,4.68,99398
2024-10-09T11:14:00.000Z,6.22,-1.16,424.4,4.63,98858
2024-10-09T11:15:00.000Z,6.17,-0.29,426.4,4.55,103714
2024-10-09T11:16:00.000Z,6.12,-0.53,424.8,4.28,109381
2024-10-09T11:17:00.000Z,6.08,-2.36,424.8,4.28,109381
2024-10-09T11:18:00.000Z,6.22,-5.60,440.3,4.59,107377
2024-10-09T11:19:00.000Z,6.11,-5.56,462.1,5.03,104548
2024-10-09T11:20:00.000Z,6.14,-5.85,449.3,3.86,77456
2024-10-09T11:21:00.000Z,6.03,-3.99,448.0,3.75,74707
2024-10-09T11:22:00.000Z,5.86,-0.70,433.7,4.82,123425
2024-10-09T11:23:00.000Z,5.77,0.18,434.6,5.14,105057
2024-10-09T11:24:00.000Z,5.60,-0.41,435.6,4.91,80422
2024-10-09T11:25:00.000Z,5.84,-1.48,436.1,4.45,84131
2024-10-09T11:26:00.000Z,6.05,-2.80,430.9,4.19,92263
2024-10-09T11:27:00.000Z,6.09,-2.89,430.7,4.13,71337
2024-10-09T11:28:00.000Z,6.10,-4.00,432.0,4.11,85806
2024-10-09T11:29:00.000Z,6.08,-3.68,432.0,4.11,85806
2024-10-09T11:30:00.000Z,6.12,-3.77,99999.9,999.99,9999999.0
2024-10-09T11:31:00.000Z,6.05,-3.91,435.5,4.61,125636
2024-10-09T11:32:00.000Z,5.92,-4.01,435.5,4.61,125636
2024-10-09T11:33:00.000Z,6.01,-4.15,99999.9,999.99,9999999.0
2024-10-09T11:34:00.000Z,6.07,-3.92,431.5,4.23,114850
2024-10-09T11:35:00.000Z,6.09,-4.17,431.5,4.23,114850
2024-10-09T11:36:00.000Z,6.02,-4.10,435.7,4.07,113800
2024-10-09T11:37:00.000Z,5.94,-3.70,436.3,4.04,113641
2024-10-09T11:38:00.000Z,6.11,-4.06,436.3,4.04,113641
2024-10-09T11:39:00.000Z,6.11,-4.06,99999.9,999.99,9999999.0
2024-10-09T11:40:00.000Z,6.07,-3.81,99999.9,999.99,9999999.0
2024-10-09T11:41:00.000Z,9999.99,9999.99,99999.9,999.99,9999999.0
2024-10-09T11:42:00.000Z,6.18,-4.18,99999.9,999.99,9999999.0
2024-10-09T11:43:00.000Z,9999.99,9999.99,99999.9,999.99,9999999.0
2024-10-09T11:44:00.000Z,6.16,-4.03,99999.9,999.99,9999999.0
2024-10-09T11:45:00.000Z,9999.99,9999.99,99999.9,999.99,9999999.0
2024-10-09T11:46:00.000Z,6.18,-4.00,428.2,4.57,108406
2024-10-09T11:47:00.000Z,9999.99,9999.99,428.2,4.57,108406
2024-10-09T11:48:00.000Z,6.18,-3.97,99999.9,999.99,9999999.0
2024-10-09T11:49:00.000Z,9999.99,9999.99,99999.9,999.99,9999999.0
2024-10-09T11:50:00.000Z,6.21,-3.96,99999.9,999.99,9999999.0
2024-10-09T11:51:00.000Z,9999.99,9999.99,99999.9,999.99,9999999.0
2024-10-09T11:52:00.000Z,6.17,-3.94,99999.9,999.99,9999999.0
2024-10-09T11:53:00.000Z,9999.99,9999.99,99999.9,999.99,9999999.0
2024-10-09T11:54:00.000Z,6.17,-4.04,99999.9,999.99,9999999.0
2024-10-09T11:55:00.000Z,9999.99,9999.99,99999.9,999.99,9999999.0
2024-10-09T11:56:00.000Z,6.17,-4.09,99999.9,999.99,9999999.0
2024-10-09T11:57:00.000Z,6.15,-4.43,99999.9,999.99,9999999.0
2024-10-09T11:58:00.000Z,6.14,-4.22,99999.9,999.99,9999999.0
2024-10-09T11:59:00.000Z,6.18,-4.05,430.6,4.53,118171
2024-10-09T12:00:00.000Z,6.05,-4.27,428.1,4.71,128101
2024-10-09T12:01:00.000Z,6.26,-4.34,424.4,5.00,143016
2024-10-09T12:02:00.000Z,6.26,-4.39,430.9,4.15,100908
2024-10-09T12:03:00.000Z,6.30,-4.61,431.0,4.15,100760
2024-10-09T12:04:00.000Z,6.27,-4.82,436.2,4.22,91455
2024-10-09T12:05:00.000Z,6.27,-4.58,436.2,4.22,91455
2024-10-09T12:06:00.000Z,6.34,-4.88,99999.9,999.99,9999999.0
2024-10-09T12:07:00.000Z,6.41,-5.24,99999.9,999.99,9999999.0
2024-10-09T12:08:00.000Z,6.28,-4.54,99999.9,999.99,9999999.0
2024-10-09T12:09:00.000Z,6.15,-4.29,430.0,4.93,69979
2024-10-09T12:10:00.000Z,6.16,-4.45,430.0,4.93,69979
2024-10-09T12:11:00.000Z,6.24,-4.76,99999.9,999.99,9999999.0
2024-10-09T12:12:00.000Z,6.24,-4.76,99999.9,999.99,9999999.0
2024-10-09T12:13:00.000Z,6.28,-4.70,99999.9,999.99,9999999.0
2024-10-09T12:14:00.000Z,6.29,-4.66,99999.9,999.99,9999999.0
2024-10-09T12:15:00.000Z,9999.99,9999.99,99999.9,999.99,9999999.0
2024-10-09T12:16:00.000Z,6.29,-4.67,99999.9,999.99,9999999.0
2024-10-09T12:17:00.000Z,6.17,-5.00,99999.9,999.99,9999999.0
2024-10-09T12:18:00.000Z,6.04,-5.46,434.4,5.10,99775
2024-10-09T12:19:00.000Z,6.11,-4.88,434.6,4.51,99532
2024-10-09T12:20:00.000Z,6.12,-4.43,440.3,3.93,91010
2024-10-09T12:21:00.000Z,6.09,-4.53,440.7,4.39,95764
2024-10-09T12:22:00.000Z,5.93,-3.76,440.5,4.59,111612
2024-10-09T12:23:00.000Z,6.03,-3.83,436.9,4.99,139407
2024-10-09T12:24:00.000Z,5.95,-3.00,433.2,5.35,162587
2024-10-09T12:25:00.000Z,5.85,-0.88,99999.9,999.99,9999999.0
2024-10-09T12:26:00.000Z,5.81,-2.85,428.6,4.37,85312
2024-10-09T12:27:00.000Z,5.67,-2.03,430.4,4.76,130982
2024-10-09T12:28:00.000Z,5.66,-1.19,430.1,5.10,77820
2024-10-09T12:29:00.000Z,5.68,-1.20,430.1,5.11,74707
2024-10-09T12:30:00.000Z,5.64,0.55,99999.9,999.99,9999999.0
2024-10-09T12:31:00.000Z,5.60,-0.45,99999.9,999.99,9999999.0
2024-10-09T12:32:00.000Z,5.66,0.00,99999.9,999.99,9999999.0
2024-10-09T12:33:00.000Z,5.74,-3.02,99999.9,999.99,9999999.0
2024-10-09T12:34:00.000Z,5.64,-3.57,99999.9,999.99,9999999.0
2024-10-09T12:35:00.000Z,5.58,-2.06,440.4,4.66,132170
2024-10-09T12:36:00.000Z,5.50,-1.20,441.5,5.06,133351
2024-10-09T12:37:00.000Z,5.47,-2.62,442.4,5.66,133992
2024-10-09T12:38:00.000Z,5.44,-3.02,445.2,5.19,117284
2024-10-09T12:39:00.000Z,5.44,-3.71,452.8,4.72,90023
2024-10-09T12:40:00.000Z,5.44,-3.91,442.1,4.71,101008
2024-10-09T12:41:00.000Z,5.48,-4.46,461.4,5.08,132075
2024-10-09T12:42:00.000Z,5.46,-3.56,462.8,5.09,133190
2024-10-09T12:43:00.000Z,5.44,-1.89,99999.9,999.99,9999999.0
2024-10-09T12:44:00.000Z,5.49,-2.91,449.3,4.65,83318
2024-10-09T12:45:00.000Z,5.48,-2.83,443.8,4.61,95742
2024-10-09T12:46:00.000Z,5.49,-2.32,440.4,4.26,100437
2024-10-09T12:47:00.000Z,5.25,-2.43,444.4,4.56,100224
2024-10-09T12:48:00.000Z,5.45,-2.97,438.2,4.99,123058
2024-10-09T12:49:00.000Z,5.46,-2.44,99999.9,999.99,9999999.0
2024-10-09T12:50:00.000Z,5.54,-2.90,99999.9,999.99,9999999.0
2024-10-09T12:51:00.000Z,5.32,-2.62,446.1,5.09,81709
2024-10-09T12:52:00.000Z,5.16,-2.99,445.7,5.10,80253
2024-10-09T12:53:00.000Z,5.22,-2.80,444.6,5.15,75495
2024-10-09T12:54:00.000Z,5.32,-2.30,99999.9,999.99,9999999.0
2024-10-09T12:55:00.000Z,5.39,-4.49,99999.9,999.99,9999999.0
2024-10-09T12:56:00.000Z,5.51,-3.68,441.3,3.84,97188
2024-10-09T12:57:00.000Z,5.55,-3.95,441.3,3.84,97188
2024-10-09T12:58:00.000Z,5.54,-3.80,441.3,3.84,97188
2024-10-09T12:59:00.000Z,5.59,-4.70,446.1,5.06,106012
2024-10-09T13:00:00.000Z,5.60,-5.01,446.1,5.06,106012
2024-10-09T13:01:00.000Z,5.62,-5.37,446.1,5.06,106012
2024-10-09T13:02:00.000Z,5.59,-5.45,453.8,4.30,91785
2024-10-09T13:03:00.000Z,5.62,-5.39,453.8,4.30,91785
2024-10-09T13:04:00.000Z,5.62,-5.46,99999.9,999.99,9999999.0
2024-10-09T13:05:00.000Z,5.66,-5.51,99999.9,999.99,9999999.0
2024-10-09T13:06:00.000Z,5.61,-5.53,99999.9,999.99,9999999.0
2024-10-09T13:07:00.000Z,5.05,-0.33,459.9,4.17,87040
2024-10-09T13:08:00.000Z,4.23,-1.17,459.9,4.17,87040
2024-10-09T13:09:00.000Z,4.75,-1.86,99999.9,999.99,9999999.0
2024-10-09T13:10:00.000Z,4.92,-2.41,99999.9,999.99,9999999.0
2024-10-09T13:11:00.000Z,5.01,-3.51,99999.9,999.99,9999999.0
2024-10-09T13:12:00.000Z,4.77,-0.31,99999.9,999.99,9999999.0
2024-10-09T13:13:00.000Z,5.06,-0.13,99999.9,999.99,9999999.0
2024-10-09T13:14:00.000Z,5.21,-0.05,99999.9,999.99,9999999.0
2024-10-09T13:15:00.000Z,5.31,0.71,99999.9,999.99,9999999.0
2024-10-09T13:16:00.000Z,5.30,-2.06,433.0,4.46,137597
2024-10-09T13:17:00.000Z,5.45,-1.99,433.0,4.46,137597
2024-10-09T13:18:00.000Z,5.41,-1.88,433.0,4.46,137597
2024-10-09T13:19:00.000Z,5.36,-2.42,99999.9,999.99,9999999.0
2024-10-09T13:20:00.000Z,5.34,-1.37,418.6,4.40,70974
2024-10-09T13:21:00.000Z,5.47,-2.76,427.1,4.67,117801
2024-10-09T13:22:00.000Z,5.46,-2.49,439.1,4.59,120430
2024-10-09T13:23:00.000Z,5.40,-2.23,444.2,4.55,92001
2024-10-09T13:24:00.000Z,5.39,-2.29,430.6,4.36,157718
2024-10-09T13:25:00.000Z,5.49,-2.30,429.9,4.59,145811
2024-10-09T13:26:00.000Z,5.49,-1.85,429.6,4.73,137771
2024-10-09T13:27:00.000Z,5.50,-3.06,99999.9,999.99,9999999.0
2024-10-09T13:28:00.000Z,5.50,-2.75,438.3,5.38,130816
2024-10-09T13:29:00.000Z,5.44,-3.37,440.9,5.19,124716
2024-10-09T13:30:00.000Z,5.42,-3.37,451.1,4.48,101206
2024-10-09T13:31:00.000Z,5.43,-1.87,425.1,4.67,69958
2024-10-09T13:32:00.000Z,5.54,-1.93,423.5,4.69,67225
2024-10-09T13:33:00.000Z,5.49,-1.60,418.1,4.81,57878
2024-10-09T13:34:00.000Z,5.53,-1.72,99999.9,999.99,9999999.0
2024-10-09T13:35:00.000Z,5.25,-1.23,444.0,4.77,69404
2024-10-09T13:36:00.000Z,5.17,-1.05,444.0,4.77,69404
2024-10-09T13:37:00.000Z,5.63,-2.38,461.9,4.38,66355
2024-10-09T13:38:00.000Z,5.62,-0.41,470.0,3.96,64474
2024-10-09T13:39:00.000Z,5.70,-1.37,457.1,3.94,70557
2024-10-09T13:40:00.000Z,5.57,-2.44,463.9,4.43,94895
2024-10-09T13:41:00.000Z,5.91,-2.17,455.6,4.05,74685
2024-10-09T13:42:00.000Z,5.55,-2.29,446.5,4.37,106906
2024-10-09T13:43:00.000Z,5.52,-2.80,436.9,4.71,108635
2024-10-09T13:44:00.000Z,5.61,-3.14,452.3,4.37,105033
2024-10-09T13:45:00.000Z,5.58,-2.33,456.7,4.36,99685
2024-10-09T13:46:00.000Z,5.62,-4.10,471.0,3.77,64258
2024-10-09T13:47:00.000Z,5.67,-1.75,471.0,3.77,64258
2024-10-09T13:48:00.000Z,5.96,-1.89,99999.9,999.99,9999999.0
2024-10-09T13:49:00.000Z,5.72,-2.19,99999.9,999.99,9999999.0
2024-10-09T13:50:00.000Z,5.90,-1.70,479.6,3.95,100711
2024-10-09T13:51:00.000Z,5.84,-1.75,479.6,3.95,100711
2024-10-09T13:52:00.000Z,5.98,-1.58,479.3,4.11,98062
2024-10-09T13:53:00.000Z,6.09,-2.42,479.3,4.11,98062
2024-10-09T13:54:00.000Z,6.02,-2.30,480.4,3.49,67739
2024-10-09T13:55:00.000Z,6.06,-2.17,480.1,3.51,68624
2024-10-09T13:56:00.000Z,5.97,-2.64,99999.9,999.99,9999999.0
2024-10-09T13:57:00.000Z,6.06,-2.72,465.0,3.71,70639
2024-10-09T13:58:00.000Z,6.09,-4.65,463.6,3.63,66426
2024-10-09T13:59:00.000Z,6.12,-4.96,459.4,3.42,54305
2024-10-09T14:00:00.000Z,6.12,-4.20,459.4,3.42,54305
2024-10-09T14:01:00.000Z,6.11,-3.31,99999.9,999.99,9999999.0
2024-10-09T14:02:00.000Z,6.11,-4.07,459.5,3.72,64652
2024-10-09T14:03:00.000Z,6.06,-4.40,462.6,4.11,78525
2024-10-09T14:04:00.000Z,6.02,-3.63,465.0,4.41,89211
2024-10-09T14:05:00.000Z,6.01,-3.26,99999.9,999.99,9999999.0
2024-10-09T14:06:00.000Z,6.02,-3.58,459.2,4.03,81842
2024-10-09T14:07:00.000Z,6.07,-3.36,463.9,3.64,59816
2024-10-09T14:08:00.000Z,6.02,-2.67,466.4,3.53,52854
2024-10-09T14:09:00.000Z,5.97,-2.73,469.8,3.85,71178
2024-10-09T14:10:00.000Z,5.87,-2.19,469.8,3.85,71178
2024-10-09T14:11:00.000Z,5.90,-2.44,469.8,3.36,51338
2024-10-09T14:12:00.000Z,5.96,-2.32,469.8,3.36,51338
2024-10-09T14:13:00.000Z,5.96,-2.17,99999.9,999.99,9999999.0
2024-10-09T14:14:00.000Z,5.97,-2.07,462.3,4.24,93204
2024-10-09T14:15:00.000Z,6.01,-2.60,464.8,3.90,76767
2024-10-09T14:16:00.000Z,6.03,-3.11,464.0,3.75,69564
2024-10-09T14:17:00.000Z,6.01,-3.11,458.8,3.89,77020
2024-10-09T14:18:00.000Z,5.96,-3.58,458.7,3.88,76656
2024-10-09T14:19:00.000Z,5.87,-3.96,453.4,3.22,57058
2024-10-09T14:20:00.000Z,5.91,-4.55,450.7,3.87,85908
2024-10-09T14:21:00.000Z,6.00,-3.90,455.9,4.14,88554
2024-10-09T14:22:00.000Z,6.11,-3.83,461.1,4.11,79940
2024-10-09T14:23:00.000Z,6.05,-3.62,458.7,3.79,65845
2024-10-09T14:24:00.000Z,6.02,-4.16,458.7,3.79,65845
2024-10-09T14:25:00.000Z,6.01,-4.39,458.7,3.79,65845
2024-10-09T14:26:00.000Z,5.99,-3.23,99999.9,999.99,9999999.0
2024-10-09T14:27:00.000Z,5.86,-3.81,455.6,3.86,79150
2024-10-09T14:28:00.000Z,5.80,-3.35,455.6,3.86,79150
2024-10-09T14:29:00.000Z,5.81,-2.99,455.6,3.86,79150
2024-10-09T14:30:00.000Z,5.75,-2.64,447.4,3.83,85124
2024-10-09T14:31:00.000Z,5.80,-2.47,447.4,3.83,85124
2024-10-09T14:32:00.000Z,5.69,-0.42,99999.9,999.99,9999999.0
2024-10-09T14:33:00.000Z,5.69,0.28,437.8,4.32,101977
2024-10-09T14:34:00.000Z,5.64,0.75,429.6,4.72,100067
2024-10-09T14:35:00.000Z,5.57,0.72,421.6,5.11,98209
2024-10-09T14:36:00.000Z,5.58,0.46,421.5,4.69,95690
2024-10-09T14:37:00.000Z,5.64,0.81,432.0,4.23,97178
2024-10-09T14:38:00.000Z,5.62,0.50,433.7,4.16,94264
2024-10-09T14:39:00.000Z,5.61,0.38,418.9,4.56,81152
2024-10-09T14:40:00.000Z,5.65,-0.23,416.3,4.69,58990
2024-10-09T14:41:00.000Z,5.60,0.12,422.9,4.64,95677
2024-10-09T14:42:00.000Z,5.62,0.42,428.0,4.61,126824
2024-10-09T14:43:00.000Z,5.62,-0.02,430.3,4.67,109116
2024-10-09T14:44:00.000Z,5.54,-0.55,431.5,4.45,127188
2024-10-09T14:45:00.000Z,5.64,0.19,412.9,4.50,90891
2024-10-09T14:46:00.000Z,5.59,0.72,412.9,4.50,90891
2024-10-09T14:47:00.000Z,5.63,-0.18,99999.9,999.99,9999999.0
2024-10-09T14:48:00.000Z,5.54,-0.36,417.0,4.52,64336
2024-10-09T14:49:00.000Z,5.52,-0.17,418.3,4.39,77742
2024-10-09T14:50:00.000Z,5.60,0.39,425.4,4.20,108259
2024-10-09T14:51:00.000Z,5.58,-0.14,417.4,4.49,65119
2024-10-09T14:52:00.000Z,5.68,-0.05,414.3,4.51,57318
2024-10-09T14:53:00.000Z,5.57,0.20,412.3,4.45,65359
2024-10-09T14:54:00.000Z,5.76,-0.74,411.3,4.36,63034
2024-10-09T14:55:00.000Z,5.64,-0.28,431.5,4.37,110087
2024-10-09T14:56:00.000Z,5.49,0.73,436.4,4.38,121534
2024-10-09T14:57:00.000Z,5.60,0.70,414.4,4.67,61713
2024-10-09T14:58:00.000Z,5.66,0.65,414.3,4.67,61488
2024-10-09T14:59:00.000Z,5.59,1.34,411.3,3.52,75346
2024-10-09T15:00:00.000Z,5.57,-0.71,415.6,3.88,69512
2024-10-09T15:01:00.000Z,5.67,1.51,430.9,4.30,76036
2024-10-09T15:02:00.000Z,5.73,2.55,448.3,4.43,92305
2024-10-09T15:03:00.000Z,5.74,2.49,448.2,4.32,82054
2024-10-09T15:04:00.000Z,5.74,2.36,438.9,4.30,88727
2024-10-09T15:05:00.000Z,5.16,1.49,429.0,4.14,102194
2024-10-09T15:06:00.000Z,5.39,1.31,421.4,4.24,105027
2024-10-09T15:07:00.000Z,5.10,0.61,437.1,4.17,117912
2024-10-09T15:08:00.000Z,5.45,0.69,423.0,4.93,170995
2024-10-09T15:09:00.000Z,5.19,0.08,430.5,4.67,117024
2024-10-09T15:10:00.000Z,5.21,-0.41,413.1,3.65,47838
2024-10-09T15:11:00.000Z,5.26,-0.74,421.8,4.26,80384
2024-10-09T15:12:00.000Z,5.16,-1.85,419.2,4.26,73386
2024-10-09T15:13:00.000Z,5.26,-1.97,420.1,4.30,72633
2024-10-09T15:14:00.000Z,5.18,-2.13,420.0,4.71,83461
2024-10-09T15:15:00.000Z,5.22,-2.31,420.1,4.72,84259
2024-10-09T15:16:00.000Z,5.23,-2.55,420.1,4.26,87495
2024-10-09T15:17:00.000Z,4.99,-2.41,422.3,4.16,83377
2024-10-09T15:18:00.000Z,5.16,-1.85,423.7,4.20,79918
2024-10-09T15:19:00.000Z,5.09,-2.08,99999.9,999.99,9999999.0
2024-10-09T15:20:00.000Z,4.93,-0.24,99999.9,999.99,9999999.0
2024-10-09T15:21:00.000Z,5.05,0.39,99999.9,999.99,9999999.0
2024-10-09T15:22:00.000Z,5.09,-1.63,99999.9,999.99,9999999.0
2024-10-09T15:23:00.000Z,4.94,-2.26,99999.9,999.99,9999999.0
2024-10-09T15:24:00.000Z,5.12,-2.55,99999.9,999.99,9999999.0
2024-10-09T15:25:00.000Z,5.06,-1.25,424.5,4.29,89676
2024-10-09T15:26:00.000Z,5.20,-1.60,424.5,4.29,89676
2024-10-09T15:27:00.000Z,5.26,-1.18,424.5,4.29,89676
2024-10-09T15:28:00.000Z,5.17,-0.94,99999.9,999.99,9999999.0
2024-10-09T15:29:00.000Z,5.10,-1.46,99999.9,999.99,9999999.0
2024-10-09T15:30:00.000Z,5.08,-1.25,424.7,3.94,83993
2024-10-09T15:31:00.000Z,5.21,-1.58,424.7,3.94,83993
2024-10-09T15:32:00.000Z,5.04,-1.46,427.0,4.26,118486
2024-10-09T15:33:00.000Z,5.00,-1.61,427.2,4.28,120939
2024-10-09T15:34:00.000Z,4.98,-2.39,427.2,4.28,120939
2024-10-09T15:35:00.000Z,4.99,-1.78,99999.9,999.99,9999999.0
2024-10-09T15:36:00.000Z,5.14,-1.32,99999.9,999.99,9999999.0
2024-10-09T15:37:00.000Z,5.46,0.06,425.2,5.35,164853
2024-10-09T15:38:00.000Z,5.34,0.50,425.2,5.35,164853
2024-10-09T15:39:00.000Z,5.39,0.34,99999.9,999.99,9999999.0
2024-10-09T15:40:00.000Z,5.43,0.30,99999.9,999.99,9999999.0
2024-10-09T15:41:00.000Z,5.38,-0.58,99999.9,999.99,9999999.0
2024-10-09T15:42:00.000Z,5.44,-0.50,99999.9,999.99,9999999.0
2024-10-09T15:43:00.000Z,5.45,-0.49,421.4,3.83,54232
2024-10-09T15:44:00.000Z,5.49,0.18,421.4,3.83,54232
2024-10-09T15:45:00.000Z,5.45,-0.55,421.4,3.83,54232
2024-10-09T15:46:00.000Z,5.49,-0.74,99999.9,999.99,9999999.0
2024-10-09T15:47:00.000Z,5.46,-0.57,99999.9,999.99,9999999.0
2024-10-09T15:48:00.000Z,5.46,-0.57,99999.9,999.99,9999999.0
2024-10-09T15:49:00.000Z,5.52,-0.52,99999.9,999.99,9999999.0
2024-10-09T15:50:00.000Z,5.41,-0.48,99999.9,999.99,9999999.0
2024-10-09T15:51:00.000Z,5.50,-0.95,426.7,4.44,54377
2024-10-09T15:52:00.000Z,5.52,-1.39,426.7,4.44,54377
2024-10-09T15:53:00.000Z,5.54,-1.08,420.2,4.04,49443
2024-10-09T15:54:00.000Z,5.55,-1.21,419.8,4.02,49176
2024-10-09T15:55:00.000Z,5.44,-0.95,99999.9,999.99,9999999.0
2024-10-09T15:56:00.000Z,5.39,-0.98,99999.9,999.99,9999999.0
2024-10-09T15:57:00.000Z,5.36,-0.94,418.7,4.37,50356
2024-10-09T15:58:00.000Z,5.45,-0.49,418.7,4.37,50356
2024-10-09T15:59:00.000Z,5.44,-0.58,418.7,4.37,50356
2024-10-09T16:00:00.000Z,5.46,-0.74,99999.9,999.99,9999999.0
2024-10-09T16:01:00.000Z,5.37,-0.79,424.6,4.82,72094
2024-10-09T16:02:00.000Z,5.39,-1.04,424.6,4.82,72094
2024-10-09T16:03:00.000Z,5.53,-1.19,99999.9,999.99,9999999.0
2024-10-09T16:04:00.000Z,5.44,-0.86,99999.9,999.99,9999999.0
2024-10-09T16:05:00.000Z,5.39,-0.45,418.1,4.49,50042
2024-10-09T16:06:00.000Z,5.37,-0.48,418.1,4.49,50042
2024-10-09T16:07:00.000Z,5.37,-0.68,418.1,4.49,50042
2024-10-09T16:08:00.000Z,5.43,-0.46,99999.9,999.99,9999999.0
2024-10-09T16:09:00.000Z,5.41,0.11,417.5,4.38,50356
2024-10-09T16:10:00.000Z,5.47,-0.22,417.5,4.38,50356
2024-10-09T16:11:00.000Z,5.41,-0.18,99999.9,999.99,9999999.0
2024-10-09T16:12:00.000Z,5.39,-0.73,99999.9,999.99,9999999.0
2024-10-09T16:13:00.000Z,5.42,-0.61,99999.9,999.99,9999999.0
2024-10-09T16:14:00.000Z,5.35,-0.74,416.7,3.92,53151
2024-10-09T16:15:00.000Z,5.40,-0.70,417.6,4.14,54154
2024-10-09T16:16:00.000Z,5.41,0.02,420.0,4.77,56984
2024-10-09T16:17:00.000Z,5.37,0.21,420.0,4.77,56984
2024-10-09T16:18:00.000Z,5.48,-0.60,439.6,4.79,92821
2024-10-09T16:19:00.000Z,5.41,0.34,432.0,4.70,99483
2024-10-09T16:20:00.000Z,5.58,-0.40,429.7,4.58,106993
2024-10-09T16:21:00.000Z,5.46,-1.06,432.1,4.60,107792
2024-10-09T16:22:00.000Z,5.36,-0.22,433.3,4.58,110406
2024-10-09T16:23:00.000Z,5.40,0.05,437.2,4.51,119227
2024-10-09T16:24:00.000Z,5.30,0.17,438.5,4.48,122240
2024-10-09T16:25:00.000Z,5.43,0.25,99999.9,999.99,9999999.0
2024-10-09T16:26:00.000Z,5.49,0.45,99999.9,999.99,9999999.0
2024-10-09T16:27:00.000Z,5.49,0.47,428.9,4.37,71885
2024-10-09T16:28:00.000Z,5.38,0.13,431.4,4.49,82840
2024-10-09T16:29:00.000Z,5.26,-0.19,437.3,4.78,109026
2024-10-09T16:30:00.000Z,5.29,0.09,434.5,4.75,163907
2024-10-09T16:31:00.000Z,5.27,-0.06,434.5,4.75,163907
2024-10-09T16:32:00.000Z,5.54,-0.42,436.8,4.60,96220
2024-10-09T16:33:00.000Z,5.50,-0.53,436.8,4.60,96220
2024-10-09T16:34:00.000Z,5.63,-0.71,431.3,4.92,122894
2024-10-09T16:35:00.000Z,5.62,0.49,427.8,4.93,109485
2024-10-09T16:36:00.000Z,5.55,0.98,426.2,4.74,88208
2024-10-09T16:37:00.000Z,5.54,1.32,440.4,4.31,83139
2024-10-09T16:38:00.000Z,5.52,1.17,448.2,4.21,84534
2024-10-09T16:39:00.000Z,5.73,-0.06,427.5,4.82,107027
2024-10-09T16:40:00.000Z,5.73,0.49,426.3,4.69,95548
2024-10-09T16:41:00.000Z,5.68,0.36,421.8,4.23,52936
2024-10-09T16:42:00.000Z,5.52,1.07,435.9,4.34,119666
2024-10-09T16:43:00.000Z,5.47,0.73,434.1,4.39,116214
2024-10-09T16:44:00.000Z,5.49,0.48,427.4,4.42,94457
2024-10-09T16:45:00.000Z,5.55,-0.03,425.5,4.14,75088
2024-10-09T16:46:00.000Z,5.53,-0.49,432.2,4.86,63119
2024-10-09T16:47:00.000Z,5.51,-0.15,432.2,4.86,63119
2024-10-09T16:48:00.000Z,5.52,-1.19,432.2,4.86,63119
2024-10-09T16:49:00.000Z,5.63,-2.20,99999.9,999.99,9999999.0
2024-10-09T16:50:00.000Z,5.55,-1.37,430.8,4.87,94156
2024-10-09T16:51:00.000Z,5.68,-1.00,429.3,4.91,110708
2024-10-09T16:52:00.000Z,5.68,-0.90,427.5,4.96,131556
2024-10-09T16:53:00.000Z,5.69,-0.64,99999.9,999.99,9999999.0
2024-10-09T16:54:00.000Z,5.68,-0.49,431.7,4.60,93619
2024-10-09T16:55:00.000Z,5.72,-0.50,428.1,4.84,103312
2024-10-09T16:56:00.000Z,5.74,-0.46,426.4,4.73,99983
2024-10-09T16:57:00.000Z,5.72,-0.68,427.6,4.76,77788
2024-10-09T16:58:00.000Z,5.68,-0.26,428.5,4.88,99851
2024-10-09T16:59:00.000Z,5.67,-0.23,99999.9,999.99,9999999.0
2024-10-09T17:00:00.000Z,5.63,-0.38,99999.9,999.99,9999999.0
2024-10-09T17:01:00.000Z,5.67,-0.41,99999.9,999.99,9999999.0
2024-10-09T17:02:00.000Z,5.65,-0.32,439.0,3.86,74028
2024-10-09T17:03:00.000Z,5.60,0.82,438.7,3.88,74663
2024-10-09T17:04:00.000Z,5.65,0.19,431.3,4.41,88747
2024-10-09T17:05:00.000Z,5.62,-0.21,431.3,4.41,88747
2024-10-09T17:06:00.000Z,9999.99,9999.99,99999.9,999.99,9999999.0
2024-10-09T17:07:00.000Z,9999.99,9999.99,99999.9,999.99,9999999.0
2024-10-09T17:08:00.000Z,5.62,-0.72,99999.9,999.99,9999999.0
2024-10-09T17:09:00.000Z,9999.99,9999.99,99999.9,999.99,9999999.0
2024-10-09T17:10:00.000Z,5.62,-0.69,430.2,4.81,118088
2024-10-09T17:11:00.000Z,5.60,0.03,432.6,4.65,109886
2024-10-09T17:12:00.000Z,5.63,-0.66,440.7,4.10,82690
2024-10-09T17:13:00.000Z,5.61,-1.32,440.9,4.14,66977
2024-10-09T17:14:00.000Z,9999.99,9999.99,438.3,3.95,68799
2024-10-09T17:15:00.000Z,5.64,-1.24,436.0,3.79,70433
2024-10-09T17:16:00.000Z,5.63,-2.59,99999.9,999.99,9999999.0
2024-10-09T17:17:00.000Z,5.61,-0.01,99999.9,999.99,9999999.0
2024-10-09T17:18:00.000Z,5.61,-0.22,99999.9,999.99,9999999.0
2024-10-09T17:19:00.000Z,5.61,-0.22,99999.9,999.99,9999999.0
2024-10-09T17:20:00.000Z,5.66,0.15,429.1,4.44,73774
2024-10-09T17:21:00.000Z,5.71,0.46,429.1,4.44,73774
2024-10-09T17:22:00.000Z,5.70,0.61,429.1,4.44,73774
2024-10-09T17:23:00.000Z,5.69,0.58,428.3,4.44,72931
2024-10-09T17:24:00.000Z,5.69,0.67,428.3,4.44,72931
2024-10-09T17:25:00.000Z,5.62,0.75,99999.9,999.99,9999999.0
2024-10-09T17:26:00.000Z,5.65,0.59,426.4,4.48,80425
2024-10-09T17:27:00.000Z,5.64,-0.05,426.4,4.48,80425
2024-10-09T17:28:00.000Z,5.62,0.02,99999.9,999.99,9999999.0
2024-10-09T17:29:00.000Z,5.61,-0.40,427.5,4.63,102695
2024-10-09T17:30:00.000Z,5.62,-1.05,427.5,4.63,102695
2024-10-09T17:31:00.000Z,5.62,0.17,427.5,4.63,102695
2024-10-09T17:32:00.000Z,5.54,1.68,425.4,4.09,64218
2024-10-09T17:33:00.000Z,5.47,1.32,425.4,4.09,64218
2024-10-09T17:34:00.000Z,5.44,1.11,426.0,4.04,76058
2024-10-09T17:35:00.000Z,5.40,1.10,429.6,4.01,77026
2024-10-09T17:36:00.000Z,5.48,0.08,431.1,3.99,76934
2024-10-09T17:37:00.000Z,5.48,1.25,433.9,4.57,80425
2024-10-09T17:38:00.000Z,5.42,1.06,433.9,4.57,80425
2024-10-09T17:39:00.000Z,5.51,0.92,430.9,4.37,75347
2024-10-09T17:40:00.000Z,5.50,1.16,430.6,4.35,74749
2024-10-09T17:41:00.000Z,5.58,2.19,431.7,4.42,81887
2024-10-09T17:42:00.000Z,5.53,0.66,431.6,4.41,83829
2024-10-09T17:43:00.000Z,5.53,1.99,430.6,4.31,118035
2024-10-09T17:44:00.000Z,5.54,0.88,430.6,4.31,118035
2024-10-09T17:45:00.000Z,5.60,3.27,433.3,4.11,50181
2024-10-09T17:46:00.000Z,5.67,3.36,433.3,4.11,50181
2024-10-09T17:47:00.000Z,9999.99,9999.99,433.3,4.11,50181
2024-10-09T17:48:00.000Z,9999.99,9999.99,99999.9,999.99,9999999.0
2024-10-09T17:49:00.000Z,9999.99,9999.99,99999.9,999.99,9999999.0
2024-10-09T17:50:00.000Z,9999.99,9999.99,99999.9,999.99,9999999.0
2024-10-09T17:51:00.000Z,5.59,2.73,99999.9,999.99,9999999.0
2024-10-09T17:52:00.000Z,5.59,2.73,99999.9,999.99,9999999.0
2024-10-09T17:53:00.000Z,5.63,4.17,434.4,3.71,95257
2024-10-09T17:54:00.000Z,5.56,-1.34,450.4,3.67,76591
2024-10-09T17:55:00.000Z,5.64,-2.43,446.5,3.65,64382
2024-10-09T17:56:00.000Z,5.31,-1.09,452.9,3.89,77541
2024-10-09T17:57:00.000Z,5.67,-1.85,450.2,4.03,85366
2024-10-09T17:58:00.000Z,5.68,-1.45,447.0,3.83,81558
2024-10-09T17:59:00.000Z,5.37,-1.94,434.7,3.98,80581
2024-10-09T18:00:00.000Z,5.45,3.68,444.4,3.70,70342
2024-10-09T18:01:00.000Z,5.03,3.52,436.2,4.06,74641
2024-10-09T18:02:00.000Z,4.78,0.37,439.0,4.02,76189
2024-10-09T18:03:00.000Z,4.59,-1.75,435.8,4.36,63502
2024-10-09T18:04:00.000Z,4.53,-0.89,99999.9,999.99,9999999.0
2024-10-09T18:05:00.000Z,4.25,1.77,99999.9,999.99,9999999.0
2024-10-09T18:06:00.000Z,4.32,1.85,99999.9,999.99,9999999.0
2024-10-09T18:07:00.000Z,4.33,1.84,437.9,4.22,77280
2024-10-09T18:08:00.000Z,4.77,1.84,437.9,4.22,77280
2024-10-09T18:09:00.000Z,4.78,1.37,437.9,4.22,77280
2024-10-09T18:10:00.000Z,5.32,2.62,432.2,3.85,73732
2024-10-09T18:11:00.000Z,5.64,3.11,437.7,3.31,58947
2024-10-09T18:12:00.000Z,5.84,3.10,440.2,3.05,52083
2024-10-09T18:13:00.000Z,5.71,2.78,99999.9,999.99,9999999.0
2024-10-09T18:14:00.000Z,5.63,2.52,99999.9,999.99,9999999.0
2024-10-09T18:15:00.000Z,5.63,2.40,99999.9,999.99,9999999.0
2024-10-09T18:16:00.000Z,5.60,2.27,443.2,3.13,61875
2024-10-09T18:17:00.000Z,5.59,2.27,443.2,3.13,61875
2024-10-09T18:18:00.000Z,5.55,2.15,99999.9,999.99,9999999.0
2024-10-09T18:19:00.000Z,5.73,2.14,99999.9,999.99,9999999.0
2024-10-09T18:20:00.000Z,5.72,1.88,99999.9,999.99,9999999.0
2024-10-09T18:21:00.000Z,5.77,1.86,99999.9,999.99,9999999.0
2024-10-09T18:22:00.000Z,5.79,1.99,432.9,3.12,56576
2024-10-09T18:23:00.000Z,5.72,2.00,432.9,3.12,56576
2024-10-09T18:24:00.000Z,5.81,2.13,432.9,3.12,56576
2024-10-09T18:25:00.000Z,5.87,1.97,99999.9,999.99,9999999.0
2024-10-09T18:26:00.000Z,5.83,1.92,99999.9,999.99,9999999.0
2024-10-09T18:27:00.000Z,5.86,1.83,99999.9,999.99,9999999.0
2024-10-09T18:28:00.000Z,5.86,1.76,430.3,3.34,58328
2024-10-09T18:29:00.000Z,5.89,1.99,430.3,3.34,58328
2024-10-09T18:30:00.000Z,5.82,1.94,430.3,3.34,58328
2024-10-09T18:31:00.000Z,5.74,1.62,99999.9,999.99,9999999.0
2024-10-09T18:32:00.000Z,5.79,1.77,99999.9,999.99,9999999.0
2024-10-09T18:33:00.000Z,5.81,2.06,442.8,3.76,79589
2024-10-09T18:34:00.000Z,5.82,2.59,442.8,3.76,79589
2024-10-09T18:35:00.000Z,5.77,2.88,440.0,3.23,55440
2024-10-09T18:36:00.000Z,5.76,3.13,440.0,3.23,55435
2024-10-09T18:37:00.000Z,5.74,3.10,99999.9,999.99,9999999.0
2024-10-09T18:38:00.000Z,5.77,3.14,99999.9,999.99,9999999.0
2024-10-09T18:39:00.000Z,5.75,3.35,99999.9,999.99,9999999.0
2024-10-09T18:40:00.000Z,5.75,3.35,99999.9,999.99,9999999.0
2024-10-09T18:41:00.000Z,5.76,3.30,440.7,3.31,65918
2024-10-09T18:42:00.000Z,5.74,2.97,440.3,3.26,64868
2024-10-09T18:43:00.000Z,5.52,2.59,439.1,3.55,63348
2024-10-09T18:44:00.000Z,5.68,2.65,438.3,3.33,58109
2024-10-09T18:45:00.000Z,5.69,2.49,437.8,3.18,54777
2024-10-09T18:46:00.000Z,5.58,1.74,99999.9,999.99,9999999.0
2024-10-09T18:47:00.000Z,5.55,1.99,438.0,3.42,63580
2024-10-09T18:48:00.000Z,5.62,3.25,438.8,3.52,69284
2024-10-09T18:49:00.000Z,5.69,2.59,440.1,3.68,78975
2024-10-09T18:50:00.000Z,5.67,1.64,439.9,3.42,76977
2024-10-09T18:51:00.000Z,5.69,2.12,438.8,3.44,78741
2024-10-09T18:52:00.000Z,5.74,1.75,434.8,3.60,92099
2024-10-09T18:53:00.000Z,5.60,3.18,441.5,3.71,97985
2024-10-09T18:54:00.000Z,5.59,2.38,455.1,3.44,64179
2024-10-09T18:55:00.000Z,5.62,2.65,443.7,3.33,61923
2024-10-09T18:56:00.000Z,5.64,3.06,446.4,3.45,61520
2024-10-09T18:57:00.000Z,5.60,2.84,453.2,3.58,62262
2024-10-09T18:58:00.000Z,5.59,2.48,441.0,2.99,45886
2024-10-09T18:59:00.000Z,5.53,2.30,441.0,2.99,45886
2024-10-09T19:00:00.000Z,5.59,2.24,440.8,3.07,52412
2024-10-09T19:01:00.000Z,5.57,2.42,441.8,3.25,63592
2024-10-09T19:02:00.000Z,5.59,2.58,444.4,3.58,81531
2024-10-09T19:03:00.000Z,5.69,3.01,446.5,2.91,112438
2024-10-09T19:04:00.000Z,5.82,3.13,446.5,2.91,112438
2024-10-09T19:05:00.000Z,5.87,3.11,444.9,3.06,46217
2024-10-09T19:06:00.000Z,5.70,2.94,446.3,3.11,71428
2024-10-09T19:07:00.000Z,5.72,2.72,447.5,3.14,93680
2024-10-09T19:08:00.000Z,5.71,2.66,446.8,3.37,91776
2024-10-09T19:09:00.000Z,5.79,2.67,448.8,3.00,116636
2024-10-09T19:10:00.000Z,5.70,3.23,99999.9,999.99,9999999.0
2024-10-09T19:11:00.000Z,5.64,2.74,99999.9,999.99,9999999.0
2024-10-09T19:12:00.000Z,5.70,1.60,442.9,3.22,58855
2024-10-09T19:13:00.000Z,5.71,1.75,440.6,3.10,60531
2024-10-09T19:14:00.000Z,5.66,1.04,440.4,3.05,82298
2024-10-09T19:15:00.000Z,5.67,-0.82,429.4,3.11,62663
2024-10-09T19:16:00.000Z,5.73,2.60,427.1,3.12,57393
2024-10-09T19:17:00.000Z,5.82,3.01,450.2,3.09,57393
2024-10-09T19:18:00.000Z,5.70,3.83,450.2,3.09,57393
2024-10-09T19:19:00.000Z,5.63,2.21,447.4,3.25,50584
2024-10-09T19:20:00.000Z,5.58,0.85,448.4,3.44,61159
2024-10-09T19:21:00.000Z,5.59,0.89,448.7,3.52,65049
2024-10-09T19:22:00.000Z,5.59,1.21,99999.9,999.99,9999999.0
2024-10-09T19:23:00.000Z,5.62,1.19,439.5,3.12,51162
2024-10-09T19:24:00.000Z,5.60,1.57,439.5,3.12,51162
2024-10-09T19:25:00.000Z,5.58,1.89,436.3,3.19,56452
2024-10-09T19:26:00.000Z,5.62,2.00,436.4,2.95,52521
2024-10-09T19:27:00.000Z,5.62,0.58,434.8,3.10,58743
2024-10-09T19:28:00.000Z,5.61,0.61,433.4,3.28,64336
2024-10-09T19:29:00.000Z,5.57,0.63,99999.9,999.99,9999999.0
2024-10-09T19:30:00.000Z,5.66,-0.31,432.8,3.45,68424
2024-10-09T19:31:00.000Z,5.66,-0.54,432.5,3.55,70899
2024-10-09T19:32:00.000Z,5.67,-0.53,432.7,3.58,74028
2024-10-09T19:33:00.000Z,5.69,-0.28,432.7,3.58,74028
2024-10-09T19:34:00.000Z,5.66,-0.36,428.8,2.90,60272
2024-10-09T19:35:00.000Z,5.65,-0.16,427.5,2.97,56456
2024-10-09T19:36:00.000Z,5.65,-0.62,428.3,3.03,53562
2024-10-09T19:37:00.000Z,5.63,-1.01,433.7,3.12,48180
2024-10-09T19:38:00.000Z,5.67,-1.93,432.8,3.09,53521
2024-10-09T19:39:00.000Z,5.62,-1.29,432.6,3.09,53888
2024-10-09T19:40:00.000Z,5.64,-1.23,429.0,3.07,55471
2024-10-09T19:41:00.000Z,5.51,-1.44,429.0,3.07,55471
2024-10-09T19:42:00.000Z,5.51,-1.74,99999.9,999.99,9999999.0
2024-10-09T19:43:00.000Z,5.67,-1.72,433.8,3.25,66571
2024-10-09T19:44:00.000Z,5.73,-1.50,434.6,3.19,63003
2024-10-09T19:45:00.000Z,5.71,-1.42,434.9,3.16,61604
2024-10-09T19:46:00.000Z,5.66,-0.86,99999.9,999.99,9999999.0
2024-10-09T19:47:00.000Z,5.67,-0.80,430.2,3.83,84625
2024-10-09T19:48:00.000Z,5.72,-0.98,430.2,3.83,84625
2024-10-09T19:49:00.000Z,5.68,-1.31,431.3,3.32,67061
2024-10-09T19:50:00.000Z,5.67,-2.00,429.0,2.79,46957
2024-10-09T19:51:00.000Z,5.66,-2.39,425.7,2.73,43466
2024-10-09T19:52:00.000Z,5.70,-2.77,433.5,3.14,60184
2024-10-09T19:53:00.000Z,5.73,-2.93,433.5,3.14,60184
2024-10-09T19:54:00.000Z,5.75,-3.32,427.8,3.39,69445
2024-10-09T19:55:00.000Z,5.79,-0.33,434.4,3.58,71932
2024-10-09T19:56:00.000Z,5.78,-0.38,438.0,3.43,65609
2024-10-09T19:57:00.000Z,5.71,-0.51,433.4,2.79,47432
2024-10-09T19:58:00.000Z,5.68,-1.42,427.4,2.90,55113
2024-10-09T19:59:00.000Z,5.70,-1.05,428.8,2.94,53756
2024-10-09T20:00:00.000Z,5.71,-0.82,430.4,2.99,52152
2024-10-09T20:01:00.000Z,5.69,-0.10,99999.9,999.99,9999999.0
2024-10-09T20:02:00.000Z,5.66,-0.71,433.7,3.58,77602
2024-10-09T20:03:00.000Z,5.63,-0.65,435.0,3.47,65430
2024-10-09T20:04:00.000Z,5.59,0.17,432.5,3.10,60831
2024-10-09T20:05:00.000Z,5.56,-0.55,99999.9,999.99,9999999.0
2024-10-09T20:06:00.000Z,5.50,-1.57,439.1,3.87,91832
2024-10-09T20:07:00.000Z,5.54,-1.30,439.1,3.87,91832
2024-10-09T20:08:00.000Z,5.58,-2.01,442.0,4.11,102392
2024-10-09T20:09:00.000Z,5.52,-1.06,442.6,4.17,104800
2024-10-09T20:10:00.000Z,5.47,0.29,99999.9,999.99,9999999.0
2024-10-09T20:11:00.000Z,5.47,0.48,99999.9,999.99,9999999.0
2024-10-09T20:12:00.000Z,5.44,0.49,435.3,4.06,108713
2024-10-09T20:13:00.000Z,5.44,0.53,435.3,4.06,108713
2024-10-09T20:14:00.000Z,5.46,0.68,435.3,4.06,108713
2024-10-09T20:15:00.000Z,5.47,0.42,99999.9,999.99,9999999.0
2024-10-09T20:16:00.000Z,5.48,0.61,436.8,3.79,92967
2024-10-09T20:17:00.000Z,5.44,0.24,436.8,3.79,92967
2024-10-09T20:18:00.000Z,5.45,1.23,436.8,3.79,92967
2024-10-09T20:19:00.000Z,5.42,-0.07,433.2,4.07,78801
2024-10-09T20:20:00.000Z,5.42,-1.36,430.3,4.10,69847
2024-10-09T20:21:00.000Z,5.50,-1.17,431.1,3.92,70807
2024-10-09T20:22:00.000Z,5.54,-1.25,432.3,4.30,98223
2024-10-09T20:23:00.000Z,5.51,-1.28,430.6,4.36,116389
2024-10-09T20:24:00.000Z,9999.99,9999.99,428.8,4.40,131492
2024-10-09T20:25:00.000Z,5.49,-2.02,440.6,3.86,70970
2024-10-09T20:26:00.000Z,5.45,-1.81,440.8,3.99,73147
2024-10-09T20:27:00.000Z,5.50,-3.04,437.5,4.27,88924
2024-10-09T20:28:00.000Z,5.53,-3.62,99999.9,999.99,9999999.0
2024-10-09T20:29:00.000Z,5.57,-3.77,436.6,3.15,53149
2024-10-09T20:30:00.000Z,5.62,-4.08,438.1,3.54,67634
2024-10-09T20:31:00.000Z,5.54,-1.95,439.3,4.03,80980
2024-10-09T20:32:00.000Z,5.55,-2.34,435.6,4.09,88070
2024-10-09T20:33:00.000Z,5.51,-2.47,439.0,4.07,78843
2024-10-09T20:34:00.000Z,5.47,-2.43,442.6,3.83,72298
2024-10-09T20:35:00.000Z,5.53,-2.31,438.3,4.08,82647
2024-10-09T20:36:00.000Z,5.50,-2.82,435.3,4.25,89769
2024-10-09T20:37:00.000Z,5.55,-3.13,435.7,4.11,87730
2024-10-09T20:38:00.000Z,5.53,-3.54,437.0,4.13,85217
2024-10-09T20:39:00.000Z,5.57,-2.89,444.4,4.26,71261
2024-10-09T20:40:00.000Z,5.51,-2.36,444.4,4.26,71261
2024-10-09T20:41:00.000Z,9999.99,9999.99,99999.9,999.99,9999999.0
2024-10-09T20:42:00.000Z,5.50,-1.84,99999.9,999.99,9999999.0
2024-10-09T20:43:00.000Z,5.49,-1.39,443.4,3.64,71635
2024-10-09T20:44:00.000Z,5.37,-1.97,443.4,3.64,71635
2024-10-09T20:45:00.000Z,5.38,-1.83,446.9,3.59,76020
2024-10-09T20:46:00.000Z,5.44,-1.82,448.6,3.50,77955
2024-10-09T20:47:00.000Z,5.38,-2.17,452.4,3.00,81487
2024-10-09T20:48:00.000Z,5.47,-2.30,452.4,3.00,81487
2024-10-09T20:49:00.000Z,5.56,-2.33,435.4,3.99,69438
2024-10-09T20:50:00.000Z,5.46,-1.59,441.9,4.01,69692
2024-10-09T20:51:00.000Z,5.44,-2.20,448.2,4.02,69938
2024-10-09T20:52:00.000Z,5.42,-1.59,99999.9,999.99,9999999.0
2024-10-09T20:53:00.000Z,5.45,-1.42,438.2,4.06,85147
2024-10-09T20:54:00.000Z,5.41,-1.04,446.4,3.97,79520
2024-10-09T20:55:00.000Z,5.30,-1.05,451.3,3.92,76078
2024-10-09T20:56:00.000Z,5.33,-2.43,450.5,3.58,71843
2024-10-09T20:57:00.000Z,5.36,-2.19,455.0,4.15,73853
2024-10-09T20:58:00.000Z,5.41,-2.26,458.1,4.57,75280
2024-10-09T20:59:00.000Z,5.46,-2.47,99999.9,999.99,9999999.0
2024-10-09T21:00:00.000Z,5.42,-2.35,443.9,3.69,65605
2024-10-09T21:01:00.000Z,5.41,-2.51,443.9,3.69,65504
2024-10-09T21:02:00.000Z,5.38,-2.27,448.0,3.92,53410
2024-10-09T21:03:00.000Z,5.36,-2.05,446.7,4.03,71690
2024-10-09T21:04:00.000Z,5.47,-2.06,446.2,4.06,77713
2024-10-09T21:05:00.000Z,5.59,-2.73,443.2,3.57,65845
2024-10-09T21:06:00.000Z,5.45,-2.57,443.4,3.60,66138
2024-10-09T21:07:00.000Z,5.36,-2.56,444.3,3.76,67370
2024-10-09T21:08:00.000Z,5.39,-2.64,442.1,3.45,61403
2024-10-09T21:09:00.000Z,5.40,-2.68,442.0,3.43,60988
2024-10-09T21:10:00.000Z,5.54,-3.05,453.1,3.23,51476
2024-10-09T21:11:00.000Z,5.64,-3.05,453.4,3.32,53106
2024-10-09T21:12:00.000Z,5.67,-2.70,452.0,3.44,49833
2024-10-09T21:13:00.000Z,5.65,-1.96,451.0,3.46,52318
2024-10-09T21:14:00.000Z,5.60,-2.17,450.1,3.23,50889
2024-10-09T21:15:00.000Z,5.64,-1.22,449.7,3.06,49156
2024-10-09T21:16:00.000Z,5.72,0.15,442.6,3.36,56180
2024-10-09T21:17:00.000Z,5.63,-2.03,439.6,3.31,58305
2024-10-09T21:18:00.000Z,5.74,0.49,452.4,3.34,65651
2024-10-09T21:19:00.000Z,5.73,0.49,99999.9,999.99,9999999.0
2024-10-09T21:20:00.000Z,5.72,0.39,432.0,3.88,59537
2024-10-09T21:21:00.000Z,5.76,0.32,432.0,3.88,59537
2024-10-09T21:22:00.000Z,5.70,-0.01,99999.9,999.99,9999999.0
2024-10-09T21:23:00.000Z,5.73,0.93,99999.9,999.99,9999999.0
2024-10-09T21:24:00.000Z,5.75,1.12,425.9,3.22,46146
2024-10-09T21:25:00.000Z,5.74,0.93,425.0,2.89,36301
2024-10-09T21:26:00.000Z,5.71,0.72,427.3,3.10,43307
2024-10-09T21:27:00.000Z,5.69,0.69,427.0,3.22,42779
2024-10-09T21:28:00.000Z,5.57,0.52,425.2,3.09,34472
2024-10-09T21:29:00.000Z,5.57,0.52,99999.9,999.99,9999999.0
2024-10-09T21:30:00.000Z,9999.99,9999.99,99999.9,999.99,9999999.0
2024-10-09T21:31:00.000Z,9999.99,9999.99,99999.9,999.99,9999999.0
2024-10-09T21:32:00.000Z,5.61,0.53,99999.9,999.99,9999999.0
2024-10-09T21:33:00.000Z,5.68,0.37,99999.9,999.99,9999999.0
2024-10-09T21:34:00.000Z,5.59,1.09,428.5,3.05,32339
2024-10-09T21:35:00.000Z,5.56,0.51,428.5,3.05,32339
2024-10-09T21:36:00.000Z,5.65,0.53,426.4,3.48,60251
2024-10-09T21:37:00.000Z,5.63,0.47,426.4,3.26,61867
2024-10-09T21:38:00.000Z,5.63,0.19,429.1,3.35,62684
2024-10-09T21:39:00.000Z,5.55,-0.97,432.9,3.55,66806
2024-10-09T21:40:00.000Z,5.57,-0.51,99999.9,999.99,9999999.0
2024-10-09T21:41:00.000Z,5.63,-0.67,99999.9,999.99,9999999.0
2024-10-09T21:42:00.000Z,5.59,-0.00,99999.9,999.99,9999999.0
2024-10-09T21:43:00.000Z,5.58,-0.13,434.4,3.75,76891
2024-10-09T21:44:00.000Z,5.57,-0.23,434.4,3.75,76891
2024-10-09T21:45:00.000Z,5.66,-0.75,434.4,3.75,76891
2024-10-09T21:46:00.000Z,5.64,-0.61,99999.9,999.99,9999999.0
2024-10-09T21:47:00.000Z,5.66,-0.45,437.2,3.49,44760
2024-10-09T21:48:00.000Z,5.66,-1.28,437.2,3.49,44760
2024-10-09T21:49:00.000Z,5.63,-1.30,99999.9,999.99,9999999.0
2024-10-09T21:50:00.000Z,5.61,-0.82,99999.9,999.99,9999999.0
2024-10-09T21:51:00.000Z,5.63,-1.48,431.8,4.24,77843
2024-10-09T21:52:00.000Z,5.69,-1.68,431.8,4.24,77843
2024-10-09T21:53:00.000Z,5.68,-0.36,431.8,4.24,77843
2024-10-09T21:54:00.000Z,5.70,0.12,99999.9,999.99,9999999.0
2024-10-09T21:55:00.000Z,5.71,0.14,99999.9,999.99,9999999.0
2024-10-09T21:56:00.000Z,5.65,-0.40,447.6,4.07,59044
2024-10-09T21:57:00.000Z,5.68,-0.99,447.6,4.07,59044
2024-10-09T21:58:00.000Z,5.65,-0.76,447.6,4.07,59044
2024-10-09T21:59:00.000Z,5.67,-0.50,428.4,2.88,36970
2024-10-09T22:00:00.000Z,5.69,-0.55,428.4,2.88,36970
2024-10-09T22:01:00.000Z,5.68,-1.80,428.4,2.88,36970
2024-10-09T22:02:00.000Z,5.65,-0.53,439.3,3.67,77193
2024-10-09T22:03:00.000Z,5.66,-0.35,439.3,3.67,77193
2024-10-09T22:04:00.000Z,9999.99,9999.99,99999.9,999.99,9999999.0
2024-10-09T22:05:00.000Z,5.66,-0.19,432.1,4.16,72973
2024-10-09T22:06:00.000Z,5.68,-1.49,432.1,4.16,72973
2024-10-09T22:07:00.000Z,5.72,-1.41,432.1,4.16,72973
2024-10-09T22:08:00.000Z,5.69,-1.20,99999.9,999.99,9999999.0
2024-10-09T22:09:00.000Z,5.64,-0.70,429.3,3.63,45057
2024-10-09T22:10:00.000Z,5.61,-0.95,429.3,3.63,45057
2024-10-09T22:11:00.000Z,5.56,-1.54,429.3,3.63,45057
2024-10-09T22:12:00.000Z,5.59,-1.34,99999.9,999.99,9999999.0
2024-10-09T22:13:00.000Z,5.55,-1.34,430.5,3.77,55986
2024-10-09T22:14:00.000Z,5.57,-1.25,426.8,3.72,59196
2024-10-09T22:15:00.000Z,5.57,-0.94,423.5,3.67,61981
2024-10-09T22:16:00.000Z,5.61,-0.04,427.9,3.59,52333
2024-10-09T22:17:00.000Z,5.58,-0.84,424.8,3.27,44572
2024-10-09T22:18:00.000Z,5.62,-0.59,421.2,3.47,50919
2024-10-09T22:19:00.000Z,5.62,-0.91,99999.9,999.99,9999999.0
2024-10-09T22:20:00.000Z,5.62,-0.91,99999.9,999.99,9999999.0
2024-10-09T22:21:00.000Z,5.63,-1.17,99999.9,999.99,9999999.0
2024-10-09T22:22:00.000Z,9999.99,9999.99,99999.9,999.99,9999999.0
2024-10-09T22:23:00.000Z,5.62,-1.21,423.1,3.86,63041
2024-10-09T22:24:00.000Z,5.60,-1.87,423.1,3.86,63041
2024-10-09T22:25:00.000Z,5.69,-3.78,429.7,3.68,60271
2024-10-09T22:26:00.000Z,5.63,-2.60,439.2,3.39,54588
2024-10-09T22:27:00.000Z,5.69,-1.75,441.1,3.00,38571
2024-10-09T22:28:00.000Z,5.70,-1.57,427.7,2.91,35868
2024-10-09T22:29:00.000Z,5.72,-1.62,427.4,3.21,45144
2024-10-09T22:30:00.000Z,5.71,-0.94,428.5,3.37,49466
2024-10-09T22:31:00.000Z,5.64,-2.19,431.6,2.59,33892
2024-10-09T22:32:00.000Z,5.64,-2.46,430.5,2.49,32694
2024-10-09T22:33:00.000Z,5.64,-2.30,425.9,2.96,43018
2024-10-09T22:34:00.000Z,5.63,-2.25,436.3,3.25,52753
2024-10-09T22:35:00.000Z,5.62,-1.88,444.8,3.17,45995
2024-10-09T22:36:00.000Z,5.53,-2.48,441.6,3.21,51265
2024-10-09T22:37:00.000Z,5.53,-2.01,435.1,3.06,45076
2024-10-09T22:38:00.000Z,5.40,-2.27,440.1,3.28,52882
2024-10-09T22:39:00.000Z,5.37,-2.33,438.4,3.34,56430
2024-10-09T22:40:00.000Z,5.36,-1.84,431.8,3.13,55361
2024-10-09T22:41:00.000Z,5.31,-1.89,99999.9,999.99,9999999.0
2024-10-09T22:42:00.000Z,5.34,-1.40,99999.9,999.99,9999999.0
2024-10-09T22:43:00.000Z,5.36,-1.31,415.2,3.65,47060
2024-10-09T22:44:00.000Z,5.45,-1.12,415.2,3.65,47060
2024-10-09T22:45:00.000Z,9999.99,9999.99,415.2,3.65,47060
2024-10-09T22:46:00.000Z,5.23,-1.62,433.4,3.24,39339
2024-10-09T22:47:00.000Z,5.33,-1.04,444.7,3.20,48836
2024-10-09T22:48:00.000Z,5.40,-1.03,486.8,3.60,57446
2024-10-09T22:49:00.000Z,5.40,-1.80,436.1,3.10,43552
2024-10-09T22:50:00.000Z,5.44,-1.60,416.5,2.90,38237
2024-10-09T22:51:00.000Z,5.42,-0.93,99999.9,999.99,9999999.0
2024-10-09T22:52:00.000Z,5.39,-1.20,420.0,3.87,84738
2024-10-09T22:53:00.000Z,5.39,-2.51,430.0,3.91,89097
2024-10-09T22:54:00.000Z,5.40,-3.16,430.4,3.93,76409
2024-10-09T22:55:00.000Z,5.42,-2.97,421.8,4.05,96800
2024-10-09T22:56:00.000Z,5.45,-2.80,420.0,4.38,70856
2024-10-09T22:57:00.000Z,5.48,-2.56,422.7,3.76,51440
2024-10-09T22:58:00.000Z,5.46,-1.77,422.6,3.78,53751
2024-10-09T22:59:00.000Z,5.41,-2.22,420.6,4.17,113012
2024-10-09T23:00:00.000Z,5.28,-3.29,420.6,4.17,113012
2024-10-09T23:01:00.000Z,5.30,-3.27,99999.9,999.99,9999999.0
2024-10-09T23:02:00.000Z,5.40,-3.27,99999.9,999.99,9999999.0
2024-10-09T23:03:00.000Z,5.42,-3.14,99999.9,999.99,9999999.0
2024-10-09T23:04:00.000Z,5.45,-3.18,448.2,3.42,52507
2024-10-09T23:05:00.000Z,5.41,-3.13,448.2,3.42,52507
2024-10-09T23:06:00.000Z,5.43,-2.91,448.2,3.42,52507
2024-10-09T23:07:00.000Z,5.48,-3.13,99999.9,999.99,9999999.0
2024-10-09T23:08:00.000Z,5.45,-3.32,99999.9,999.99,9999999.0
2024-10-09T23:09:00.000Z,5.39,-3.62,453.1,3.71,39866
2024-10-09T23:10:00.000Z,5.47,-3.76,453.1,3.71,39866
2024-10-09T23:11:00.000Z,5.51,-4.28,453.1,3.71,39866
2024-10-09T23:12:00.000Z,5.49,-4.83,99999.9,999.99,9999999.0
2024-10-09T23:13:00.000Z,5.56,-4.99,99999.9,999.99,9999999.0
2024-10-09T23:14:00.000Z,5.52,-4.41,458.0,3.41,37300
2024-10-09T23:15:00.000Z,5.42,-4.52,458.0,3.41,37300
2024-10-09T23:16:00.000Z,5.43,-4.72,447.9,3.90,58591
2024-10-09T23:17:00.000Z,5.35,-4.70,448.2,3.89,57037
2024-10-09T23:18:00.000Z,9999.99,9999.99,449.2,3.87,50580
2024-10-09T23:19:00.000Z,4.82,-1.32,449.2,3.87,50565
2024-10-09T23:20:00.000Z,5.08,-4.45,99999.9,999.99,9999999.0
2024-10-09T23:21:00.000Z,5.23,-3.77,99999.9,999.99,9999999.0
2024-10-09T23:22:00.000Z,5.41,-4.14,469.4,3.15,39371
2024-10-09T23:23:00.000Z,5.56,-5.00,469.4,3.15,39371
2024-10-09T23:24:00.000Z,5.44,-2.45,99999.9,999.99,9999999.0
2024-10-09T23:25:00.000Z,5.63,-1.95,432.7,3.24,83632
2024-10-09T23:26:00.000Z,5.56,-1.90,432.7,3.24,83632
2024-10-09T23:27:00.000Z,5.52,-0.58,443.9,3.52,82467
2024-10-09T23:28:00.000Z,5.49,-0.83,442.7,3.45,87374
2024-10-09T23:29:00.000Z,5.23,-2.66,428.9,2.73,143723
2024-10-09T23:30:00.000Z,5.29,-2.30,428.9,2.73,143723
2024-10-09T23:31:00.000Z,5.31,-2.17,99999.9,999.99,9999999.0
2024-10-09T23:32:00.000Z,5.22,-2.22,99999.9,999.99,9999999.0
2024-10-09T23:33:00.000Z,5.19,-2.32,99999.9,999.99,9999999.0
2024-10-09T23:34:00.000Z,5.17,-3.34,421.2,3.64,45753
2024-10-09T23:35:00.000Z,5.23,-3.66,437.1,3.37,42265
2024-10-09T23:36:00.000Z,5.33,-3.56,426.6,3.56,61143
2024-10-09T23:37:00.000Z,5.25,-2.92,456.8,3.31,37197
2024-10-09T23:38:00.000Z,5.16,-4.46,455.1,3.59,56855
2024-10-09T23:39:00.000Z,5.31,-4.26,452.6,3.62,60275
2024-10-09T23:40:00.000Z,5.21,-1.43,432.1,3.03,42872
2024-10-09T23:41:00.000Z,5.28,-1.22,432.1,3.03,42872
2024-10-09T23:42:00.000Z,5.42,-1.50,99999.9,999.99,9999999.0
2024-10-09T23:43:00.000Z,5.47,-2.10,99999.9,999.99,9999999.0
2024-10-09T23:44:00.000Z,5.45,-1.42,99999.9,999.99,9999999.0
2024-10-09T23:45:00.000Z,5.50,-1.89,415.9,2.77,32172
2024-10-09T23:46:00.000Z,5.62,-0.75,415.9,2.77,32172
2024-10-09T23:47:00.000Z,5.60,-0.76,415.9,2.77,32172
2024-10-09T23:48:00.000Z,5.58,-0.66,99999.9,999.99,9999999.0
2024-10-09T23:49:00.000Z,5.60,-2.89,418.7,3.44,51948
2024-10-09T23:50:00.000Z,5.53,-2.20,412.4,3.41,49457
2024-10-09T23:51:00.000Z,5.56,-2.28,417.1,3.89,58416
2024-10-09T23:52:00.000Z,5.49,-2.57,413.2,3.54,48214
2024-10-09T23:53:00.000Z,5.39,-2.76,409.1,3.43,47229
2024-10-09T23:54:00.000Z,5.35,-2.13,99999.9,999.99,9999999.0
2024-10-09T23:55:00.000Z,5.40,-2.30,99999.9,999.99,9999999.0
2024-10-09T23:56:00.000Z,5.39,-2.45,419.0,3.14,45487
2024-10-09T23:57:00.000Z,5.33,-0.98,417.5,3.31,50086
2024-10-09T23:58:00.000Z,5.42,-0.75,415.1,3.63,59793
2024-10-09T23:59:00.000Z,9999.99,9999.99,417.6,3.39,53719
2024-10-10T00:00:00.000Z,9999.99,9999.99,99999.9,999.99,9999999.0
2024-10-10T00:01:00.000Z,9999.99,9999.99,99999.9,999.99,9999999.0
2024-10-10T00:02:00.000Z,5.54,-1.01,99999.9,999.99,9999999.0
2024-10-10T00:03:00.000Z,5.55,-1.00,424.4,3.60,43941
2024-10-10T00:04:00.000Z,5.54,-0.76,424.4,3.60,43941
2024-10-10T00:05:00.000Z,5.56,-0.91,417.0,3.54,67645
2024-10-10T00:06:00.000Z,5.51,-0.28,422.1,3.48,73197
2024-10-10T00:07:00.000Z,5.51,-0.57,438.2,3.34,76159
2024-10-10T00:08:00.000Z,5.55,-0.65,438.2,3.34,76159
2024-10-10T00:09:00.000Z,5.53,-1.04,425.1,3.46,57689
2024-10-10T00:10:00.000Z,5.54,-1.20,426.8,3.33,77851
2024-10-10T00:11:00.000Z,5.53,-0.82,99999.9,999.99,9999999.0
2024-10-10T00:12:00.000Z,5.38,-0.87,99999.9,999.99,9999999.0
2024-10-10T00:13:00.000Z,5.44,-1.09,438.6,3.25,68709
2024-10-10T00:14:00.000Z,5.35,-1.19,438.6,3.25,68709
2024-10-10T00:15:00.000Z,5.31,-1.10,438.6,3.25,68709
2024-10-10T00:16:00.000Z,5.51,-1.10,431.2,3.05,94826
2024-10-10T00:17:00.000Z,5.30,-1.12,431.2,3.05,94826
2024-10-10T00:18:00.000Z,9999.99,9999.99,99999.9,999.99,9999999.0
2024-10-10T00:19:00.000Z,5.26,-1.67,99999.9,999.99,9999999.0
2024-10-10T00:20:00.000Z,5.80,-4.48,428.0,3.65,66927
2024-10-10T00:21:00.000Z,5.59,-2.46,428.0,3.65,66927
2024-10-10T00:22:00.000Z,5.68,-2.10,421.3,3.91,74962
2024-10-10T00:23:00.000Z,5.69,-1.96,421.3,3.91,74962
2024-10-10T00:24:00.000Z,5.79,-2.09,426.5,3.34,48900
2024-10-10T00:25:00.000Z,5.88,-1.87,425.0,3.34,48450
2024-10-10T00:26:00.000Z,5.87,-1.69,408.7,3.37,43504
2024-10-10T00:27:00.000Z,5.94,-1.15,424.1,3.73,51287
2024-10-10T00:28:00.000Z,5.93,1.28,422.6,3.71,49350
2024-10-10T00:29:00.000Z,5.80,0.72,99999.9,999.99,9999999.0
2024-10-10T00:30:00.000Z,6.04,1.20,444.8,3.38,40234
2024-10-10T00:31:00.000Z,6.00,1.20,441.3,3.25,37705
2024-10-10T00:32:00.000Z,5.91,0.32,419.6,3.55,46546
2024-10-10T00:33:00.000Z,5.71,-0.23,407.4,4.05,59687
2024-10-10T00:34:00.000Z,6.02,-0.38,415.4,3.87,53347
2024-10-10T00:35:00.000Z,6.01,-0.09,435.3,3.43,39211
2024-10-10T00:36:00.000Z,6.04,-0.07,430.5,3.84,62931
2024-10-10T00:37:00.000Z,6.10,-0.46,432.0,3.61,60020
2024-10-10T00:38:00.000Z,6.07,-0.50,431.6,3.31,42551
2024-10-10T00:39:00.000Z,6.04,-0.06,431.6,3.31,42518
2024-10-10T00:40:00.000Z,6.07,-0.81,99999.9,999.99,9999999.0
2024-10-10T00:41:00.000Z,6.13,-1.01,433.6,3.49,47229
2024-10-10T00:42:00.000Z,6.16,-1.26,433.6,3.49,47229
2024-10-10T00:43:00.000Z,6.22,-1.17,437.2,3.70,49525
2024-10-10T00:44:00.000Z,6.25,-1.08,437.5,3.72,49729
2024-10-10T00:45:00.000Z,6.22,-0.92,99999.9,999.99,9999999.0
2024-10-10T00:46:00.000Z,6.19,-0.61,434.0,3.54,44925
2024-10-10T00:47:00.000Z,6.16,-0.37,434.0,3.54,44925
2024-10-10T00:48:00.000Z,6.11,-0.29,434.0,3.54,44925
2024-10-10T00:49:00.000Z,6.09,-0.30,441.7,3.51,46086
2024-10-10T00:50:00.000Z,6.06,-0.25,441.7,3.51,46086
2024-10-10T00:51:00.000Z,6.06,-0.20,99999.9,999.99,9999999.0
2024-10-10T00:52:00.000Z,6.04,-0.03,99999.9,999.99,9999999.0
2024-10-10T00:53:00.000Z,6.03,0.03,445.3,3.34,36315
2024-10-10T00:54:00.000Z,5.97,-0.15,445.3,3.34,36315
2024-10-10T00:55:00.000Z,5.95,-0.95,433.1,2.67,30819
2024-10-10T00:56:00.000Z,5.97,-0.80,433.1,2.67,30819
2024-10-10T00:57:00.000Z,5.98,-0.16,99999.9,999.99,9999999.0
2024-10-10T00:58:00.000Z,5.96,-0.28,99999.9,999.99,9999999.0
2024-10-10T00:59:00.000Z,5.89,-0.11,99999.9,999.99,9999999.0
2024-10-10T01:00:00.000Z,5.87,0.17,99999.9,999.99,9999999.0
2024-10-10T01:01:00.000Z,5.88,0.13,99999.9,999.99,9999999.0
2024-10-10T01:02:00.000Z,5.88,0.89,99999.9,999.99,9999999.0
2024-10-10T01:03:00.000Z,5.88,0.55,99999.9,999.99,9999999.0
2024-10-10T01:04:00.000Z,5.91,0.72,99999.9,999.99,9999999.0
2024-10-10T01:05:00.000Z,5.87,0.94,99999.9,999.99,9999999.0
2024-10-10T01:06:00.000Z,5.91,0.73,429.1,3.57,49517
2024-10-10T01:07:00.000Z,5.88,0.52,433.1,3.26,41805
2024-10-10T01:08:00.000Z,5.85,0.14,430.3,3.49,47338
2024-10-10T01:09:00.000Z,6.07,-0.20,426.8,3.73,53366
2024-10-10T01:10:00.000Z,5.97,0.24,440.1,3.12,38725
2024-10-10T01:11:00.000Z,9999.99,9999.99,440.1,3.12,38725
2024-10-10T01:12:00.000Z,6.00,0.49,99999.9,999.99,9999999.0
2024-10-10T01:13:00.000Z,6.08,0.73,99999.9,999.99,9999999.0
2024-10-10T01:14:00.000Z,5.81,0.16,99999.9,999.99,9999999.0
2024-10-10T01:15:00.000Z,6.11,1.09,99999.9,999.99,9999999.0
2024-10-10T01:16:00.000Z,5.91,-2.39,399.3,2.84,30384
2024-10-10T01:17:00.000Z,5.92,-1.32,399.3,2.84,30384
2024-10-10T01:18:00.000Z,5.91,-1.69,399.3,2.84,30384
2024-10-10T01:19:00.000Z,5.91,-1.98,99999.9,999.99,9999999.0
2024-10-10T01:20:00.000Z,5.97,-0.83,440.2,3.00,33925
2024-10-10T01:21:00.000Z,5.86,-2.26,440.2,3.00,33925
2024-10-10T01:22:00.000Z,6.04,-2.03,400.6,3.31,41396
2024-10-10T01:23:00.000Z,5.95,-1.69,400.1,3.29,40190
2024-10-10T01:24:00.000Z,5.89,-1.50,400.0,3.27,38379
2024-10-10T01:25:00.000Z,5.81,-2.05,408.5,3.37,45367
2024-10-10T01:26:00.000Z,5.89,-1.61,395.5,2.82,29898
2024-10-10T01:27:00.000Z,5.81,-1.31,406.6,2.91,37534
2024-10-10T01:28:00.000Z,5.63,-1.49,409.4,2.96,39902
2024-10-10T01:29:00.000Z,5.50,-1.00,420.4,3.98,65785
2024-10-10T01:30:00.000Z,5.56,-0.86,428.7,3.25,53594
2024-10-10T01:31:00.000Z,5.48,-1.08,433.1,2.91,47771
2024-10-10T01:32:00.000Z,5.46,-1.52,403.1,2.91,38055
2024-10-10T01:33:00.000Z,5.41,-0.91,403.1,2.91,38068
2024-10-10T01:34:00.000Z,5.44,-2.22,416.9,3.65,59007
2024-10-10T01:35:00.000Z,5.36,-2.12,423.7,3.61,52284
2024-10-10T01:36:00.000Z,5.30,-2.51,416.3,3.56,59616
2024-10-10T01:37:00.000Z,5.37,-0.89,423.5,3.00,45667
2024-10-10T01:38:00.000Z,5.43,-1.56,432.4,3.38,55335
2024-10-10T01:39:00.000Z,5.42,-2.17,429.6,3.55,52650
2024-10-10T01:40:00.000Z,5.34,-2.63,429.6,3.55,52650
2024-10-10T01:41:00.000Z,5.38,-2.39,431.7,3.63,59385
2024-10-10T01:42:00.000Z,5.41,-2.75,432.1,3.58,56876
2024-10-10T01:43:00.000Z,5.31,-2.54,432.9,3.49,51125
2024-10-10T01:44:00.000Z,5.27,-2.31,405.9,3.42,45024
2024-10-10T01:45:00.000Z,5.29,-2.41,405.9,3.42,45024
2024-10-10T01:46:00.000Z,5.34,-1.92,99999.9,999.99,9999999.0
2024-10-10T01:47:00.000Z,5.28,-2.59,419.4,3.38,62630
2024-10-10T01:48:00.000Z,5.35,-2.25,421.3,3.30,59196
2024-10-10T01:49:00.000Z,5.42,-2.04,435.5,3.64,51418
2024-10-10T01:50:00.000Z,5.37,-1.05,443.7,3.61,49236
2024-10-10T01:51:00.000Z,5.37,-0.13,450.7,3.59,47368
2024-10-10T01:52:00.000Z,5.34,-1.38,435.8,3.45,48870
2024-10-10T01:53:00.000Z,5.35,-1.31,431.0,3.73,54896
2024-10-10T01:54:00.000Z,5.38,-0.76,430.2,4.00,81044
2024-10-10T01:55:00.000Z,5.11,-3.60,438.4,3.56,49452
2024-10-10T01:56:00.000Z,5.17,-3.24,442.2,3.17,51329
2024-10-10T01:57:00.000Z,5.15,-2.64,440.1,3.26,53327
2024-10-10T01:58:00.000Z,5.25,-1.24,421.1,4.28,72757
2024-10-10T01:59:00.000Z,5.26,-1.73,432.3,3.45,45871
2024-10-10T02:00:00.000Z,5.34,-1.79,433.3,3.23,40808
2024-10-10T02:01:00.000Z,5.40,-2.35,432.9,2.98,35931
2024-10-10T02:02:00.000Z,5.35,-1.58,420.6,4.92,62923
2024-10-10T02:03:00.000Z,5.32,-2.44,427.2,4.24,53664
2024-10-10T02:04:00.000Z,5.25,-2.08,431.8,3.49,47440
2024-10-10T02:05:00.000Z,5.44,-1.86,417.8,3.71,69198
2024-10-10T02:06:00.000Z,5.55,-2.49,429.0,3.78,60981
2024-10-10T02:07:00.000Z,5.59,-2.72,432.2,3.53,45765
2024-10-10T02:08:00.000Z,5.60,-1.74,432.9,3.46,41752
2024-10-10T02:09:00.000Z,5.53,-1.84,432.9,3.46,41752
2024-10-10T02:10:00.000Z,5.58,-1.67,99999.9,999.99,9999999.0
2024-10-10T02:11:00.000Z,5.60,-1.34,434.5,3.47,53690
2024-10-10T02:12:00.000Z,5.49,-1.93,432.6,3.62,52032
2024-10-10T02:13:00.000Z,5.54,-1.90,431.6,3.71,51091
2024-10-10T02:14:00.000Z,5.48,-1.58,427.3,4.21,47460
2024-10-10T02:15:00.000Z,5.48,-1.17,429.7,4.01,51861
2024-10-10T02:16:00.000Z,5.24,-0.80,440.5,4.91,76582
2024-10-10T02:17:00.000Z,5.19,-1.50,440.6,4.93,76934
2024-10-10T02:18:00.000Z,5.33,-1.72,426.5,3.89,56872
2024-10-10T02:19:00.000Z,5.41,-1.61,426.5,3.89,56872
2024-10-10T02:20:00.000Z,5.38,-1.46,426.5,3.89,56872
2024-10-10T02:21:00.000Z,5.33,-0.62,99999.9,999.99,9999999.0
2024-10-10T02:22:00.000Z,5.35,-1.72,411.6,5.25,51290
2024-10-10T02:23:00.000Z,5.57,-2.24,420.5,4.69,45853
2024-10-10T02:24:00.000Z,5.75,-2.70,426.3,3.54,50406
2024-10-10T02:25:00.000Z,5.75,-2.69,426.8,3.35,51585
2024-10-10T02:26:00.000Z,5.75,-2.57,427.3,3.88,61643
2024-10-10T02:27:00.000Z,5.69,-2.66,423.9,4.02,71251
2024-10-10T02:28:00.000Z,5.72,-2.61,413.3,4.43,101156
2024-10-10T02:29:00.000Z,5.69,-2.42,419.2,3.47,56026
2024-10-10T02:30:00.000Z,5.72,-2.56,421.2,3.14,40459
2024-10-10T02:31:00.000Z,5.65,-2.68,421.2,3.14,40459
2024-10-10T02:32:00.000Z,5.57,-3.16,99999.9,999.99,9999999.0
2024-10-10T02:33:00.000Z,5.60,-3.49,99999.9,999.99,9999999.0
2024-10-10T02:34:00.000Z,5.56,-3.64,99999.9,999.99,9999999.0
2024-10-10T02:35:00.000Z,5.56,-2.90,99999.9,999.99,9999999.0
2024-10-10T02:36:00.000Z,5.48,-2.45,417.5,4.50,89443
2024-10-10T02:37:00.000Z,5.47,-2.38,417.5,4.50,89443
2024-10-10T02:38:00.000Z,5.48,-2.29,99999.9,999.99,9999999.0
2024-10-10T02:39:00.000Z,5.47,-2.69,99999.9,999.99,9999999.0
2024-10-10T02:40:00.000Z,5.47,-2.85,413.2,4.20,88793
2024-10-10T02:41:00.000Z,5.38,-2.94,413.2,4.20,88741
2024-10-10T02:42:00.000Z,5.30,-2.39,432.4,3.73,58781
2024-10-10T02:43:00.000Z,5.17,-1.88,427.5,4.15,65404
2024-10-10T02:44:00.000Z,5.12,-2.03,428.2,3.87,72664
2024-10-10T02:45:00.000Z,5.26,-2.01,429.8,3.59,76202
2024-10-10T02:46:00.000Z,4.98,-0.70,428.6,3.52,63681
2024-10-10T02:47:00.000Z,4.94,-0.63,430.2,3.56,60843
2024-10-10T02:48:00.000Z,4.83,0.76,99999.9,999.99,9999999.0
2024-10-10T02:49:00.000Z,4.86,1.06,99999.9,999.99,9999999.0
2024-10-10T02:50:00.000Z,4.94,2.74,443.1,3.88,63123
2024-10-10T02:51:00.000Z,5.19,1.79,444.9,3.88,65047
2024-10-10T02:52:00.000Z,5.07,-0.51,446.5,3.60,55004
2024-10-10T02:53:00.000Z,4.98,-0.11,436.8,3.17,42968
2024-10-10T02:54:00.000Z,5.10,-0.67,436.8,3.17,42968
2024-10-10T02:55:00.000Z,5.23,1.13,99999.9,999.99,9999999.0
2024-10-10T02:56:00.000Z,5.43,2.08,99999.9,999.99,9999999.0
2024-10-10T02:57:00.000Z,5.47,1.99,429.0,3.60,44925
2024-10-10T02:58:00.000Z,5.49,-0.58,427.9,3.59,46848
2024-10-10T02:59:00.000Z,5.43,-0.84,426.7,3.34,47162
2024-10-10T03:00:00.000Z,5.48,-1.05,418.7,4.25,63789
2024-10-10T03:01:00.000Z,5.53,-0.93,417.6,3.91,59015
2024-10-10T03:02:00.000Z,5.56,-0.46,424.0,3.22,45861
2024-10-10T03:03:00.000Z,5.60,-0.41,99999.9,999.99,9999999.0
2024-10-10T03:04:00.000Z,9999.99,9999.99,99999.9,999.99,9999999.0
2024-10-10T03:05:00.000Z,5.58,-0.27,421.2,4.27,61681
2024-10-10T03:06:00.000Z,5.59,-0.23,421.2,4.27,61681
2024-10-10T03:07:00.000Z,5.74,-0.43,424.0,3.41,53019
2024-10-10T03:08:00.000Z,5.84,0.13,424.3,3.39,52345
2024-10-10T03:09:00.000Z,5.79,0.41,428.3,3.40,44236
2024-10-10T03:10:00.000Z,5.71,-0.68,417.4,3.85,56249
2024-10-10T03:11:00.000Z,5.72,-1.29,416.3,3.90,57505
2024-10-10T03:12:00.000Z,5.68,-1.55,415.0,3.76,62076
2024-10-10T03:13:00.000Z,5.73,-1.67,414.0,3.62,59380
2024-10-10T03:14:00.000Z,5.72,-2.58,412.7,3.46,55912
2024-10-10T03:15:00.000Z,5.86,-0.33,99999.9,999.99,9999999.0
2024-10-10T03:16:00.000Z,5.70,-2.62,99999.9,999.99,9999999.0
2024-10-10T03:17:00.000Z,5.48,-0.11,420.7,3.37,55471
2024-10-10T03:18:00.000Z,5.47,0.86,419.2,3.72,63817
2024-10-10T03:19:00.000Z,5.61,0.07,417.6,4.08,72582
2024-10-10T03:20:00.000Z,5.59,0.12,99999.9,999.99,9999999.0
2024-10-10T03:21:00.000Z,5.59,-0.62,422.2,3.94,70535
2024-10-10T03:22:00.000Z,5.61,-0.12,420.6,3.66,65511
2024-10-10T03:23:00.000Z,5.73,-0.05,426.0,3.39,50108
2024-10-10T03:24:00.000Z,5.72,1.11,424.2,3.57,56686
2024-10-10T03:25:00.000Z,5.80,-0.33,426.8,3.83,60737
2024-10-10T03:26:00.000Z,5.82,-0.77,424.4,3.94,69701
2024-10-10T03:27:00.000Z,5.87,-0.76,422.4,3.90,67174
2024-10-10T03:28:00.000Z,5.76,-0.81,422.4,3.76,59423
2024-10-10T03:29:00.000Z,5.63,-1.33,411.2,3.99,79852
2024-10-10T03:30:00.000Z,5.60,-2.25,411.2,3.99,79852
2024-10-10T03:31:00.000Z,5.63,-2.78,411.2,3.99,79852
2024-10-10T03:32:00.000Z,9999.99,9999.99,99999.9,999.99,9999999.0
2024-10-10T03:33:00.000Z,5.61,-2.63,99999.9,999.99,9999999.0
2024-10-10T03:34:00.000Z,5.64,-2.44,417.5,3.90,73859
2024-10-10T03:35:00.000Z,5.63,-2.73,417.5,3.90,73859
2024-10-10T03:36:00.000Z,5.65,-2.69,418.3,4.07,70144
2024-10-10T03:37:00.000Z,5.66,-2.85,418.3,4.07,70144
2024-10-10T03:38:00.000Z,5.65,-2.79,418.3,4.07,70144
2024-10-10T03:39:00.000Z,5.66,-2.61,420.6,3.99,72010
2024-10-10T03:40:00.000Z,5.69,-2.71,420.6,3.99,72010
2024-10-10T03:41:00.000Z,5.65,-2.53,418.1,4.11,76632
2024-10-10T03:42:00.000Z,5.53,-2.07,418.1,4.11,76632
2024-10-10T03:43:00.000Z,5.90,-2.07,99999.9,999.99,9999999.0
2024-10-10T03:44:00.000Z,5.99,-2.29,422.8,3.55,48007
2024-10-10T03:45:00.000Z,6.04,-2.63,422.6,3.55,47954
2024-10-10T03:46:00.000Z,6.04,-2.40,407.4,4.01,54618
2024-10-10T03:47:00.000Z,6.02,-1.95,403.6,4.13,56502
2024-10-10T03:48:00.000Z,6.05,-2.47,405.6,3.90,55611
2024-10-10T03:49:00.000Z,6.05,-2.46,417.1,4.00,63002
2024-10-10T03:50:00.000Z,5.81,-1.61,428.8,4.19,71746
2024-10-10T03:51:00.000Z,5.97,-2.51,407.9,3.99,59556
2024-10-10T03:52:00.000Z,5.94,-2.00,412.0,3.93,60307
2024-10-10T03:53:00.000Z,5.85,-1.90,420.6,4.08,62990
2024-10-10T03:54:00.000Z,5.99,-2.35,404.3,4.10,55103
2024-10-10T03:55:00.000Z,5.94,-3.07,408.1,3.56,42872
2024-10-10T03:56:00.000Z,5.92,-2.78,408.9,3.69,50206
2024-10-10T03:57:00.000Z,5.77,-2.08,412.2,3.64,58198
2024-10-10T03:58:00.000Z,5.74,0.57,412.4,3.22,42963
2024-10-10T03:59:00.000Z,5.92,-0.78,406.5,4.25,55231
2024-10-10T04:00:00.000Z,5.99,1.07,408.8,3.87,53817
2024-10-10T04:01:00.000Z,6.07,1.19,416.7,4.58,52220
2024-10-10T04:02:00.000Z,5.98,0.05,411.5,4.27,58188
2024-10-10T04:03:00.000Z,6.06,0.26,410.2,4.28,59993
2024-10-10T04:04:00.000Z,5.98,0.03,413.1,4.42,52418
2024-10-10T04:05:00.000Z,5.93,0.46,412.3,4.41,57719
2024-10-10T04:06:00.000Z,5.98,1.50,423.3,4.00,61057
2024-10-10T04:07:00.000Z,5.98,3.98,421.3,3.92,62126
2024-10-10T04:08:00.000Z,6.04,3.69,431.3,4.88,77626
2024-10-10T04:09:00.000Z,6.19,1.60,427.2,4.66,73078
2024-10-10T04:10:00.000Z,6.11,3.67,421.6,4.36,66795
2024-10-10T04:11:00.000Z,6.16,3.95,419.0,4.36,56391
2024-10-10T04:12:00.000Z,6.19,2.10,419.0,4.36,56391
2024-10-10T04:13:00.000Z,6.25,1.86,413.9,4.59,54624
2024-10-10T04:14:00.000Z,6.15,2.15,411.6,4.77,54997
2024-10-10T04:15:00.000Z,6.12,2.17,417.7,4.68,62355
2024-10-10T04:16:00.000Z,6.03,1.60,412.3,4.38,59459
2024-10-10T04:17:00.000Z,6.08,1.49,408.1,4.15,54401
2024-10-10T04:18:00.000Z,5.95,0.94,419.0,3.97,74028
2024-10-10T04:19:00.000Z,5.82,0.30,419.0,3.97,74028
2024-10-10T04:20:00.000Z,5.91,0.42,405.1,4.10,53079
2024-10-10T04:21:00.000Z,5.94,0.08,405.1,4.10,53079
2024-10-10T04:22:00.000Z,5.83,0.12,405.1,4.10,53079
2024-10-10T04:23:00.000Z,5.84,-0.41,99999.9,999.99,9999999.0
2024-10-10T04:24:00.000Z,5.86,0.02,99999.9,999.99,9999999.0
2024-10-10T04:25:00.000Z,5.83,-0.37,410.6,4.02,66846
2024-10-10T04:26:00.000Z,5.78,-0.33,412.0,4.05,69860
2024-10-10T04:27:00.000Z,5.77,-0.70,412.6,4.07,71411
2024-10-10T04:28:00.000Z,5.77,-1.58,99999.9,999.99,9999999.0
2024-10-10T04:29:00.000Z,5.78,-0.72,414.9,3.78,63242
2024-10-10T04:30:00.000Z,5.77,-0.80,412.8,3.88,67161
2024-10-10T04:31:00.000Z,5.87,-0.73,411.3,4.14,70339
2024-10-10T04:32:00.000Z,5.95,-0.57,411.8,4.34,68311
2024-10-10T04:33:00.000Z,5.89,0.28,99999.9,999.99,9999999.0
2024-10-10T04:34:00.000Z,5.91,0.37,99999.9,999.99,9999999.0
2024-10-10T04:35:00.000Z,5.94,0.27,99999.9,999.99,9999999.0
2024-10-10T04:36:00.000Z,5.94,0.27,99999.9,999.99,9999999.0
2024-10-10T04:37:00.000Z,5.96,0.56,99999.9,999.99,9999999.0
2024-10-10T04:38:00.000Z,5.94,0.78,99999.9,999.99,9999999.0
2024-10-10T04:39:00.000Z,5.95,0.55,407.2,4.03,68506
2024-10-10T04:40:00.000Z,5.95,0.55,407.2,4.03,68506
2024-10-10T04:41:00.000Z,5.92,0.74,407.2,4.03,68506
2024-10-10T04:42:00.000Z,9999.99,9999.99,99999.9,999.99,9999999.0
2024-10-10T04:43:00.000Z,5.89,0.92,99999.9,999.99,9999999.0
2024-10-10T04:44:00.000Z,9999.99,9999.99,99999.9,999.99,9999999.0
2024-10-10T04:45:00.000Z,5.82,0.92,99999.9,999.99,9999999.0
2024-10-10T04:46:00.000Z,5.80,-0.93,99999.9,999.99,9999999.0
2024-10-10T04:47:00.000Z,5.80,-0.93,99999.9,999.99,9999999.0
2024-10-10T04:48:00.000Z,5.81,-0.52,99999.9,999.99,9999999.0
2024-10-10T04:49:00.000Z,9999.99,9999.99,99999.9,999.99,9999999.0
2024-10-10T04:50:00.000Z,5.84,0.43,99999.9,999.99,9999999.0
2024-10-10T04:51:00.000Z,5.81,0.97,397.8,4.81,92257
2024-10-10T04:52:00.000Z,5.79,0.29,397.8,4.81,92257
2024-10-10T04:53:00.000Z,5.91,0.59,397.8,4.81,92257
2024-10-10T04:54:00.000Z,5.87,1.35,99999.9,999.99,9999999.0
2024-10-10T04:55:00.000Z,5.85,1.15,99999.9,999.99,9999999.0
2024-10-10T04:56:00.000Z,9999.99,9999.99,99999.9,999.99,9999999.0
2024-10-10T04:57:00.000Z,5.81,1.04,99999.9,999.99,9999999.0
2024-10-10T04:58:00.000Z,5.80,1.10,414.7,3.55,67007
2024-10-10T04:59:00.000Z,5.79,0.92,414.7,3.55,67007
2024-10-10T05:00:00.000Z,5.71,1.38,414.7,3.55,67007
2024-10-10T05:01:00.000Z,5.77,1.24,418.0,3.12,53549
2024-10-10T05:02:00.000Z,5.81,1.09,413.8,3.62,60748
2024-10-10T05:03:00.000Z,5.90,1.08,410.1,3.61,54346
2024-10-10T05:04:00.000Z,6.14,1.15,405.5,3.95,59608
2024-10-10T05:05:00.000Z,6.12,0.48,403.0,3.84,58872
2024-10-10T05:06:00.000Z,6.14,0.58,398.8,3.84,52667
2024-10-10T05:07:00.000Z,5.75,0.42,414.8,4.78,55454
2024-10-10T05:08:00.000Z,5.69,0.92,397.9,3.11,40727
2024-10-10T05:09:00.000Z,5.71,1.10,397.7,3.15,41907
2024-10-10T05:10:00.000Z,5.75,0.81,397.5,3.23,43648
2024-10-10T05:11:00.000Z,5.84,0.98,99999.9,999.99,9999999.0
2024-10-10T05:12:00.000Z,5.87,0.77,392.1,3.11,34270
2024-10-10T05:13:00.000Z,5.85,0.36,392.1,3.11,34270
2024-10-10T05:14:00.000Z,6.21,0.20,400.5,3.87,53438
2024-10-10T05:15:00.000Z,6.21,0.20,400.5,3.87,53438
2024-10-10T05:16:00.000Z,6.18,-0.04,400.5,3.87,53438
2024-10-10T05:17:00.000Z,6.14,1.38,401.3,3.24,42647
2024-10-10T05:18:00.000Z,6.20,1.06,401.3,3.32,44177
2024-10-10T05:19:00.000Z,6.11,0.69,401.1,3.59,49417
2024-10-10T05:20:00.000Z,6.17,1.22,401.3,3.63,50870
2024-10-10T05:21:00.000Z,6.25,1.20,401.5,3.67,52614
2024-10-10T05:22:00.000Z,6.28,0.94,401.5,3.67,52614
2024-10-10T05:23:00.000Z,6.27,0.80,395.0,3.45,47737
2024-10-10T05:24:00.000Z,6.41,1.49,395.0,3.45,47737
2024-10-10T05:25:00.000Z,6.26,1.44,395.0,3.45,47737
2024-10-10T05:26:00.000Z,6.22,2.49,99999.9,999.99,9999999.0
2024-10-10T05:27:00.000Z,6.19,1.48,99999.9,999.99,9999999.0
2024-10-10T05:28:00.000Z,6.13,1.10,99999.9,999.99,9999999.0
2024-10-10T05:29:00.000Z,6.05,1.55,399.6,3.61,54232
2024-10-10T05:30:00.000Z,5.92,1.35,399.6,3.61,54232
2024-10-10T05:31:00.000Z,5.83,1.52,99999.9,999.99,9999999.0
2024-10-10T05:32:00.000Z,6.03,1.54,407.3,3.93,68099
2024-10-10T05:33:00.000Z,6.07,1.53,403.6,3.65,58212
2024-10-10T05:34:00.000Z,6.11,1.56,397.6,3.25,41932
2024-10-10T05:35:00.000Z,6.17,1.53,397.5,3.34,41659
2024-10-10T05:36:00.000Z,6.20,1.91,397.6,3.47,44649
2024-10-10T05:37:00.000Z,6.24,1.43,399.4,3.58,50400
2024-10-10T05:38:00.000Z,6.25,1.01,401.6,3.73,56870
2024-10-10T05:39:00.000Z,6.28,1.59,392.4,3.52,45620
2024-10-10T05:40:00.000Z,6.33,1.52,392.4,3.52,45620
2024-10-10T05:41:00.000Z,6.27,1.14,391.9,3.24,37620
2024-10-10T05:42:00.000Z,6.20,1.10,393.6,3.12,34301
2024-10-10T05:43:00.000Z,6.08,1.13,400.4,3.43,44410
2024-10-10T05:44:00.000Z,6.04,1.29,99999.9,999.99,9999999.0
2024-10-10T05:45:00.000Z,6.00,1.30,397.7,3.46,53295
2024-10-10T05:46:00.000Z,6.00,1.06,397.7,3.46,53295
2024-10-10T05:47:00.000Z,5.96,1.14,394.7,3.26,47933
2024-10-10T05:48:00.000Z,5.97,1.13,393.4,3.18,45720
2024-10-10T05:49:00.000Z,5.96,1.15,99999.9,999.99,9999999.0
2024-10-10T05:50:00.000Z,6.04,1.25,99999.9,999.99,9999999.0
2024-10-10T05:51:00.000Z,6.12,1.29,392.4,3.32,41245
2024-10-10T05:52:00.000Z,6.13,1.02,392.4,3.32,41245
2024-10-10T05:53:00.000Z,6.20,1.66,392.4,3.32,41245
2024-10-10T05:54:00.000Z,6.30,1.53,394.4,3.64,46086
2024-10-10T05:55:00.000Z,6.35,1.56,394.4,3.64,46086
2024-10-10T05:56:00.000Z,6.32,1.49,99999.9,999.99,9999999.0
2024-10-10T05:57:00.000Z,6.35,1.64,99999.9,999.99,9999999.0
2024-10-10T05:58:00.000Z,6.47,1.81,99999.9,999.99,9999999.0
2024-10-10T05:59:00.000Z,6.61,1.70,395.4,3.11,38237
2024-10-10T06:00:00.000Z,6.62,1.75,395.4,3.11,38237
2024-10-10T06:01:00.000Z,6.62,1.13,99999.9,999.99,9999999.0
2024-10-10T06:02:00.000Z,6.55,0.52,99999.9,999.99,9999999.0
2024-10-10T06:03:00.000Z,6.53,0.64,390.6,3.31,43811
2024-10-10T06:04:00.000Z,6.56,0.98,390.6,3.31,43811
2024-10-10T06:05:00.000Z,6.56,0.45,389.4,3.32,33334
2024-10-10T06:06:00.000Z,6.50,0.94,389.2,3.32,31203
2024-10-10T06:07:00.000Z,6.43,1.47,389.2,3.32,31203
2024-10-10T06:08:00.000Z,6.34,1.63,99999.9,999.99,9999999.0
2024-10-10T06:09:00.000Z,6.53,1.30,395.3,3.73,49348
2024-10-10T06:10:00.000Z,6.55,0.01,395.3,3.73,49348
2024-10-10T06:11:00.000Z,6.45,0.46,395.3,3.73,49348
2024-10-10T06:12:00.000Z,6.40,0.34,390.9,3.46,44268
2024-10-10T06:13:00.000Z,6.34,0.20,390.9,3.46,44268
2024-10-10T06:14:00.000Z,6.33,0.61,390.9,3.46,44268
2024-10-10T06:15:00.000Z,6.32,0.25,393.0,3.45,44662
2024-10-10T06:16:00.000Z,6.29,-0.44,393.0,3.45,44662
2024-10-10T06:17:00.000Z,6.34,-0.37,393.0,3.45,44662
2024-10-10T06:18:00.000Z,6.41,-0.40,389.7,3.31,36881
2024-10-10T06:19:00.000Z,6.40,-0.47,389.7,3.31,36881
2024-10-10T06:20:00.000Z,6.26,0.09,389.7,3.31,36881
2024-10-10T06:21:00.000Z,6.13,0.38,388.3,3.26,32986
2024-10-10T06:22:00.000Z,6.04,0.40,388.3,3.26,32986
2024-10-10T06:23:00.000Z,5.94,0.57,388.3,3.03,35754
2024-10-10T06:24:00.000Z,5.81,-0.11,388.3,3.03,35754
2024-10-10T06:25:00.000Z,5.87,-0.18,99999.9,999.99,9999999.0
2024-10-10T06:26:00.000Z,6.20,0.39,393.7,3.34,53438
2024-10-10T06:27:00.000Z,6.57,0.06,394.6,3.56,54579
2024-10-10T06:28:00.000Z,6.78,-0.20,396.6,3.64,50941
2024-10-10T06:29:00.000Z,6.69,0.34,398.9,3.46,42007
2024-10-10T06:30:00.000Z,6.49,0.76,398.9,3.46,42007
2024-10-10T06:31:00.000Z,6.43,0.84,99999.9,999.99,9999999.0
2024-10-10T06:32:00.000Z,6.42,1.21,397.4,3.70,48460
2024-10-10T06:33:00.000Z,6.11,1.31,397.8,3.59,48223
2024-10-10T06:34:00.000Z,5.96,1.64,395.9,3.54,46034
2024-10-10T06:35:00.000Z,6.12,1.64,398.3,4.32,69322
2024-10-10T06:36:00.000Z,6.12,1.22,398.3,4.32,69322
2024-10-10T06:37:00.000Z,6.16,0.96,397.5,4.85,94395
2024-10-10T06:38:00.000Z,6.17,3.68,397.5,4.85,94395
2024-10-10T06:39:00.000Z,6.38,3.06,397.5,4.85,94395
2024-10-10T06:40:00.000Z,6.45,2.46,392.8,3.34,39402
2024-10-10T06:41:00.000Z,6.46,1.69,392.8,3.34,39402
2024-10-10T06:42:00.000Z,6.36,1.56,392.8,3.34,39402
2024-10-10T06:43:00.000Z,6.23,2.10,391.4,2.90,34500
2024-10-10T06:44:00.000Z,6.15,3.28,395.4,3.27,40702
2024-10-10T06:45:00.000Z,6.22,3.09,409.4,4.60,62418
2024-10-10T06:46:00.000Z,6.24,2.38,409.4,4.60,62418
2024-10-10T06:47:00.000Z,6.18,2.87,406.4,4.44,71219
2024-10-10T06:48:00.000Z,6.12,2.69,406.3,4.37,69328
2024-10-10T06:49:00.000Z,6.04,3.80,407.6,3.70,54045
2024-10-10T06:50:00.000Z,6.16,3.16,403.0,3.47,49547
2024-10-10T06:51:00.000Z,6.17,2.78,402.2,3.32,45701
2024-10-10T06:52:00.000Z,6.21,3.14,397.3,4.99,80204
2024-10-10T06:53:00.000Z,6.02,3.92,397.3,4.99,80204
2024-10-10T06:54:00.000Z,5.98,3.63,397.3,4.99,80204
2024-10-10T06:55:00.000Z,5.98,3.63,99999.9,999.99,9999999.0
2024-10-10T06:56:00.000Z,5.95,3.45,402.7,3.86,53223
2024-10-10T06:57:00.000Z,9999.99,9999.99,402.7,3.86,53223
2024-10-10T06:58:00.000Z,5.87,3.19,99999.9,999.99,9999999.0
2024-10-10T06:59:00.000Z,5.84,2.91,99999.9,999.99,9999999.0
2024-10-10T07:00:00.000Z,5.84,2.91,99999.9,999.99,9999999.0
2024-10-10T07:01:00.000Z,5.91,2.89,99999.9,999.99,9999999.0
2024-10-10T07:02:00.000Z,5.91,2.89,99999.9,999.99,9999999.0
2024-10-10T07:03:00.000Z,5.92,2.56,99999.9,999.99,9999999.0
2024-10-10T07:04:00.000Z,5.96,1.43,396.0,3.04,31506
2024-10-10T07:05:00.000Z,6.07,0.93,398.2,3.42,40897
2024-10-10T07:06:00.000Z,6.14,2.71,399.9,3.68,45588
2024-10-10T07:07:00.000Z,6.04,2.13,400.2,3.89,46940
2024-10-10T07:08:00.000Z,6.03,2.05,398.3,4.34,64646
2024-10-10T07:09:00.000Z,6.01,1.48,396.1,4.29,53478
2024-10-10T07:10:00.000Z,5.97,1.50,392.3,4.32,60726
2024-10-10T07:11:00.000Z,5.81,1.43,387.9,3.38,32535
2024-10-10T07:12:00.000Z,5.76,1.63,391.0,3.82,47692
2024-10-10T07:13:00.000Z,5.78,1.84,393.5,3.51,44794
2024-10-10T07:14:00.000Z,5.83,2.10,394.9,3.13,38603
2024-10-10T07:15:00.000Z,5.73,2.40,99999.9,999.99,9999999.0
2024-10-10T07:16:00.000Z,5.66,4.00,99999.9,999.99,9999999.0
2024-10-10T07:17:00.000Z,5.58,3.63,99999.9,999.99,9999999.0
2024-10-10T07:18:00.000Z,5.64,4.59,99999.9,999.99,9999999.0
2024-10-10T07:19:00.000Z,5.67,3.91,99999.9,999.99,9999999.0
2024-10-10T07:20:00.000Z,5.62,4.31,99999.9,999.99,9999999.0
2024-10-10T07:21:00.000Z,5.56,4.10,412.2,2.92,42647
2024-10-10T07:22:00.000Z,5.59,4.61,412.2,2.92,42647
2024-10-10T07:23:00.000Z,5.68,4.42,412.2,2.92,42647
2024-10-10T07:24:00.000Z,5.68,4.46,99999.9,999.99,9999999.0
2024-10-10T07:25:00.000Z,5.74,3.89,99999.9,999.99,9999999.0
2024-10-10T07:26:00.000Z,5.73,4.04,408.4,3.95,65327
2024-10-10T07:27:00.000Z,5.78,4.08,408.4,3.95,65327
2024-10-10T07:28:00.000Z,5.77,4.18,99999.9,999.99,9999999.0
2024-10-10T07:29:00.000Z,5.86,4.22,99999.9,999.99,9999999.0
2024-10-10T07:30:00.000Z,5.85,3.47,410.1,3.33,40022
2024-10-10T07:31:00.000Z,5.81,3.51,410.1,3.33,40022
2024-10-10T07:32:00.000Z,5.79,3.44,99999.9,999.99,9999999.0
2024-10-10T07:33:00.000Z,5.79,3.44,99999.9,999.99,9999999.0
2024-10-10T07:34:00.000Z,5.75,3.53,99999.9,999.99,9999999.0
2024-10-10T07:35:00.000Z,5.74,3.23,99999.9,999.99,9999999.0
2024-10-10T07:36:00.000Z,5.68,3.53,99999.9,999.99,9999999.0
2024-10-10T07:37:00.000Z,5.68,3.53,99999.9,999.99,9999999.0
2024-10-10T07:38:00.000Z,5.64,3.85,403.4,3.80,52116
2024-10-10T07:39:00.000Z,5.58,3.64,403.4,3.80,52116
2024-10-10T07:40:00.000Z,9999.99,9999.99,99999.9,999.99,9999999.0
2024-10-10T07:41:00.000Z,5.56,4.09,99999.9,999.99,9999999.0
2024-10-10T07:42:00.000Z,5.52,4.27,99999.9,999.99,9999999.0
2024-10-10T07:43:00.000Z,5.52,4.27,99999.9,999.99,9999999.0
2024-10-10T07:44:00.000Z,9999.99,9999.99,99999.9,999.99,9999999.0
2024-10-10T07:45:00.000Z,5.50,3.93,99999.9,999.99,9999999.0
2024-10-10T07:46:00.000Z,9999.99,9999.99,99999.9,999.99,9999999.0
2024-10-10T07:47:00.000Z,5.46,3.64,99999.9,999.99,9999999.0
2024-10-10T07:48:00.000Z,9999.99,9999.99,99999.9,999.99,9999999.0
2024-10-10T07:49:00.000Z,9999.99,9999.99,99999.9,999.99,9999999.0
2024-10-10T07:50:00.000Z,5.43,3.80,99999.9,999.99,9999999.0
2024-10-10T07:51:00.000Z,9999.99,9999.99,99999.9,999.99,9999999.0
2024-10-10T07:52:00.000Z,9999.99,9999.99,99999.9,999.99,9999999.0
2024-10-10T07:53:00.000Z,5.42,3.77,403.2,3.34,44465
2024-10-10T07:54:00.000Z,9999.99,9999.99,403.2,3.34,44465
2024-10-10T07:55:00.000Z,9999.99,9999.99,99999.9,999.99,9999999.0
2024-10-10T07:56:00.000Z,5.47,4.13,415.7,2.99,36910
2024-10-10T07:57:00.000Z,5.48,1.97,415.7,2.99,36910
2024-10-10T07:58:00.000Z,5.40,3.06,99999.9,999.99,9999999.0
2024-10-10T07:59:00.000Z,5.51,2.86,405.0,3.56,47341
2024-10-10T08:00:00.000Z,5.52,2.76,400.9,3.38,40991
2024-10-10T08:01:00.000Z,5.64,2.19,398.5,3.56,41985
2024-10-10T08:02:00.000Z,5.54,2.58,401.1,3.81,45847
2024-10-10T08:03:00.000Z,5.59,1.92,402.3,3.78,49322
2024-10-10T08:04:00.000Z,5.35,2.11,422.8,3.42,41958
2024-10-10T08:05:00.000Z,5.36,2.37,395.6,3.69,52665
2024-10-10T08:06:00.000Z,5.09,2.81,437.8,4.25,91886
2024-10-10T08:07:00.000Z,5.10,2.77,423.1,4.29,81815
2024-10-10T08:08:00.000Z,4.79,1.60,409.5,4.16,68976
2024-10-10T08:09:00.000Z,4.72,1.83,408.9,4.50,75401
2024-10-10T08:10:00.000Z,5.04,2.32,416.8,4.00,93347
2024-10-10T08:11:00.000Z,5.02,2.40,416.8,4.00,93347
2024-10-10T08:12:00.000Z,4.95,1.58,415.7,3.89,77956
2024-10-10T08:13:00.000Z,4.64,2.25,427.9,3.99,80425
2024-10-10T08:14:00.000Z,4.65,3.41,437.6,4.07,82377
2024-10-10T08:15:00.000Z,4.55,2.57,99999.9,999.99,9999999.0
2024-10-10T08:16:00.000Z,4.63,4.00,99999.9,999.99,9999999.0
2024-10-10T08:17:00.000Z,4.53,4.34,99999.9,999.99,9999999.0
2024-10-10T08:18:00.000Z,4.64,4.15,99999.9,999.99,9999999.0
2024-10-10T08:19:00.000Z,4.61,2.58,99999.9,999.99,9999999.0
2024-10-10T08:20:00.000Z,4.69,0.15,99999.9,999.99,9999999.0
2024-10-10T08:21:00.000Z,4.68,0.04,99999.9,999.99,9999999.0
2024-10-10T08:22:00.000Z,4.84,-0.47,99999.9,999.99,9999999.0
2024-10-10T08:23:00.000Z,4.81,-0.26,99999.9,999.99,9999999.0
2024-10-10T08:24:00.000Z,4.73,-0.44,99999.9,999.99,9999999.0
2024-10-10T08:25:00.000Z,4.62,-1.14,99999.9,999.99,9999999.0
2024-10-10T08:26:00.000Z,4.56,-1.05,99999.9,999.99,9999999.0
2024-10-10T08:27:00.000Z,4.70,-0.89,403.1,3.86,62340
2024-10-10T08:28:00.000Z,4.74,-0.54,403.1,3.86,62340
2024-10-10T08:29:00.000Z,4.68,0.90,403.9,3.99,90588
2024-10-10T08:30:00.000Z,4.81,1.49,404.8,4.12,120614
2024-10-10T08:31:00.000Z,4.64,0.83,404.6,4.29,52020
2024-10-10T08:32:00.000Z,4.84,0.89,404.6,4.30,48969
2024-10-10T08:33:00.000Z,4.90,0.89,404.6,4.30,48969
2024-10-10T08:34:00.000Z,4.96,0.32,408.2,4.13,119697
2024-10-10T08:35:00.000Z,5.00,0.37,408.1,4.12,118915
2024-10-10T08:36:00.000Z,5.05,0.26,395.4,2.93,42731
2024-10-10T08:37:00.000Z,5.14,1.17,395.1,2.91,40678
2024-10-10T08:38:00.000Z,4.90,-0.18,402.9,4.01,48831
2024-10-10T08:39:00.000Z,4.80,-0.31,402.5,4.25,74610
2024-10-10T08:40:00.000Z,4.62,-0.54,414.5,4.42,118781
2024-10-10T08:41:00.000Z,4.89,1.97,423.4,3.67,91499
2024-10-10T08:42:00.000Z,4.99,2.25,421.6,3.47,83561
2024-10-10T08:43:00.000Z,4.81,2.68,403.2,2.85,35519
2024-10-10T08:44:00.000Z,4.94,2.67,403.2,2.85,35519
2024-10-10T08:45:00.000Z,5.09,2.34,405.1,3.12,49198
2024-10-10T08:46:00.000Z,5.33,2.28,410.2,3.83,85977
2024-10-10T08:47:00.000Z,5.31,1.60,402.4,3.74,44479
2024-10-10T08:48:00.000Z,5.37,1.82,395.9,3.58,33746
2024-10-10T08:49:00.000Z,5.51,1.63,394.0,3.53,31065
2024-10-10T08:50:00.000Z,5.54,1.59,99999.9,999.99,9999999.0
2024-10-10T08:51:00.000Z,5.55,1.48,99999.9,999.99,9999999.0
2024-10-10T08:52:00.000Z,5.58,1.98,99999.9,999.99,9999999.0
2024-10-10T08:53:00.000Z,5.63,2.90,398.7,4.20,57803
2024-10-10T08:54:00.000Z,5.60,2.98,398.7,4.20,57803
2024-10-10T08:55:00.000Z,5.53,2.84,398.7,4.20,57803
2024-10-10T08:56:00.000Z,5.51,2.96,99999.9,999.99,9999999.0
2024-10-10T08:57:00.000Z,5.46,2.75,99999.9,999.99,9999999.0
2024-10-10T08:58:00.000Z,5.48,2.79,99999.9,999.99,9999999.0
2024-10-10T08:59:00.000Z,5.46,2.87,398.9,3.16,42936
2024-10-10T09:00:00.000Z,5.46,2.93,398.9,3.16,42936
2024-10-10T09:01:00.000Z,5.41,2.73,398.9,3.16,42936
2024-10-10T09:02:00.000Z,9999.99,9999.99,99999.9,999.99,9999999.0
2024-10-10T09:03:00.000Z,5.44,2.29,397.4,3.91,50390
2024-10-10T09:04:00.000Z,5.44,2.62,397.4,3.91,50390
2024-10-10T09:05:00.000Z,5.46,2.29,99999.9,999.99,9999999.0
2024-10-10T09:06:00.000Z,5.46,2.41,99999.9,999.99,9999999.0
2024-10-10T09:07:00.000Z,5.48,2.50,99999.9,999.99,9999999.0
2024-10-10T09:08:00.000Z,5.47,2.73,99999.9,999.99,9999999.0
2024-10-10T09:09:00.000Z,9999.99,9999.99,99999.9,999.99,9999999.0
2024-10-10T09:10:00.000Z,5.45,2.64,99999.9,999.99,9999999.0
2024-10-10T09:11:00.000Z,5.37,2.58,99999.9,999.99,9999999.0
2024-10-10T09:12:00.000Z,5.37,2.58,99999.9,999.99,9999999.0
2024-10-10T09:13:00.000Z,5.44,2.72,399.8,3.09,40584
2024-10-10T09:14:00.000Z,5.43,2.39,399.8,3.09,40584
2024-10-10T09:15:00.000Z,5.42,2.44,401.1,3.79,41403
2024-10-10T09:16:00.000Z,5.33,1.85,400.6,3.31,46047
2024-10-10T09:17:00.000Z,5.46,0.24,400.5,3.14,47653
2024-10-10T09:18:00.000Z,5.59,0.84,99999.9,999.99,9999999.0
2024-10-10T09:19:00.000Z,5.72,-0.21,99999.9,999.99,9999999.0
2024-10-10T09:20:00.000Z,5.79,0.06,99999.9,999.99,9999999.0
2024-10-10T09:21:00.000Z,5.75,-0.01,99999.9,999.99,9999999.0
2024-10-10T09:22:00.000Z,5.71,-0.47,393.1,3.04,30792
2024-10-10T09:23:00.000Z,5.52,0.08,393.1,3.04,30792
2024-10-10T09:24:00.000Z,5.72,-0.26,393.1,3.04,30792
2024-10-10T09:25:00.000Z,5.80,-0.47,392.2,3.52,39680
2024-10-10T09:26:00.000Z,5.92,-1.38,389.9,3.34,37047
2024-10-10T09:27:00.000Z,5.95,-0.65,390.1,3.26,35309
2024-10-10T09:28:00.000Z,5.90,-0.30,395.1,3.07,30411
2024-10-10T09:29:00.000Z,5.83,-0.35,395.1,3.07,30411
2024-10-10T09:30:00.000Z,5.79,-0.29,99999.9,999.99,9999999.0
2024-10-10T09:31:00.000Z,5.79,-0.26,99999.9,999.99,9999999.0
2024-10-10T09:32:00.000Z,5.87,0.00,99999.9,999.99,9999999.0
2024-10-10T09:33:00.000Z,5.95,0.13,391.4,3.86,43194
2024-10-10T09:34:00.000Z,6.05,0.05,391.4,3.86,43194
2024-10-10T09:35:00.000Z,6.09,-0.59,395.5,3.31,33807
2024-10-10T09:36:00.000Z,6.07,-1.00,397.2,3.07,29790
2024-10-10T09:37:00.000Z,6.06,-0.60,99999.9,999.99,9999999.0
2024-10-10T09:38:00.000Z,6.06,-0.60,99999.9,999.99,9999999.0
2024-10-10T09:39:00.000Z,6.18,-0.76,99999.9,999.99,9999999.0
2024-10-10T09:40:00.000Z,6.17,-0.38,99999.9,999.99,9999999.0
2024-10-10T09:41:00.000Z,6.14,-0.47,99999.9,999.99,9999999.0
2024-10-10T09:42:00.000Z,6.11,-0.73,388.6,4.54,48625
2024-10-10T09:43:00.000Z,6.11,-0.87,388.6,4.54,48625
2024-10-10T09:44:00.000Z,6.11,-0.69,99999.9,999.99,9999999.0
2024-10-10T09:45:00.000Z,6.14,-1.10,99999.9,999.99,9999999.0
2024-10-10T09:46:00.000Z,5.98,-0.70,389.0,4.88,38085
2024-10-10T09:47:00.000Z,5.93,-0.48,389.6,4.83,38122
2024-10-10T09:48:00.000Z,5.77,-2.02,414.6,3.03,39568
2024-10-10T09:49:00.000Z,5.86,-1.85,396.1,3.35,40208
2024-10-10T09:50:00.000Z,5.80,-1.53,392.8,3.48,40530
2024-10-10T09:51:00.000Z,5.45,-2.04,388.8,3.97,42230
2024-10-10T09:52:00.000Z,5.43,-2.00,388.8,3.97,42230
2024-10-10T09:53:00.000Z,5.48,-1.86,410.1,3.20,44925
2024-10-10T09:54:00.000Z,5.41,-2.17,410.1,3.20,44925
2024-10-10T09:55:00.000Z,5.40,-1.65,99999.9,999.99,9999999.0
2024-10-10T09:56:00.000Z,5.44,-1.55,99999.9,999.99,9999999.0
2024-10-10T09:57:00.000Z,5.48,-1.06,99999.9,999.99,9999999.0
2024-10-10T09:58:00.000Z,5.52,-0.86,392.1,2.77,26503
2024-10-10T09:59:00.000Z,5.70,-1.04,394.0,2.85,28934
2024-10-10T10:00:00.000Z,5.65,-1.38,403.3,3.25,42839
2024-10-10T10:01:00.000Z,5.32,-2.52,403.5,3.40,45705
2024-10-10T10:02:00.000Z,5.62,-1.99,395.0,3.81,49833
2024-10-10T10:03:00.000Z,5.53,-1.92,393.4,3.63,41789
2024-10-10T10:04:00.000Z,5.70,-2.44,396.6,2.91,33642
2024-10-10T10:05:00.000Z,5.39,-2.23,398.5,3.27,38426
2024-10-10T10:06:00.000Z,4.50,-2.48,397.5,3.69,59547
2024-10-10T10:07:00.000Z,4.63,-2.59,398.8,3.60,74834
2024-10-10T10:08:00.000Z,4.93,-2.22,99999.9,999.99,9999999.0
2024-10-10T10:09:00.000Z,4.56,-2.32,395.2,3.51,71302
2024-10-10T10:10:00.000Z,4.44,-2.30,395.2,3.51,71302
2024-10-10T10:11:00.000Z,4.72,-2.48,395.2,3.51,71302
2024-10-10T10:12:00.000Z,4.71,-2.14,99999.9,999.99,9999999.0
2024-10-10T10:13:00.000Z,4.47,-2.26,400.3,4.37,68506
2024-10-10T10:14:00.000Z,4.50,-1.85,400.3,4.37,68506
2024-10-10T10:15:00.000Z,4.55,-1.83,99999.9,999.99,9999999.0
2024-10-10T10:16:00.000Z,4.65,-2.15,99999.9,999.99,9999999.0
2024-10-10T10:17:00.000Z,4.70,-2.24,99999.9,999.99,9999999.0
2024-10-10T10:18:00.000Z,5.27,-2.75,99999.9,999.99,9999999.0
2024-10-10T10:19:00.000Z,5.07,-2.35,396.7,3.90,67572
2024-10-10T10:20:00.000Z,5.12,-2.30,396.7,3.90,67572
2024-10-10T10:21:00.000Z,5.11,-3.02,396.7,3.90,67572
2024-10-10T10:22:00.000Z,5.23,-3.15,99999.9,999.99,9999999.0
2024-10-10T10:23:00.000Z,5.28,-3.11,399.9,3.32,59976
2024-10-10T10:24:00.000Z,5.25,-3.31,398.4,3.76,62223
2024-10-10T10:25:00.000Z,5.35,-3.46,407.0,4.69,61180
2024-10-10T10:26:00.000Z,5.81,-3.82,406.5,4.64,61740
2024-10-10T10:27:00.000Z,5.59,-3.51,396.2,3.47,73352
2024-10-10T10:28:00.000Z,5.84,-3.68,396.2,3.47,73352
2024-10-10T10:29:00.000Z,5.59,-4.04,410.1,4.47,78888
2024-10-10T10:30:00.000Z,5.68,-3.14,410.1,4.47,78888
2024-10-10T10:31:00.000Z,5.39,-2.44,410.1,4.47,78888
2024-10-10T10:32:00.000Z,6.03,-4.05,99999.9,999.99,9999999.0
2024-10-10T10:33:00.000Z,6.02,-3.88,99999.9,999.99,9999999.0
2024-10-10T10:34:00.000Z,5.53,-2.39,99999.9,999.99,9999999.0
2024-10-10T10:35:00.000Z,5.70,-2.57,99999.9,999.99,9999999.0
2024-10-10T10:36:00.000Z,5.49,-2.49,392.9,4.77,36702
2024-10-10T10:37:00.000Z,5.97,-3.43,394.3,4.67,50985
2024-10-10T10:38:00.000Z,5.78,-3.14,397.5,4.37,86859
2024-10-10T10:39:00.000Z,5.48,-2.47,395.7,4.48,63847
2024-10-10T10:40:00.000Z,5.57,-2.10,400.7,3.96,53735
2024-10-10T10:41:00.000Z,5.40,-1.92,399.4,3.70,50631
2024-10-10T10:42:00.000Z,5.56,-2.05,398.9,4.56,66365
2024-10-10T10:43:00.000Z,5.61,-2.66,395.4,4.56,55210
2024-10-10T10:44:00.000Z,5.62,-2.36,394.3,4.55,49902
2024-10-10T10:45:00.000Z,5.66,-1.48,391.1,4.83,42166
2024-10-10T10:46:00.000Z,5.61,-2.24,388.2,4.76,43292
2024-10-10T10:47:00.000Z,5.61,-1.92,388.2,4.76,43292
2024-10-10T10:48:00.000Z,5.67,-2.22,408.3,4.31,54196
2024-10-10T10:49:00.000Z,5.62,-2.42,406.9,3.92,48866
2024-10-10T10:50:00.000Z,5.78,-3.94,396.3,4.18,58303
2024-10-10T10:51:00.000Z,5.70,-1.99,405.2,4.53,83408
2024-10-10T10:52:00.000Z,5.64,-3.66,99999.9,999.99,9999999.0
2024-10-10T10:53:00.000Z,5.67,-3.72,99999.9,999.99,9999999.0
2024-10-10T10:54:00.000Z,5.74,-1.99,99999.9,999.99,9999999.0
2024-10-10T10:55:00.000Z,5.82,-3.51,99999.9,999.99,9999999.0
2024-10-10T10:56:00.000Z,5.76,-1.35,99999.9,999.99,9999999.0
2024-10-10T10:57:00.000Z,5.73,-3.15,99999.9,999.99,9999999.0
2024-10-10T10:58:00.000Z,5.75,-1.73,387.7,4.90,48900
2024-10-10T10:59:00.000Z,5.70,-3.55,387.7,4.90,48900
2024-10-10T11:00:00.000Z,9999.99,9999.99,398.8,4.25,80797
2024-10-10T11:01:00.000Z,5.64,-2.90,399.0,4.24,81398
2024-10-10T11:02:00.000Z,5.80,-2.97,399.0,4.24,81398
2024-10-10T11:03:00.000Z,5.82,-2.66,388.8,4.16,63746
2024-10-10T11:04:00.000Z,5.50,-0.66,388.8,4.16,63746
2024-10-10T11:05:00.000Z,5.58,1.16,388.8,4.16,63746
2024-10-10T11:06:00.000Z,5.70,-0.92,99999.9,999.99,9999999.0
2024-10-10T11:07:00.000Z,5.55,-0.48,411.6,5.25,59803
2024-10-10T11:08:00.000Z,5.73,-0.26,411.6,5.25,59803
2024-10-10T11:09:00.000Z,5.79,-1.68,99999.9,999.99,9999999.0
2024-10-10T11:10:00.000Z,5.75,-1.54,99999.9,999.99,9999999.0
2024-10-10T11:11:00.000Z,5.76,-1.54,406.9,4.54,97548
2024-10-10T11:12:00.000Z,5.88,0.15,396.4,4.59,61467
2024-10-10T11:13:00.000Z,5.80,0.41,393.7,4.69,53039
2024-10-10T11:14:00.000Z,5.98,-2.11,392.2,4.91,50635
2024-10-10T11:15:00.000Z,5.98,1.04,99999.9,999.99,9999999.0
2024-10-10T11:16:00.000Z,5.65,-0.25,387.3,4.51,44826
2024-10-10T11:17:00.000Z,5.88,1.34,387.3,4.51,44826
2024-10-10T11:18:00.000Z,5.68,0.76,99999.9,999.99,9999999.0
2024-10-10T11:19:00.000Z,5.86,0.02,99999.9,999.99,9999999.0
2024-10-10T11:20:00.000Z,6.02,1.93,99999.9,999.99,9999999.0
2024-10-10T11:21:00.000Z,5.72,0.85,99999.9,999.99,9999999.0
2024-10-10T11:22:00.000Z,5.87,0.18,99999.9,999.99,9999999.0
2024-10-10T11:23:00.000Z,5.77,0.07,99999.9,999.99,9999999.0
2024-10-10T11:24:00.000Z,5.84,0.31,395.1,3.82,43194
2024-10-10T11:25:00.000Z,5.87,0.46,395.1,3.84,43583
2024-10-10T11:26:00.000Z,5.61,-0.94,399.6,4.60,47996
2024-10-10T11:27:00.000Z,5.62,-1.23,399.9,4.38,60775
2024-10-10T11:28:00.000Z,5.46,-1.51,394.2,4.21,59182
2024-10-10T11:29:00.000Z,5.38,-1.90,399.1,5.09,78390
2024-10-10T11:30:00.000Z,5.56,-0.06,396.2,4.16,74941
2024-10-10T11:31:00.000Z,5.66,-0.64,394.0,3.97,62131
2024-10-10T11:32:00.000Z,5.75,-0.61,390.6,4.22,63156
2024-10-10T11:33:00.000Z,5.76,-0.91,386.6,4.33,48728
2024-10-10T11:34:00.000Z,5.95,-0.67,386.6,4.33,48728
2024-10-10T11:35:00.000Z,5.97,-2.20,386.6,4.33,48728
2024-10-10T11:36:00.000Z,5.99,-1.46,395.0,3.58,56909
2024-10-10T11:37:00.000Z,6.01,-1.18,399.3,3.87,68055
2024-10-10T11:38:00.000Z,5.99,-3.10,402.7,4.66,88407
2024-10-10T11:39:00.000Z,5.86,-2.56,390.4,4.41,69199
2024-10-10T11:40:00.000Z,5.97,-3.32,99999.9,999.99,9999999.0
2024-10-10T11:41:00.000Z,5.97,-3.32,99999.9,999.99,9999999.0
2024-10-10T11:42:00.000Z,6.06,-2.55,99999.9,999.99,9999999.0
2024-10-10T11:43:00.000Z,6.06,-2.55,99999.9,999.99,9999999.0
2024-10-10T11:44:00.000Z,5.98,-2.15,99999.9,999.99,9999999.0
2024-10-10T11:45:00.000Z,9999.99,9999.99,99999.9,999.99,9999999.0
2024-10-10T11:46:00.000Z,5.96,-1.88,99999.9,999.99,9999999.0
2024-10-10T11:47:00.000Z,5.97,-1.84,99999.9,999.99,9999999.0
2024-10-10T11:48:00.000Z,5.11,-3.60,403.1,5.04,101011
2024-10-10T11:49:00.000Z,4.70,-1.74,412.7,4.68,85102
2024-10-10T11:50:00.000Z,5.17,-2.29,420.4,4.38,72386
2024-10-10T11:51:00.000Z,5.42,-2.61,406.4,4.38,96349
2024-10-10T11:52:00.000Z,5.23,-2.94,401.8,4.61,86662
2024-10-10T11:53:00.000Z,5.13,-2.38,400.7,4.22,76349
2024-10-10T11:54:00.000Z,5.67,-1.71,399.5,4.21,70917
2024-10-10T11:55:00.000Z,5.28,-2.52,404.8,3.87,69752
2024-10-10T11:56:00.000Z,5.23,-2.61,408.8,3.58,66541
2024-10-10T11:57:00.000Z,5.36,-4.00,416.0,3.31,50453
2024-10-10T11:58:00.000Z,5.78,-3.35,401.6,4.25,49029
2024-10-10T11:59:00.000Z,5.70,-3.82,410.6,3.98,51714
2024-10-10T12:00:00.000Z,5.79,-4.00,409.4,4.06,62670
2024-10-10T12:01:00.000Z,5.92,-3.88,410.4,4.03,59592
2024-10-10T12:02:00.000Z,5.97,-3.18,397.5,4.01,51818
2024-10-10T12:03:00.000Z,6.05,-2.70,399.1,3.59,55362
2024-10-10T12:04:00.000Z,6.22,-3.89,411.3,3.56,31636
2024-10-10T12:05:00.000Z,6.05,-5.17,411.4,3.56,31423
2024-10-10T12:06:00.000Z,6.16,-4.87,405.7,3.88,46220
2024-10-10T12:07:00.000Z,6.19,-5.21,405.7,3.88,46218
2024-10-10T12:08:00.000Z,6.35,-5.61,418.9,3.90,44910
2024-10-10T12:09:00.000Z,6.39,-5.74,412.0,3.71,35387
2024-10-10T12:10:00.000Z,6.45,-6.24,423.2,3.51,29542
2024-10-10T12:11:00.000Z,6.42,-5.91,430.4,3.25,26736
2024-10-10T12:12:00.000Z,6.35,-5.95,411.1,3.99,44883
2024-10-10T12:13:00.000Z,6.26,-5.59,415.8,3.71,39818
2024-10-10T12:14:00.000Z,6.06,-5.56,393.2,4.35,26844
2024-10-10T12:15:00.000Z,6.24,-5.85,420.0,3.53,38601
2024-10-10T12:16:00.000Z,6.32,-5.65,423.4,3.50,39922
2024-10-10T12:17:00.000Z,6.20,-5.53,410.3,3.73,40672
2024-10-10T12:18:00.000Z,6.50,-5.14,409.2,3.73,42708
2024-10-10T12:19:00.000Z,6.73,-5.06,405.1,3.93,46187
2024-10-10T12:20:00.000Z,6.80,-4.86,99999.9,999.99,9999999.0
2024-10-10T12:21:00.000Z,6.80,-4.86,99999.9,999.99,9999999.0
2024-10-10T12:22:00.000Z,6.71,-5.04,395.4,3.98,32704
2024-10-10T12:23:00.000Z,6.74,-5.41,395.4,3.98,32704
2024-10-10T12:24:00.000Z,7.13,-6.29,99999.9,999.99,9999999.0
2024-10-10T12:25:00.000Z,7.03,-5.94,99999.9,999.99,9999999.0
2024-10-10T12:26:00.000Z,7.03,-5.94,99999.9,999.99,9999999.0
2024-10-10T12:27:00.000Z,6.93,-5.80,99999.9,999.99,9999999.0
2024-10-10T12:28:00.000Z,6.79,-5.67,99999.9,999.99,9999999.0
2024-10-10T12:29:00.000Z,6.76,-5.27,99999.9,999.99,9999999.0
2024-10-10T12:30:00.000Z,6.75,-4.65,402.3,4.06,33468
2024-10-10T12:31:00.000Z,6.73,-4.48,402.3,4.06,33468
2024-10-10T12:32:00.000Z,6.84,-4.63,99999.9,999.99,9999999.0
2024-10-10T12:33:00.000Z,6.89,-4.45,99999.9,999.99,9999999.0
2024-10-10T12:34:00.000Z,6.97,-4.57,99999.9,999.99,9999999.0
2024-10-10T12:35:00.000Z,7.06,-4.81,99999.9,999.99,9999999.0
2024-10-10T12:36:00.000Z,7.06,-4.84,395.8,4.02,39835
2024-10-10T12:37:00.000Z,7.17,-4.83,395.8,4.02,39835
2024-10-10T12:38:00.000Z,7.17,-4.83,99999.9,999.99,9999999.0
2024-10-10T12:39:00.000Z,7.20,-4.64,99999.9,999.99,9999999.0
2024-10-10T12:40:00.000Z,7.30,-4.83,99999.9,999.99,9999999.0
2024-10-10T12:41:00.000Z,7.43,-4.87,99999.9,999.99,9999999.0
2024-10-10T12:42:00.000Z,7.43,-4.88,99999.9,999.99,9999999.0
2024-10-10T12:43:00.000Z,7.58,-4.20,99999.9,999.99,9999999.0
2024-10-10T12:44:00.000Z,7.53,-2.89,387.5,4.12,31616
2024-10-10T12:45:00.000Z,7.61,-2.29,387.5,4.12,31616
2024-10-10T12:46:00.000Z,7.26,-6.22,419.0,3.24,29362
2024-10-10T12:47:00.000Z,7.24,-6.02,419.0,3.24,29362
2024-10-10T12:48:00.000Z,9999.99,9999.99,419.0,3.24,29362
2024-10-10T12:49:00.000Z,7.15,-6.09,99999.9,999.99,9999999.0
2024-10-10T12:50:00.000Z,9999.99,9999.99,99999.9,999.99,9999999.0
2024-10-10T12:51:00.000Z,7.14,-5.35,99999.9,999.99,9999999.0
2024-10-10T12:52:00.000Z,7.14,-5.35,99999.9,999.99,9999999.0
2024-10-10T12:53:00.000Z,9999.99,9999.99,99999.9,999.99,9999999.0
2024-10-10T12:54:00.000Z,7.20,-4.39,99999.9,999.99,9999999.0
2024-10-10T12:55:00.000Z,9999.99,9999.99,99999.9,999.99,9999999.0
2024-10-10T12:56:00.000Z,9999.99,9999.99,99999.9,999.99,9999999.0
2024-10-10T12:57:00.000Z,7.32,-4.19,99999.9,999.99,9999999.0
2024-10-10T12:58:00.000Z,7.32,-4.19,99999.9,999.99,9999999.0
2024-10-10T12:59:00.000Z,9999.99,9999.99,99999.9,999.99,9999999.0
2024-10-10T13:00:00.000Z,9999.99,9999.99,99999.9,999.99,9999999.0
2024-10-10T13:01:00.000Z,7.20,-1.76,99999.9,999.99,9999999.0
2024-10-10T13:02:00.000Z,9999.99,9999.99,99999.9,999.99,9999999.0
2024-10-10T13:03:00.000Z,7.14,-0.98,377.1,4.33,31644
2024-10-10T13:04:00.000Z,7.24,-2.20,377.1,4.33,31644
2024-10-10T13:05:00.000Z,7.08,-2.44,99999.9,999.99,9999999.0
2024-10-10T13:06:00.000Z,7.10,-2.76,99999.9,999.99,9999999.0
2024-10-10T13:07:00.000Z,7.33,-3.40,99999.9,999.99,9999999.0
2024-10-10T13:08:00.000Z,7.74,-2.92,383.3,4.42,33071
2024-10-10T13:09:00.000Z,8.02,-2.52,383.3,4.42,33071
2024-10-10T13:10:00.000Z,8.04,-3.44,383.3,4.42,33071
2024-10-10T13:11:00.000Z,8.09,-3.85,99999.9,999.99,9999999.0
2024-10-10T13:12:00.000Z,7.95,-3.81,99999.9,999.99,9999999.0
2024-10-10T13:13:00.000Z,7.83,-4.33,383.8,4.45,37964
2024-10-10T13:14:00.000Z,7.79,-3.96,383.8,4.45,37964
2024-10-10T13:15:00.000Z,7.82,-3.67,99999.9,999.99,9999999.0
2024-10-10T13:16:00.000Z,8.03,-2.24,99999.9,999.99,9999999.0
2024-10-10T13:17:00.000Z,7.98,-2.56,99999.9,999.99,9999999.0
2024-10-10T13:18:00.000Z,8.03,-2.01,400.8,4.92,51674
2024-10-10T13:19:00.000Z,7.96,-1.03,398.7,4.70,45916
2024-10-10T13:20:00.000Z,8.11,-1.15,389.7,5.15,37450
2024-10-10T13:21:00.000Z,8.17,-2.53,389.7,5.15,37450
2024-10-10T13:22:00.000Z,8.17,-1.51,99999.9,999.99,9999999.0
2024-10-10T13:23:00.000Z,8.19,-2.67,99999.9,999.99,9999999.0
2024-10-10T13:24:00.000Z,8.20,-2.37,398.0,4.56,29891
2024-10-10T13:25:00.000Z,8.17,-2.07,385.8,4.35,27834
2024-10-10T13:26:00.000Z,8.31,-3.17,378.0,4.20,26503
2024-10-10T13:27:00.000Z,8.44,-1.39,387.5,4.97,38048
2024-10-10T13:28:00.000Z,8.75,-1.38,387.1,4.95,37634
2024-10-10T13:29:00.000Z,8.39,0.47,99999.9,999.99,9999999.0
2024-10-10T13:30:00.000Z,8.42,-2.09,381.6,4.38,27732
2024-10-10T13:31:00.000Z,8.18,0.01,381.6,4.38,27732
2024-10-10T13:32:00.000Z,8.27,-2.12,381.6,4.38,27732
2024-10-10T13:33:00.000Z,8.23,-2.74,392.9,5.39,62820
2024-10-10T13:34:00.000Z,8.01,1.02,390.2,4.97,49562
2024-10-10T13:35:00.000Z,8.07,0.10,384.7,4.40,33266
2024-10-10T13:36:00.000Z,8.00,-0.63,381.7,4.10,29871
2024-10-10T13:37:00.000Z,8.16,-0.11,382.9,4.21,32566
2024-10-10T13:38:00.000Z,8.12,-1.99,387.1,4.89,44716
2024-10-10T13:39:00.000Z,8.14,-1.52,384.7,4.68,36834
2024-10-10T13:40:00.000Z,8.25,-0.67,394.7,5.17,46762
2024-10-10T13:41:00.000Z,8.61,1.70,383.5,3.80,25675
2024-10-10T13:42:00.000Z,8.36,1.14,381.9,4.62,33434
2024-10-10T13:43:00.000Z,8.41,0.87,380.1,5.08,37811
2024-10-10T13:44:00.000Z,8.69,2.48,404.9,5.53,53456
2024-10-10T13:45:00.000Z,8.69,1.45,405.1,5.45,50714
2024-10-10T13:46:00.000Z,8.72,0.98,99999.9,999.99,9999999.0
2024-10-10T13:47:00.000Z,8.65,1.63,383.5,4.11,49729
2024-10-10T13:48:00.000Z,8.38,0.53,382.5,4.39,47254
2024-10-10T13:49:00.000Z,8.19,0.00,380.0,5.11,40727
2024-10-10T13:50:00.000Z,8.23,0.29,389.2,3.84,36553
2024-10-10T13:51:00.000Z,8.32,0.36,386.5,3.99,30230
2024-10-10T13:52:00.000Z,8.27,1.63,402.3,4.82,40498
2024-10-10T13:53:00.000Z,8.32,2.47,395.3,5.49,44862
2024-10-10T13:54:00.000Z,8.22,0.89,409.8,4.48,56872
2024-10-10T13:55:00.000Z,8.36,1.28,401.1,4.54,49866
2024-10-10T13:56:00.000Z,8.30,0.74,384.8,4.81,40489
2024-10-10T13:57:00.000Z,7.99,1.03,411.5,4.77,38154
2024-10-10T13:58:00.000Z,7.92,1.53,411.2,4.50,41571
2024-10-10T13:59:00.000Z,7.85,1.80,387.0,4.15,31539
2024-10-10T14:00:00.000Z,8.33,1.29,386.0,4.84,41957
2024-10-10T14:01:00.000Z,8.58,1.14,387.9,5.03,45620
2024-10-10T14:02:00.000Z,8.57,2.84,398.1,4.51,42261
2024-10-10T14:03:00.000Z,8.02,1.93,394.9,4.44,36872
2024-10-10T14:04:00.000Z,8.17,1.15,389.2,4.22,29454
2024-10-10T14:05:00.000Z,7.98,1.99,414.1,5.19,58734
2024-10-10T14:06:00.000Z,7.84,2.28,391.9,4.48,52155
2024-10-10T14:07:00.000Z,7.68,2.30,395.0,4.83,61785
2024-10-10T14:08:00.000Z,7.51,1.50,376.6,4.45,35647
2024-10-10T14:09:00.000Z,8.67,4.46,384.3,5.30,59286
2024-10-10T14:10:00.000Z,8.50,4.99,386.6,5.54,66204
2024-10-10T14:11:00.000Z,8.46,5.53,99999.9,999.99,9999999.0
2024-10-10T14:12:00.000Z,8.42,6.20,99999.9,999.99,9999999.0
2024-10-10T14:13:00.000Z,8.30,4.41,454.2,4.45,34155
2024-10-10T14:14:00.000Z,8.28,4.85,454.2,4.45,34155
2024-10-10T14:15:00.000Z,8.26,4.96,454.2,4.45,34155
2024-10-10T14:16:00.000Z,8.26,4.56,99999.9,999.99,9999999.0
2024-10-10T14:17:00.000Z,8.42,4.93,99999.9,999.99,9999999.0
2024-10-10T14:18:00.000Z,8.42,5.00,99999.9,999.99,9999999.0
2024-10-10T14:19:00.000Z,8.52,5.22,99999.9,999.99,9999999.0
2024-10-10T14:20:00.000Z,8.57,5.58,423.7,4.85,45421
2024-10-10T14:21:00.000Z,8.65,4.98,423.7,4.85,45421
2024-10-10T14:22:00.000Z,8.76,4.29,99999.9,999.99,9999999.0
2024-10-10T14:23:00.000Z,8.95,4.81,99999.9,999.99,9999999.0
2024-10-10T14:24:00.000Z,8.91,4.36,99999.9,999.99,9999999.0
2024-10-10T14:25:00.000Z,8.85,4.92,99999.9,999.99,9999999.0
2024-10-10T14:26:00.000Z,8.68,4.69,99999.9,999.99,9999999.0
2024-10-10T14:27:00.000Z,8.74,5.41,400.7,5.95,61875
2024-10-10T14:28:00.000Z,8.77,5.28,400.7,5.95,61875
2024-10-10T14:29:00.000Z,8.83,4.98,400.7,5.95,61875
2024-10-10T14:30:00.000Z,8.66,4.66,99999.9,999.99,9999999.0
2024-10-10T14:31:00.000Z,8.39,3.67,99999.9,999.99,9999999.0
2024-10-10T14:32:00.000Z,8.56,2.56,99999.9,999.99,9999999.0
2024-10-10T14:33:00.000Z,8.97,3.10,99999.9,999.99,9999999.0
2024-10-10T14:34:00.000Z,9.28,3.19,427.4,5.42,56909
2024-10-10T14:35:00.000Z,9.59,3.29,427.4,5.42,56909
2024-10-10T14:36:00.000Z,10.02,4.10,427.4,5.42,56909
2024-10-10T14:37:00.000Z,10.08,4.01,99999.9,999.99,9999999.0
2024-10-10T14:38:00.000Z,9.86,3.53,99999.9,999.99,9999999.0
2024-10-10T14:39:00.000Z,9.81,4.31,432.4,7.42,66645
2024-10-10T14:40:00.000Z,10.12,4.99,432.4,7.42,66645
2024-10-10T14:41:00.000Z,10.07,6.05,432.4,7.42,66645
2024-10-10T14:42:00.000Z,10.23,5.63,99999.9,999.99,9999999.0
2024-10-10T14:43:00.000Z,10.11,6.04,99999.9,999.99,9999999.0
2024-10-10T14:44:00.000Z,9.68,3.34,99999.9,999.99,9999999.0
2024-10-10T14:45:00.000Z,9.72,3.53,99999.9,999.99,9999999.0
2024-10-10T14:46:00.000Z,9.48,5.06,99999.9,999.99,9999999.0
2024-10-10T14:47:00.000Z,9.53,5.90,99999.9,999.99,9999999.0
2024-10-10T14:48:00.000Z,9.50,5.42,99999.9,999.99,9999999.0
2024-10-10T14:49:00.000Z,9.54,5.28,99999.9,999.99,9999999.0
2024-10-10T14:50:00.000Z,9.51,5.10,99999.9,999.99,9999999.0
2024-10-10T14:51:00.000Z,9.54,4.88,427.9,5.47,61797
2024-10-10T14:52:00.000Z,9.55,4.40,427.9,5.47,61797
2024-10-10T14:53:00.000Z,9.55,4.40,99999.9,999.99,9999999.0
2024-10-10T14:54:00.000Z,9.68,4.14,99999.9,999.99,9999999.0
2024-10-10T14:55:00.000Z,10.05,4.35,99999.9,999.99,9999999.0
2024-10-10T14:56:00.000Z,10.85,6.60,428.8,7.12,76761
2024-10-10T14:57:00.000Z,10.73,5.39,428.8,7.12,76761
2024-10-10T14:58:00.000Z,10.72,5.62,448.0,6.77,64065
2024-10-10T14:59:00.000Z,11.06,5.80,424.3,6.35,59719
2024-10-10T15:00:00.000Z,12.02,6.12,404.8,6.04,56761
2024-10-10T15:01:00.000Z,12.17,6.96,451.7,7.74,69118
2024-10-10T15:02:00.000Z,11.49,6.23,453.8,7.06,84147
2024-10-10T15:03:00.000Z,11.91,6.78,461.8,6.24,102504
2024-10-10T15:04:00.000Z,9.42,6.26,457.6,7.51,117273
2024-10-10T15:05:00.000Z,9.43,5.43,475.9,6.50,109510
2024-10-10T15:06:00.000Z,9.87,6.30,450.0,7.91,78500
2024-10-10T15:07:00.000Z,9.99,6.89,446.0,6.20,78337
2024-10-10T15:08:00.000Z,9.84,6.26,456.9,4.38,108463
2024-10-10T15:09:00.000Z,9.49,5.12,453.6,4.69,112490
2024-10-10T15:10:00.000Z,8.18,3.23,468.1,6.16,119851
2024-10-10T15:11:00.000Z,9.04,3.44,485.0,6.96,113961
2024-10-10T15:12:00.000Z,10.18,6.06,472.3,6.71,98652
2024-10-10T15:13:00.000Z,10.68,6.16,469.3,7.41,114345
2024-10-10T15:14:00.000Z,11.05,2.88,486.6,7.31,109293
2024-10-10T15:15:00.000Z,10.73,4.13,521.2,5.38,67307
2024-10-10T15:16:00.000Z,10.74,4.65,568.2,6.64,205838
2024-10-10T15:17:00.000Z,18.48,8.70,503.9,3.45,92426
2024-10-10T15:18:00.000Z,20.45,3.77,502.6,3.38,90049
2024-10-10T15:19:00.000Z,14.97,5.87,506.9,6.92,156006
2024-10-10T15:20:00.000Z,14.28,9.90,478.6,7.58,132156
2024-10-10T15:21:00.000Z,13.68,8.86,449.3,9.45,121058
2024-10-10T15:22:00.000Z,23.80,9.71,732.4,15.74,1418537
2024-10-10T15:23:00.000Z,27.24,5.92,842.9,17.89,1925507
2024-10-10T15:24:00.000Z,31.91,13.91,99999.9,999.99,9999999.0
2024-10-10T15:25:00.000Z,31.12,12.90,99999.9,999.99,9999999.0
2024-10-10T15:26:00.000Z,32.39,9.97,99999.9,999.99,9999999.0
2024-10-10T15:27:00.000Z,34.97,15.33,750.7,20.32,1254528
2024-10-10T15:28:00.000Z,35.52,15.64,750.7,20.32,1254528
2024-10-10T15:29:00.000Z,32.78,11.11,750.7,20.32,1254528
2024-10-10T15:30:00.000Z,31.77,7.67,732.8,23.84,524278
2024-10-10T15:31:00.000Z,30.74,7.82,732.8,23.84,524278
2024-10-10T15:32:00.000Z,24.42,7.41,735.6,25.63,901959
2024-10-10T15:33:00.000Z,22.14,0.00,735.6,25.63,901959
2024-10-10T15:34:00.000Z,19.85,-8.59,99999.9,999.99,9999999.0
2024-10-10T15:35:00.000Z,22.53,-2.86,99999.9,999.99,9999999.0
2024-10-10T15:36:00.000Z,23.37,-13.59,99999.9,999.99,9999999.0
2024-10-10T15:37:00.000Z,22.66,-15.55,773.4,30.83,1802341
2024-10-10T15:38:00.000Z,25.16,-17.06,777.3,30.29,1867206
2024-10-10T15:39:00.000Z,19.74,-8.83,812.9,27.51,1922765
2024-10-10T15:40:00.000Z,22.11,-5.58,837.9,27.25,1431809
2024-10-10T15:41:00.000Z,20.58,-1.35,794.8,28.85,1736130
2024-10-10T15:42:00.000Z,18.83,-1.58,794.8,28.85,1736130
2024-10-10T15:43:00.000Z,25.75,-17.42,99999.9,999.99,9999999.0
2024-10-10T15:44:00.000Z,29.29,-14.28,99999.9,999.99,9999999.0
2024-10-10T15:45:00.000Z,36.49,3.19,747.1,36.47,502433
2024-10-10T15:46:00.000Z,36.96,-5.01,766.9,32.86,522684
2024-10-10T15:47:00.000Z,37.16,-3.49,786.1,29.99,541619
2024-10-10T15:48:00.000Z,36.95,-8.38,788.4,32.25,540966
2024-10-10T15:49:00.000Z,36.87,-4.86,767.6,34.80,871463
2024-10-10T15:50:00.000Z,31.68,2.82,767.4,34.82,874106
2024-10-10T15:51:00.000Z,36.78,-0.72,99999.9,999.99,9999999.0
2024-10-10T15:52:00.000Z,35.04,0.40,792.0,35.53,969667
2024-10-10T15:53:00.000Z,31.82,0.84,792.0,35.53,969667
2024-10-10T15:54:00.000Z,25.10,18.23,806.3,34.72,991112
2024-10-10T15:55:00.000Z,22.23,13.07,806.4,34.72,991232
2024-10-10T15:56:00.000Z,30.57,9.96,804.0,30.44,714849
2024-10-10T15:57:00.000Z,30.39,7.87,804.0,30.44,714849
2024-10-10T15:58:00.000Z,30.25,12.20,804.0,30.44,714849
2024-10-10T15:59:00.000Z,33.49,13.19,99999.9,999.99,9999999.0
2024-10-10T16:00:00.000Z,35.61,9.94,789.0,29.92,809883
2024-10-10T16:01:00.000Z,36.61,15.92,789.0,29.92,809883
2024-10-10T16:02:00.000Z,25.44,-1.84,737.3,31.19,623187
2024-10-10T16:03:00.000Z,26.76,-6.85,721.7,30.95,773044
2024-10-10T16:04:00.000Z,28.38,-3.29,720.2,31.30,858181
2024-10-10T16:05:00.000Z,21.11,-11.59,739.3,33.28,858181
2024-10-10T16:06:00.000Z,22.28,-8.78,739.3,33.28,858181
2024-10-10T16:07:00.000Z,20.10,-14.34,747.2,38.68,1193716
2024-10-10T16:08:00.000Z,29.27,-13.90,746.1,34.94,977287
2024-10-10T16:09:00.000Z,28.52,-20.01,765.4,32.59,827088
2024-10-10T16:10:00.000Z,31.76,-8.13,755.9,32.58,960175
2024-10-10T16:11:00.000Z,32.45,-1.59,766.7,31.38,859623
2024-10-10T16:12:00.000Z,32.41,-1.81,768.7,31.70,844246
2024-10-10T16:13:00.000Z,31.12,-10.90,776.3,32.92,784879
2024-10-10T16:14:00.000Z,30.18,-11.82,776.3,32.92,784879
2024-10-10T16:15:00.000Z,29.61,-18.13,740.5,34.56,983155
2024-10-10T16:16:00.000Z,29.34,-22.91,746.2,32.86,898800
2024-10-10T16:17:00.000Z,25.63,-22.92,723.4,41.14,1259875
2024-10-10T16:18:00.000Z,28.22,-12.18,721.5,41.81,1289618
2024-10-10T16:19:00.000Z,26.71,-18.46,718.4,39.58,1407146
2024-10-10T16:20:00.000Z,27.06,-20.96,718.4,39.55,1408849
2024-10-10T16:21:00.000Z,25.16,-17.45,718.4,39.55,1408849
2024-10-10T16:22:00.000Z,28.57,-15.96,99999.9,999.99,9999999.0
2024-10-10T16:23:00.000Z,36.70,-17.28,730.0,27.97,807085
2024-10-10T16:24:00.000Z,35.74,-17.63,730.0,27.97,807085
2024-10-10T16:25:00.000Z,34.62,-20.51,731.2,31.39,1107517
2024-10-10T16:26:00.000Z,34.50,-20.02,731.2,31.46,1114077
2024-10-10T16:27:00.000Z,33.98,-25.87,738.3,28.87,1115719
2024-10-10T16:28:00.000Z,32.40,-26.08,738.3,28.87,1115719
2024-10-10T16:29:00.000Z,22.47,-20.45,745.1,30.68,1238392
2024-10-10T16:30:00.000Z,23.20,-19.88,748.3,31.54,1296694
2024-10-10T16:31:00.000Z,23.25,-19.47,748.3,31.54,1296694
2024-10-10T16:32:00.000Z,27.82,-20.45,743.6,29.42,1173972
2024-10-10T16:33:00.000Z,30.45,-24.25,743.6,29.42,1173972
2024-10-10T16:34:00.000Z,30.70,-26.49,99999.9,999.99,9999999.0
2024-10-10T16:35:00.000Z,30.93,-25.48,727.4,33.02,919775
2024-10-10T16:36:00.000Z,30.77,-26.51,734.7,33.39,944075
2024-10-10T16:37:00.000Z,31.20,-24.36,740.1,33.67,962023
2024-10-10T16:38:00.000Z,30.90,-25.13,99999.9,999.99,9999999.0
2024-10-10T16:39:00.000Z,32.25,-28.08,99999.9,999.99,9999999.0
2024-10-10T16:40:00.000Z,34.27,-21.93,759.9,35.27,1263255
2024-10-10T16:41:00.000Z,34.87,-4.89,782.4,30.26,950753
2024-10-10T16:42:00.000Z,35.57,5.43,784.1,30.53,941171
2024-10-10T16:43:00.000Z,35.74,14.76,766.5,34.82,1192354
2024-10-10T16:44:00.000Z,32.71,6.84,780.9,30.21,962023
2024-10-10T16:45:00.000Z,29.80,8.11,780.9,30.21,962023
2024-10-10T16:46:00.000Z,29.26,4.27,787.5,29.76,763291
2024-10-10T16:47:00.000Z,28.23,-0.17,788.8,30.52,763662
2024-10-10T16:48:00.000Z,26.88,-0.98,789.5,30.93,763872
2024-10-10T16:49:00.000Z,27.57,0.89,99999.9,999.99,9999999.0
2024-10-10T16:50:00.000Z,32.48,-1.15,99999.9,999.99,9999999.0
2024-10-10T16:51:00.000Z,32.35,-3.38,778.6,36.23,718800
2024-10-10T16:52:00.000Z,32.66,-10.63,778.6,36.23,718800
2024-10-10T16:53:00.000Z,32.66,-5.98,778.6,36.23,718800
2024-10-10T16:54:00.000Z,32.37,-1.40,99999.9,999.99,9999999.0
2024-10-10T16:55:00.000Z,32.37,-1.42,99999.9,999.99,9999999.0
2024-10-10T16:56:00.000Z,33.62,-1.13,99999.9,999.99,9999999.0
2024-10-10T16:57:00.000Z,36.47,-5.12,717.2,34.74,704366
2024-10-10T16:58:00.000Z,36.03,0.86,755.7,34.19,777321
2024-10-10T16:59:00.000Z,36.96,0.48,761.8,34.19,755206
2024-10-10T17:00:00.000Z,31.01,8.38,738.6,34.85,633043
2024-10-10T17:01:00.000Z,31.62,-2.03,734.9,36.00,719461
2024-10-10T17:02:00.000Z,32.75,-1.37,728.3,34.84,698555
2024-10-10T17:03:00.000Z,32.95,-3.38,735.5,33.93,661628
2024-10-10T17:04:00.000Z,32.34,-2.89,752.9,33.62,699217
2024-10-10T17:05:00.000Z,32.36,-4.50,738.4,34.03,732535
2024-10-10T17:06:00.000Z,31.59,-2.69,724.4,34.32,668603
2024-10-10T17:07:00.000Z,31.04,-2.25,715.8,33.33,658906
2024-10-10T17:08:00.000Z,32.77,-2.78,722.6,34.68,681222
2024-10-10T17:09:00.000Z,32.72,1.81,711.1,33.71,791868
2024-10-10T17:10:00.000Z,32.13,-5.41,704.4,36.10,879449
2024-10-10T17:11:00.000Z,32.22,-0.49,752.7,31.50,1103158
2024-10-10T17:12:00.000Z,31.29,1.85,732.4,33.11,809429
2024-10-10T17:13:00.000Z,32.87,-3.12,724.1,37.27,998745
2024-10-10T17:14:00.000Z,30.60,-2.75,733.1,40.07,1292122
2024-10-10T17:15:00.000Z,31.73,3.34,722.8,30.13,679778
2024-10-10T17:16:00.000Z,32.76,4.34,717.6,32.58,1192866
2024-10-10T17:17:00.000Z,33.13,7.59,717.3,32.71,1218204
2024-10-10T17:18:00.000Z,33.19,2.63,702.8,33.88,1135879
2024-10-10T17:19:00.000Z,32.33,-0.75,697.6,34.13,992464
2024-10-10T17:20:00.000Z,32.98,-0.10,695.5,33.67,805126
2024-10-10T17:21:00.000Z,32.68,-8.96,700.6,33.86,775301
2024-10-10T17:22:00.000Z,32.60,-8.84,706.4,35.71,697408
2024-10-10T17:23:00.000Z,32.26,19.05,727.3,37.94,1285985
2024-10-10T17:24:00.000Z,32.13,4.62,705.7,34.01,911332
2024-10-10T17:25:00.000Z,31.96,-8.40,700.0,33.26,764342
2024-10-10T17:26:00.000Z,31.95,-9.07,99999.9,999.99,9999999.0
2024-10-10T17:27:00.000Z,32.00,-9.92,99999.9,999.99,9999999.0
2024-10-10T17:28:00.000Z,32.01,-10.49,99999.9,999.99,9999999.0
2024-10-10T17:29:00.000Z,32.02,-11.06,99999.9,999.99,9999999.0
2024-10-10T17:30:00.000Z,31.87,-11.40,99999.9,999.99,9999999.0
2024-10-10T17:31:00.000Z,31.67,-11.82,99999.9,999.99,9999999.0
2024-10-10T17:32:00.000Z,31.75,-12.24,99999.9,999.99,9999999.0
2024-10-10T17:33:00.000Z,32.38,-13.59,99999.9,999.99,9999999.0
2024-10-10T17:34:00.000Z,32.30,-13.18,99999.9,999.99,9999999.0
2024-10-10T17:35:00.000Z,32.34,-13.23,99999.9,999.99,9999999.0
2024-10-10T17:36:00.000Z,32.06,-12.86,99999.9,999.99,9999999.0
2024-10-10T17:37:00.000Z,31.97,-13.41,99999.9,999.99,9999999.0
2024-10-10T17:38:00.000Z,31.83,-14.32,699.6,33.51,721441
2024-10-10T17:39:00.000Z,31.93,-15.31,699.6,33.51,721441
2024-10-10T17:40:00.000Z,31.95,-14.06,699.6,33.51,721441
2024-10-10T17:41:00.000Z,32.06,-14.39,99999.9,999.99,9999999.0
2024-10-10T17:42:00.000Z,31.86,-15.66,99999.9,999.99,9999999.0
2024-10-10T17:43:00.000Z,31.62,-15.49,99999.9,999.99,9999999.0
2024-10-10T17:44:00.000Z,31.61,-14.96,99999.9,999.99,9999999.0
2024-10-10T17:45:00.000Z,31.65,-15.35,99999.9,999.99,9999999.0
2024-10-10T17:46:00.000Z,31.73,-14.48,702.1,34.23,891647
2024-10-10T17:47:00.000Z,31.90,-15.11,702.1,34.23,891647
2024-10-10T17:48:00.000Z,32.08,-15.43,702.1,34.23,891647
2024-10-10T17:49:00.000Z,32.31,-14.97,99999.9,999.99,9999999.0
2024-10-10T17:50:00.000Z,31.96,-14.73,99999.9,999.99,9999999.0
2024-10-10T17:51:00.000Z,31.93,-14.16,99999.9,999.99,9999999.0
2024-10-10T17:52:00.000Z,32.05,-14.17,710.7,32.08,670829
2024-10-10T17:53:00.000Z,32.20,-14.39,710.7,32.08,670829
2024-10-10T17:54:00.000Z,32.29,-15.15,710.7,32.08,670829
2024-10-10T17:55:00.000Z,31.88,-15.40,99999.9,999.99,9999999.0
2024-10-10T17:56:00.000Z,32.22,-17.06,99999.9,999.99,9999999.0
2024-10-10T17:57:00.000Z,32.36,-17.21,99999.9,999.99,9999999.0
2024-10-10T17:58:00.000Z,32.36,-16.67,99999.9,999.99,9999999.0
2024-10-10T17:59:00.000Z,32.35,-16.62,99999.9,999.99,9999999.0
2024-10-10T18:00:00.000Z,32.39,-17.37,710.6,30.42,663206
2024-10-10T18:01:00.000Z,32.20,-17.26,710.6,30.42,663206
2024-10-10T18:02:00.000Z,31.87,-18.32,99999.9,999.99,9999999.0
2024-10-10T18:03:00.000Z,31.91,-17.96,99999.9,999.99,9999999.0
2024-10-10T18:04:00.000Z,32.20,-17.02,704.1,30.69,600652
2024-10-10T18:05:00.000Z,32.25,-16.43,705.5,30.10,596108
2024-10-10T18:06:00.000Z,31.77,-16.18,707.0,30.97,616222
2024-10-10T18:07:00.000Z,32.20,-18.19,705.8,33.81,662354
2024-10-10T18:08:00.000Z,32.38,-15.43,700.6,29.61,672786
2024-10-10T18:09:00.000Z,29.49,-14.90,688.1,29.91,1136553
2024-10-10T18:10:00.000Z,28.96,-13.41,684.9,30.69,1009226
2024-10-10T18:11:00.000Z,29.25,-15.03,99999.9,999.99,9999999.0
2024-10-10T18:12:00.000Z,29.63,-15.34,99999.9,999.99,9999999.0
2024-10-10T18:13:00.000Z,29.61,-14.69,99999.9,999.99,9999999.0
2024-10-10T18:14:00.000Z,29.54,-15.77,687.9,33.37,1006780
2024-10-10T18:15:00.000Z,30.57,-15.30,688.0,33.36,1011026
2024-10-10T18:16:00.000Z,30.65,-16.19,695.1,31.90,1479549
2024-10-10T18:17:00.000Z,28.81,-15.39,696.0,31.72,1535278
2024-10-10T18:18:00.000Z,28.80,-14.79,99999.9,999.99,9999999.0
2024-10-10T18:19:00.000Z,28.83,-13.70,727.8,27.30,1293154
2024-10-10T18:20:00.000Z,27.54,-12.66,727.8,27.30,1293154
2024-10-10T18:21:00.000Z,19.96,-3.68,727.8,27.30,1293154
2024-10-10T18:22:00.000Z,24.48,-15.53,707.6,30.12,1244324
2024-10-10T18:23:00.000Z,23.99,-15.99,707.5,29.87,1287788
2024-10-10T18:24:00.000Z,25.36,-19.71,726.0,31.04,1464787
2024-10-10T18:25:00.000Z,24.22,-18.24,712.8,30.58,1387329
2024-10-10T18:26:00.000Z,25.59,-19.09,712.8,30.02,1329772
2024-10-10T18:27:00.000Z,25.95,-17.74,712.7,29.57,1283816
2024-10-10T18:28:00.000Z,24.47,-17.24,99999.9,999.99,9999999.0
2024-10-10T18:29:00.000Z,25.09,-17.48,701.6,29.44,1298466
2024-10-10T18:30:00.000Z,26.92,-19.56,699.1,30.25,1391083
2024-10-10T18:31:00.000Z,24.30,-16.64,696.5,34.51,1877374
2024-10-10T18:32:00.000Z,26.67,-18.40,698.7,36.61,2115624
2024-10-10T18:33:00.000Z,27.84,-19.31,99999.9,999.99,9999999.0
2024-10-10T18:34:00.000Z,27.23,-18.69,99999.9,999.99,9999999.0
2024-10-10T18:35:00.000Z,28.33,-19.40,691.3,29.88,1498873
2024-10-10T18:36:00.000Z,28.65,-18.57,691.3,29.88,1498873
2024-10-10T18:37:00.000Z,24.52,-12.50,755.6,29.65,938552
2024-10-10T18:38:00.000Z,23.59,-5.19,763.7,29.56,879583
2024-10-10T18:39:00.000Z,24.00,-6.00,778.3,29.09,824051
2024-10-10T18:40:00.000Z,25.94,-12.52,710.2,29.35,1580968
2024-10-10T18:41:00.000Z,25.87,-7.79,720.7,27.02,1243500
2024-10-10T18:42:00.000Z,25.88,-8.41,725.2,26.11,1107518
2024-10-10T18:43:00.000Z,22.82,-3.52,699.7,36.50,2131493
2024-10-10T18:44:00.000Z,23.84,-3.83,699.7,36.50,2131493
2024-10-10T18:45:00.000Z,25.42,-13.54,766.0,30.26,1180723
2024-10-10T18:46:00.000Z,26.58,-3.64,766.0,30.26,1180723
2024-10-10T18:47:00.000Z,24.70,-13.15,711.5,28.79,1581931
2024-10-10T18:48:00.000Z,23.61,-4.33,722.5,29.28,1382551
2024-10-10T18:49:00.000Z,24.67,-2.85,755.5,23.18,1274618
2024-10-10T18:50:00.000Z,25.01,-6.71,764.5,20.97,1275524
2024-10-10T18:51:00.000Z,23.44,-7.57,99999.9,999.99,9999999.0
2024-10-10T18:52:00.000Z,23.92,-13.04,730.6,28.87,1001418
2024-10-10T18:53:00.000Z,24.62,-10.99,722.5,27.92,910460
2024-10-10T18:54:00.000Z,23.16,-16.65,727.0,30.44,1133015
2024-10-10T18:55:00.000Z,25.31,-8.87,731.1,31.88,1261507
2024-10-10T18:56:00.000Z,25.09,-9.18,750.0,31.05,1355391
2024-10-10T18:57:00.000Z,22.88,-13.05,750.5,31.03,1357622
2024-10-10T18:58:00.000Z,30.32,8.96,99999.9,999.99,9999999.0
2024-10-10T18:59:00.000Z,30.32,8.97,99999.9,999.99,9999999.0
2024-10-10T19:00:00.000Z,22.45,-15.67,813.1,29.06,1491264
2024-10-10T19:01:00.000Z,28.28,-0.25,813.1,29.06,1491264
2024-10-10T19:02:00.000Z,34.01,5.30,810.8,28.81,1487007
2024-10-10T19:03:00.000Z,34.64,7.91,720.3,18.58,1316253
2024-10-10T19:04:00.000Z,37.34,6.35,721.7,18.79,1290377
2024-10-10T19:05:00.000Z,36.31,-0.10,722.1,19.65,1365454
2024-10-10T19:06:00.000Z,33.98,0.54,721.9,20.21,1429233
2024-10-10T19:07:00.000Z,35.41,0.79,99999.9,999.99,9999999.0
2024-10-10T19:08:00.000Z,35.06,0.31,99999.9,999.99,9999999.0
2024-10-10T19:09:00.000Z,34.65,-2.94,671.9,22.97,2090808
2024-10-10T19:10:00.000Z,34.54,-6.27,676.8,21.98,1966814
2024-10-10T19:11:00.000Z,35.49,-7.57,681.0,20.35,1740101
2024-10-10T19:12:00.000Z,34.89,-9.48,677.0,20.21,1797376
2024-10-10T19:13:00.000Z,33.19,-10.09,676.7,22.79,1440414
2024-10-10T19:14:00.000Z,34.23,-11.00,683.1,21.76,1347906
2024-10-10T19:15:00.000Z,30.60,-9.76,686.9,21.19,1263767
2024-10-10T19:16:00.000Z,30.06,-14.42,696.5,22.70,1385797
2024-10-10T19:17:00.000Z,30.04,-11.40,697.6,22.82,1399632
2024-10-10T19:18:00.000Z,28.78,-9.03,99999.9,999.99,9999999.0
2024-10-10T19:19:00.000Z,30.09,-6.69,715.0,23.65,1317228
2024-10-10T19:20:00.000Z,30.73,-8.43,719.5,22.47,1219212
2024-10-10T19:21:00.000Z,31.40,-13.86,705.1,19.39,1167494
2024-10-10T19:22:00.000Z,31.03,-14.22,698.4,18.44,1168920
2024-10-10T19:23:00.000Z,30.74,-16.42,698.4,18.44,1168920
2024-10-10T19:24:00.000Z,30.95,-12.10,698.3,20.39,1143828
2024-10-10T19:25:00.000Z,31.61,-11.61,698.3,20.39,1143828
2024-10-10T19:26:00.000Z,31.39,-13.59,696.7,20.19,1087606
2024-10-10T19:27:00.000Z,32.72,-17.02,684.7,18.72,677215
2024-10-10T19:28:00.000Z,32.58,-17.72,679.6,19.23,742274
2024-10-10T19:29:00.000Z,32.55,-19.15,668.2,20.38,887245
2024-10-10T19:30:00.000Z,30.90,-20.07,673.9,20.12,828405
2024-10-10T19:31:00.000Z,29.28,-19.06,674.5,20.11,834698
2024-10-10T19:32:00.000Z,30.33,-19.72,675.2,20.47,1112435
2024-10-10T19:33:00.000Z,29.72,-19.76,675.2,20.47,1112435
2024-10-10T19:34:00.000Z,30.91,-14.84,99999.9,999.99,9999999.0
2024-10-10T19:35:00.000Z,33.79,-10.89,655.0,21.11,1667138
2024-10-10T19:36:00.000Z,33.71,-10.77,679.5,18.23,1468181
2024-10-10T19:37:00.000Z,32.80,-12.25,684.1,18.58,1689795
2024-10-10T19:38:00.000Z,32.37,-14.38,682.9,19.03,1789832
2024-10-10T19:39:00.000Z,32.03,-14.37,99999.9,999.99,9999999.0
2024-10-10T19:40:00.000Z,9999.99,9999.99,99999.9,999.99,9999999.0
2024-10-10T19:41:00.000Z,31.41,-15.68,99999.9,999.99,9999999.0
2024-10-10T19:42:00.000Z,31.47,-14.90,99999.9,999.99,9999999.0
2024-10-10T19:43:00.000Z,32.66,-17.62,675.1,20.95,1078246
2024-10-10T19:44:00.000Z,34.44,-20.96,675.1,20.95,1078246
2024-10-10T19:45:00.000Z,33.52,-19.07,675.1,20.95,1078246
2024-10-10T19:46:00.000Z,34.72,-16.66,679.8,22.22,1392866
2024-10-10T19:47:00.000Z,30.57,-13.06,658.4,22.78,1782717
2024-10-10T19:48:00.000Z,29.74,-12.77,680.2,23.13,1511535
2024-10-10T19:49:00.000Z,29.49,-13.89,685.4,23.16,1438547
2024-10-10T19:50:00.000Z,29.23,-12.97,99999.9,999.99,9999999.0
2024-10-10T19:51:00.000Z,28.05,-9.48,692.5,23.42,1341358
2024-10-10T19:52:00.000Z,28.28,-9.57,692.5,23.42,1341358
2024-10-10T19:53:00.000Z,29.17,-10.85,689.6,24.87,1506091
2024-10-10T19:54:00.000Z,29.77,-12.09,688.0,25.67,1595612
2024-10-10T19:55:00.000Z,29.69,-13.37,688.0,25.67,1595612
2024-10-10T19:56:00.000Z,31.65,-14.17,99999.9,999.99,9999999.0
2024-10-10T19:57:00.000Z,9999.99,9999.99,99999.9,999.99,9999999.0
2024-10-10T19:58:00.000Z,33.15,-15.83,99999.9,999.99,9999999.0
2024-10-10T19:59:00.000Z,31.41,-15.53,99999.9,999.99,9999999.0
2024-10-10T20:00:00.000Z,29.91,-16.67,694.1,23.84,1564327
2024-10-10T20:01:00.000Z,28.50,-14.98,694.1,23.84,1564327
2024-10-10T20:02:00.000Z,28.69,-14.13,99999.9,999.99,9999999.0
2024-10-10T20:03:00.000Z,30.12,-17.36,672.7,23.31,1446020
2024-10-10T20:04:00.000Z,30.58,-17.46,679.7,22.89,1358902
2024-10-10T20:05:00.000Z,29.77,-18.68,680.4,21.81,1147442
2024-10-10T20:06:00.000Z,34.96,-21.13,677.5,21.46,1035120
2024-10-10T20:07:00.000Z,33.78,-21.00,664.3,22.88,871466
2024-10-10T20:08:00.000Z,36.09,-15.46,662.3,27.60,546486
2024-10-10T20:09:00.000Z,33.31,-16.07,660.9,29.46,1274259
2024-10-10T20:10:00.000Z,33.39,-20.56,657.8,30.01,999857
2024-10-10T20:11:00.000Z,29.46,-20.69,99999.9,999.99,9999999.0
2024-10-10T20:12:00.000Z,30.90,-21.55,654.6,27.58,1219824
2024-10-10T20:13:00.000Z,30.69,-18.29,648.0,27.19,1104005
2024-10-10T20:14:00.000Z,30.93,-14.87,638.1,28.18,1077792
2024-10-10T20:15:00.000Z,30.44,-22.13,99999.9,999.99,9999999.0
2024-10-10T20:16:00.000Z,29.99,-21.26,648.5,31.43,918568
2024-10-10T20:17:00.000Z,30.63,-20.49,645.4,31.31,963638
2024-10-10T20:18:00.000Z,32.25,-23.81,657.2,32.11,1124003
2024-10-10T20:19:00.000Z,32.64,-23.20,658.5,32.19,1130557
2024-10-10T20:20:00.000Z,32.88,-24.35,648.0,30.47,881394
2024-10-10T20:21:00.000Z,32.79,-22.30,646.9,28.66,773795
2024-10-10T20:22:00.000Z,32.50,-21.80,650.0,27.91,676783
2024-10-10T20:23:00.000Z,32.40,-22.06,652.0,28.08,658149
2024-10-10T20:24:00.000Z,32.91,-20.04,653.7,27.16,522140
2024-10-10T20:25:00.000Z,32.77,-22.35,655.0,27.28,586636
2024-10-10T20:26:00.000Z,32.41,-22.45,662.3,27.82,914109
2024-10-10T20:27:00.000Z,31.18,-22.12,685.9,24.02,665083
2024-10-10T20:28:00.000Z,28.86,-19.35,666.2,27.08,645354
2024-10-10T20:29:00.000Z,29.28,-17.78,665.4,31.97,1039061
2024-10-10T20:30:00.000Z,29.08,-18.62,666.1,31.96,1039330
2024-10-10T20:31:00.000Z,29.34,-18.69,678.3,31.58,1030330
2024-10-10T20:32:00.000Z,28.62,-14.82,678.2,31.40,1081263
2024-10-10T20:33:00.000Z,30.15,-14.16,678.2,31.33,1097717
2024-10-10T20:34:00.000Z,29.79,-18.91,672.4,30.86,960498
2024-10-10T20:35:00.000Z,29.92,-22.05,672.4,30.86,960498
2024-10-10T20:36:00.000Z,30.33,-20.20,676.9,30.06,894599
2024-10-10T20:37:00.000Z,31.42,-21.51,680.7,29.39,839549
2024-10-10T20:38:00.000Z,29.79,-19.05,681.4,27.43,854538
2024-10-10T20:39:00.000Z,30.17,-17.20,681.4,27.33,855301
2024-10-10T20:40:00.000Z,29.87,-14.50,673.0,30.01,849556
2024-10-10T20:41:00.000Z,30.61,-8.91,673.0,30.01,849556
2024-10-10T20:42:00.000Z,27.51,-14.45,668.6,31.87,1091208
2024-10-10T20:43:00.000Z,28.17,-17.40,666.6,33.26,930526
2024-10-10T20:44:00.000Z,28.65,-18.04,663.5,34.48,778671
2024-10-10T20:45:00.000Z,28.79,-21.61,661.5,34.27,784879
2024-10-10T20:46:00.000Z,28.95,-22.81,661.5,34.27,784879
2024-10-10T20:47:00.000Z,26.77,-18.45,678.0,33.49,717482
2024-10-10T20:48:00.000Z,26.31,-21.61,671.2,34.69,751586
2024-10-10T20:49:00.000Z,25.35,-16.92,651.7,38.06,815244
2024-10-10T20:50:00.000Z,26.35,-9.38,651.9,37.95,765703
2024-10-10T20:51:00.000Z,25.87,-8.02,669.2,35.71,650598
2024-10-10T20:52:00.000Z,22.82,-4.94,669.2,35.71,650598
2024-10-10T20:53:00.000Z,23.41,-2.97,671.2,39.08,726736
2024-10-10T20:54:00.000Z,23.04,-9.24,671.2,39.08,726736
2024-10-10T20:55:00.000Z,23.69,-19.82,665.6,41.02,818306
2024-10-10T20:56:00.000Z,23.13,-17.40,669.4,41.13,817501
2024-10-10T20:57:00.000Z,24.26,-20.25,678.9,41.40,815492
2024-10-10T20:58:00.000Z,23.89,-20.79,99999.9,999.99,9999999.0
2024-10-10T20:59:00.000Z,24.01,-20.55,99999.9,999.99,9999999.0
2024-10-10T21:00:00.000Z,25.57,-22.67,672.3,40.81,764342
2024-10-10T21:01:00.000Z,25.63,-23.42,672.2,40.81,764091
2024-10-10T21:02:00.000Z,24.64,-20.49,670.4,40.79,756204
2024-10-10T21:03:00.000Z,23.49,-18.62,670.4,40.79,756204
2024-10-10T21:04:00.000Z,23.29,-19.65,99999.9,999.99,9999999.0
2024-10-10T21:05:00.000Z,24.68,-21.84,99999.9,999.99,9999999.0
2024-10-10T21:06:00.000Z,20.55,-11.83,99999.9,999.99,9999999.0
2024-10-10T21:07:00.000Z,21.54,-14.87,666.2,39.88,921035
2024-10-10T21:08:00.000Z,19.73,-8.53,665.9,39.85,925398
2024-10-10T21:09:00.000Z,19.34,-4.52,666.6,34.04,701757
2024-10-10T21:10:00.000Z,18.36,-4.03,666.6,34.04,701757
2024-10-10T21:11:00.000Z,18.92,-3.04,656.5,35.28,786258
2024-10-10T21:12:00.000Z,16.99,-7.25,656.1,35.51,804581
2024-10-10T21:13:00.000Z,16.11,-6.96,652.1,38.09,1003401
2024-10-10T21:14:00.000Z,17.45,-5.91,668.9,36.35,706263
2024-10-10T21:15:00.000Z,18.14,-5.48,670.0,36.61,803217
2024-10-10T21:16:00.000Z,20.06,-4.94,670.0,36.67,821121
2024-10-10T21:17:00.000Z,19.87,-4.70,669.6,33.80,686206
2024-10-10T21:18:00.000Z,19.33,-5.17,669.6,33.80,686206
2024-10-10T21:19:00.000Z,15.87,-6.22,669.6,33.80,686206
2024-10-10T21:20:00.000Z,14.94,-9.30,99999.9,999.99,9999999.0
2024-10-10T21:21:00.000Z,18.64,-2.47,99999.9,999.99,9999999.0
2024-10-10T21:22:00.000Z,17.95,-6.88,650.1,32.13,801505
2024-10-10T21:23:00.000Z,18.91,-5.52,650.1,32.13,801505
2024-10-10T21:24:00.000Z,18.95,-6.38,648.0,32.80,728063
2024-10-10T21:25:00.000Z,19.37,-8.01,668.3,29.34,605712
2024-10-10T21:26:00.000Z,19.90,-6.75,677.5,27.79,552081
2024-10-10T21:27:00.000Z,19.19,-8.29,655.3,34.34,920463
2024-10-10T21:28:00.000Z,20.88,-10.36,655.7,35.12,906706
2024-10-10T21:29:00.000Z,21.10,-10.20,657.1,31.48,724086
2024-10-10T21:30:00.000Z,21.02,-10.79,657.1,31.48,724086
2024-10-10T21:31:00.000Z,23.03,-9.28,635.1,30.74,749496
2024-10-10T21:32:00.000Z,23.67,-6.18,635.2,31.87,836773
2024-10-10T21:33:00.000Z,23.66,-8.23,635.6,31.75,832430
2024-10-10T21:34:00.000Z,23.24,-5.79,635.8,30.54,745420
2024-10-10T21:35:00.000Z,21.81,-4.49,635.8,30.54,745420
2024-10-10T21:36:00.000Z,23.41,-8.67,631.2,32.03,797332
2024-10-10T21:37:00.000Z,21.64,-11.44,631.2,32.03,797332
2024-10-10T21:38:00.000Z,17.95,-10.34,618.3,34.45,921267
2024-10-10T21:39:00.000Z,18.17,-7.72,618.3,34.45,921267
2024-10-10T21:40:00.000Z,14.68,-7.95,99999.9,999.99,9999999.0
2024-10-10T21:41:00.000Z,11.77,-4.05,623.7,35.82,959599
2024-10-10T21:42:00.000Z,9.58,-4.66,627.5,36.63,1005607
2024-10-10T21:43:00.000Z,6.83,-0.38,633.2,37.62,1112268
2024-10-10T21:44:00.000Z,14.75,-0.77,637.6,37.27,1050728
2024-10-10T21:45:00.000Z,17.89,-8.16,645.4,36.58,982326
2024-10-10T21:46:00.000Z,13.37,-1.74,647.5,41.63,1219221
2024-10-10T21:47:00.000Z,18.96,-3.00,99999.9,999.99,9999999.0
2024-10-10T21:48:00.000Z,24.47,-6.18,691.8,32.63,949855
2024-10-10T21:49:00.000Z,23.96,-4.58,691.8,32.63,949855
2024-10-10T21:50:00.000Z,23.93,-4.39,698.7,31.46,905056
2024-10-10T21:51:00.000Z,23.52,-6.55,700.8,33.18,965158
2024-10-10T21:52:00.000Z,26.64,-7.72,700.8,34.55,1013034
2024-10-10T21:53:00.000Z,27.34,-10.00,693.5,35.27,903437
2024-10-10T21:54:00.000Z,25.41,-15.94,694.8,35.13,920817
2024-10-10T21:55:00.000Z,27.63,-13.76,702.7,34.27,1029281
2024-10-10T21:56:00.000Z,26.89,-11.30,694.9,34.99,967340
2024-10-10T21:57:00.000Z,28.77,2.34,695.2,34.33,953288
2024-10-10T21:58:00.000Z,28.53,-3.45,704.0,28.59,897532
2024-10-10T21:59:00.000Z,29.33,-7.03,704.4,26.66,876711
2024-10-10T22:00:00.000Z,30.23,-9.26,704.4,26.55,875561
2024-10-10T22:01:00.000Z,33.88,-12.45,697.7,23.15,927250
2024-10-10T22:02:00.000Z,37.08,-14.74,698.2,21.54,835001
2024-10-10T22:03:00.000Z,35.17,-19.77,699.5,17.68,613500
2024-10-10T22:04:00.000Z,33.58,-28.87,699.5,18.49,940643
2024-10-10T22:05:00.000Z,33.69,-29.51,699.9,18.54,944494
2024-10-10T22:06:00.000Z,34.83,-30.42,704.2,18.62,765703
2024-10-10T22:07:00.000Z,34.73,-23.16,711.6,18.34,773193
2024-10-10T22:08:00.000Z,33.23,0.97,716.6,18.81,781418
2024-10-10T22:09:00.000Z,33.01,-2.62,743.2,21.86,828184
2024-10-10T22:10:00.000Z,35.02,-6.94,725.7,21.81,791019
2024-10-10T22:11:00.000Z,35.65,-9.81,717.0,21.78,772524
2024-10-10T22:12:00.000Z,36.01,-19.72,706.8,19.82,908169
2024-10-10T22:13:00.000Z,36.70,-21.47,706.5,19.76,912199
2024-10-10T22:14:00.000Z,36.87,-20.99,710.2,19.02,879934
2024-10-10T22:15:00.000Z,35.11,-20.98,713.7,18.67,840778
2024-10-10T22:16:00.000Z,32.43,-17.64,716.8,19.23,815056
2024-10-10T22:17:00.000Z,30.69,2.57,715.8,25.35,879852
2024-10-10T22:18:00.000Z,30.76,3.30,710.7,26.05,871878
2024-10-10T22:19:00.000Z,32.32,8.73,708.7,26.21,864044
2024-10-10T22:20:00.000Z,34.74,16.08,715.5,21.07,712214
2024-10-10T22:21:00.000Z,34.92,19.10,716.0,18.70,876137
2024-10-10T22:22:00.000Z,34.79,20.41,715.9,18.02,940780
2024-10-10T22:23:00.000Z,32.58,13.85,715.8,19.66,916793
2024-10-10T22:24:00.000Z,30.96,7.45,715.8,19.66,916793
2024-10-10T22:25:00.000Z,31.10,3.46,715.4,20.00,855301
2024-10-10T22:26:00.000Z,34.78,-10.74,713.9,19.55,884053
2024-10-10T22:27:00.000Z,37.62,-17.87,704.2,16.66,1065473
2024-10-10T22:28:00.000Z,38.20,-13.02,730.2,17.25,711048
2024-10-10T22:29:00.000Z,42.40,-26.21,730.9,16.60,695689
2024-10-10T22:30:00.000Z,42.75,-29.32,722.2,12.37,775873
2024-10-10T22:31:00.000Z,43.02,-41.53,719.8,11.44,506124
2024-10-10T22:32:00.000Z,43.69,-43.37,710.8,21.05,303595
2024-10-10T22:33:00.000Z,42.71,-42.21,706.2,26.18,215772
2024-10-10T22:34:00.000Z,42.48,-41.80,697.1,31.19,219692
2024-10-10T22:35:00.000Z,41.71,-40.54,697.1,31.19,219692
2024-10-10T22:36:00.000Z,42.67,-41.35,691.4,27.57,235724
2024-10-10T22:37:00.000Z,47.37,-46.51,691.4,27.56,235647
2024-10-10T22:38:00.000Z,47.97,-47.04,694.8,11.81,81576
2024-10-10T22:39:00.000Z,46.77,-45.70,694.8,11.81,81617
2024-10-10T22:40:00.000Z,47.83,-46.51,676.1,5.26,190610
2024-10-10T22:41:00.000Z,47.76,-46.33,676.1,5.26,190610
2024-10-10T22:42:00.000Z,47.77,-46.51,684.9,4.22,155637
2024-10-10T22:43:00.000Z,47.64,-46.12,686.7,4.20,151919
2024-10-10T22:44:00.000Z,47.13,-45.72,696.4,4.08,132283
2024-10-10T22:45:00.000Z,46.84,-45.48,694.2,3.84,147200
2024-10-10T22:46:00.000Z,46.49,-45.11,693.6,3.78,151674
2024-10-10T22:47:00.000Z,45.02,-43.06,701.1,4.43,211504
2024-10-10T22:48:00.000Z,45.11,-43.19,705.3,4.79,244720
2024-10-10T22:49:00.000Z,45.04,-43.14,705.3,4.79,244720
2024-10-10T22:50:00.000Z,45.52,-43.71,695.8,4.86,272152
2024-10-10T22:51:00.000Z,45.88,-43.93,695.8,4.86,272152
2024-10-10T22:52:00.000Z,45.34,-43.46,99999.9,999.99,9999999.0
2024-10-10T22:53:00.000Z,45.30,-43.78,677.7,4.69,282143
2024-10-10T22:54:00.000Z,45.29,-43.60,677.7,4.69,282143
2024-10-10T22:55:00.000Z,44.98,-42.63,99999.9,999.99,9999999.0
2024-10-10T22:56:00.000Z,46.43,-45.04,663.3,3.33,145142
2024-10-10T22:57:00.000Z,46.99,-45.72,663.3,3.33,145142
2024-10-10T22:58:00.000Z,46.81,-45.85,668.6,3.32,186494
2024-10-10T22:59:00.000Z,46.76,-45.67,668.7,3.32,187296
2024-10-10T23:00:00.000Z,46.89,-45.67,99999.9,999.99,9999999.0
2024-10-10T23:01:00.000Z,46.75,-45.76,99999.9,999.99,9999999.0
2024-10-10T23:02:00.000Z,46.79,-45.89,632.8,3.67,239439
2024-10-10T23:03:00.000Z,46.01,-44.65,632.8,3.67,239439
2024-10-10T23:04:00.000Z,45.97,-44.60,99999.9,999.99,9999999.0
2024-10-10T23:05:00.000Z,45.92,-44.78,99999.9,999.99,9999999.0
2024-10-10T23:06:00.000Z,45.97,-45.02,99999.9,999.99,9999999.0
2024-10-10T23:07:00.000Z,46.35,-45.06,99999.9,999.99,9999999.0
2024-10-10T23:08:00.000Z,46.32,-44.61,99999.9,999.99,9999999.0
2024-10-10T23:09:00.000Z,46.20,-44.60,641.5,4.14,194158
2024-10-10T23:10:00.000Z,45.87,-44.60,641.5,4.14,194158
2024-10-10T23:11:00.000Z,45.89,-44.75,99999.9,999.99,9999999.0
2024-10-10T23:12:00.000Z,45.73,-44.64,99999.9,999.99,9999999.0
2024-10-10T23:13:00.000Z,45.55,-44.50,99999.9,999.99,9999999.0
2024-10-10T23:14:00.000Z,45.24,-44.23,646.7,3.76,139857
2024-10-10T23:15:00.000Z,43.73,-42.88,662.2,7.52,123763
2024-10-10T23:16:00.000Z,43.86,-43.12,661.1,7.88,114406
2024-10-10T23:17:00.000Z,43.82,-43.13,654.7,7.35,182994
2024-10-10T23:18:00.000Z,42.79,-42.15,686.5,9.41,110133
2024-10-10T23:19:00.000Z,42.69,-41.98,693.3,11.24,104811
2024-10-10T23:20:00.000Z,42.89,-42.37,695.1,11.17,104856
2024-10-10T23:21:00.000Z,42.44,-40.96,697.4,11.12,105578
2024-10-10T23:22:00.000Z,42.65,-39.95,703.7,10.89,110775
2024-10-10T23:23:00.000Z,42.85,-40.48,707.8,10.12,112176
2024-10-10T23:24:00.000Z,42.87,-40.90,693.3,8.84,74282
2024-10-10T23:25:00.000Z,42.67,-41.52,693.7,8.92,77049
2024-10-10T23:26:00.000Z,42.74,-41.94,699.0,10.12,117680
2024-10-10T23:27:00.000Z,43.20,-42.23,696.9,9.34,106172
2024-10-10T23:28:00.000Z,43.21,-41.85,696.7,9.26,104951
2024-10-10T23:29:00.000Z,42.78,-41.19,692.5,9.70,115008
2024-10-10T23:30:00.000Z,42.90,-41.32,693.2,9.52,110864
2024-10-10T23:31:00.000Z,42.94,-41.11,695.2,8.98,97696
2024-10-10T23:32:00.000Z,42.93,-40.95,701.1,8.56,64198
2024-10-10T23:33:00.000Z,42.84,-40.93,701.1,8.56,64061
2024-10-10T23:34:00.000Z,42.76,-40.54,690.1,9.21,108508
2024-10-10T23:35:00.000Z,42.73,-40.41,690.1,9.21,108515
2024-10-10T23:36:00.000Z,42.85,-39.58,691.3,8.61,114113
2024-10-10T23:37:00.000Z,42.49,-38.88,695.9,8.29,108241
2024-10-10T23:38:00.000Z,42.69,-39.20,697.3,7.20,111152
2024-10-10T23:39:00.000Z,42.82,-39.48,698.4,6.68,118836
2024-10-10T23:40:00.000Z,42.80,-40.00,698.6,6.69,120475
2024-10-10T23:41:00.000Z,42.90,-39.82,693.2,6.45,140265
2024-10-10T23:42:00.000Z,43.08,-40.72,693.2,6.45,140265
2024-10-10T23:43:00.000Z,43.19,-41.03,686.4,5.19,154068
2024-10-10T23:44:00.000Z,43.25,-41.29,693.1,4.69,124875
2024-10-10T23:45:00.000Z,43.36,-42.31,697.2,4.35,115168
2024-10-10T23:46:00.000Z,43.51,-42.42,693.4,4.38,168090
2024-10-10T23:47:00.000Z,43.39,-42.21,693.4,4.38,168090
2024-10-10T23:48:00.000Z,43.54,-42.63,99999.9,999.99,9999999.0
2024-10-10T23:49:00.000Z,43.46,-42.60,99999.9,999.99,9999999.0
2024-10-10T23:50:00.000Z,43.51,-42.47,684.9,2.79,127795
2024-10-10T23:51:00.000Z,43.50,-42.52,684.9,2.79,127795
2024-10-10T23:52:00.000Z,43.43,-42.35,686.9,2.66,147758
2024-10-10T23:53:00.000Z,43.40,-42.38,688.4,2.66,161655
2024-10-10T23:54:00.000Z,43.38,-42.36,694.8,2.40,159736
2024-10-10T23:55:00.000Z,43.20,-42.21,704.4,1.85,137540
2024-10-10T23:56:00.000Z,43.28,-42.01,703.8,1.94,129245
2024-10-10T23:57:00.000Z,43.23,-41.90,703.2,1.96,136340
2024-10-10T23:58:00.000Z,43.15,-41.93,706.4,1.90,156640
2024-10-10T23:59:00.000Z,43.06,-41.73,718.2,1.65,145680
2024-10-11T00:00:00.000Z,42.82,-41.51,718.9,1.98,177334
2024-10-11T00:01:00.000Z,42.80,-41.55,719.1,1.86,168118
2024-10-11T00:02:00.000Z,42.74,-41.47,721.0,1.80,150027
2024-10-11T00:03:00.000Z,42.52,-41.37,715.9,2.01,173176
2024-10-11T00:04:00.000Z,42.37,-41.20,714.0,2.12,179757
2024-10-11T00:05:00.000Z,42.23,-40.97,712.9,2.20,183146
2024-10-11T00:06:00.000Z,42.17,-40.89,99999.9,999.99,9999999.0
2024-10-11T00:07:00.000Z,42.09,-40.80,708.3,2.75,190135
2024-10-11T00:08:00.000Z,42.00,-40.65,708.3,2.75,190135
2024-10-11T00:09:00.000Z,41.91,-40.35,708.3,2.75,190135
2024-10-11T00:10:00.000Z,41.86,-40.34,99999.9,999.99,9999999.0
2024-10-11T00:11:00.000Z,41.89,-40.28,702.0,2.81,200794
2024-10-11T00:12:00.000Z,41.83,-40.31,702.0,2.81,200794
2024-10-11T00:13:00.000Z,41.83,-40.32,99999.9,999.99,9999999.0
2024-10-11T00:14:00.000Z,41.87,-40.38,717.5,2.23,130872
2024-10-11T00:15:00.000Z,41.80,-40.39,717.5,2.23,130872
2024-10-11T00:16:00.000Z,41.79,-40.38,717.5,2.23,130872
2024-10-11T00:17:00.000Z,41.77,-40.34,99999.9,999.99,9999999.0
2024-10-11T00:18:00.000Z,41.70,-40.30,99999.9,999.99,9999999.0
2024-10-11T00:19:00.000Z,41.68,-40.31,713.8,2.79,174268
2024-10-11T00:20:00.000Z,41.67,-40.37,713.8,2.79,174268
2024-10-11T00:21:00.000Z,41.62,-40.23,99999.9,999.99,9999999.0
2024-10-11T00:22:00.000Z,41.61,-40.19,710.2,2.77,157731
2024-10-11T00:23:00.000Z,41.58,-40.05,710.2,2.77,157731
2024-10-11T00:24:00.000Z,41.51,-39.81,710.2,2.77,157731
2024-10-11T00:25:00.000Z,41.47,-39.92,710.9,3.08,196151
2024-10-11T00:26:00.000Z,41.47,-40.00,710.9,3.08,196151
2024-10-11T00:27:00.000Z,41.44,-40.10,707.0,2.79,227786
2024-10-11T00:28:00.000Z,41.47,-40.26,707.0,2.79,227786
2024-10-11T00:29:00.000Z,41.41,-40.14,99999.9,999.99,9999999.0
2024-10-11T00:30:00.000Z,41.19,-39.91,99999.9,999.99,9999999.0
2024-10-11T00:31:00.000Z,41.02,-39.15,99999.9,999.99,9999999.0
2024-10-11T00:32:00.000Z,40.86,-38.39,99999.9,999.99,9999999.0
2024-10-11T00:33:00.000Z,40.44,-38.00,702.6,5.53,181485
2024-10-11T00:34:00.000Z,40.08,-37.91,703.8,5.76,192379
2024-10-11T00:35:00.000Z,39.28,-38.05,708.3,6.65,235195
2024-10-11T00:36:00.000Z,39.40,-37.87,684.6,6.99,243277
2024-10-11T00:37:00.000Z,36.90,-33.62,691.9,12.78,203105
2024-10-11T00:38:00.000Z,36.49,-34.15,701.4,19.66,155944
2024-10-11T00:39:00.000Z,36.87,-35.48,700.9,16.82,183879
2024-10-11T00:40:00.000Z,36.88,-35.68,700.9,16.82,183879
2024-10-11T00:41:00.000Z,37.86,-37.20,714.0,10.42,203522
2024-10-11T00:42:00.000Z,38.76,-37.91,714.0,10.42,203522
2024-10-11T00:43:00.000Z,38.95,-38.14,707.7,10.20,259826
2024-10-11T00:44:00.000Z,38.63,-38.01,707.4,10.19,262501
2024-10-11T00:45:00.000Z,38.36,-37.67,702.5,8.93,205617
2024-10-11T00:46:00.000Z,38.04,-37.41,698.3,9.30,206258
2024-10-11T00:47:00.000Z,37.69,-37.10,696.9,11.24,231734
2024-10-11T00:48:00.000Z,37.70,-37.30,693.8,11.47,240103
2024-10-11T00:49:00.000Z,37.93,-37.61,693.4,11.47,241117
2024-10-11T00:50:00.000Z,37.87,-37.49,696.8,9.26,184747
2024-10-11T00:51:00.000Z,37.75,-37.42,696.8,9.30,184440
2024-10-11T00:52:00.000Z,37.54,-37.23,696.6,11.09,170265
2024-10-11T00:53:00.000Z,37.84,-36.60,696.6,11.09,170265
2024-10-11T00:54:00.000Z,37.94,-36.30,99999.9,999.99,9999999.0
2024-10-11T00:55:00.000Z,38.11,-35.99,696.5,8.35,194364
2024-10-11T00:56:00.000Z,38.24,-35.80,696.5,8.35,194364
2024-10-11T00:57:00.000Z,38.48,-34.32,697.3,8.26,182448
2024-10-11T00:58:00.000Z,38.49,-32.69,697.3,8.26,182348
2024-10-11T00:59:00.000Z,38.63,-26.16,695.5,9.07,225342
2024-10-11T01:00:00.000Z,38.52,-23.58,695.5,9.07,225342
2024-10-11T01:01:00.000Z,38.53,-26.13,700.5,5.86,198154
2024-10-11T01:02:00.000Z,38.48,-27.24,697.7,5.68,194024
2024-10-11T01:03:00.000Z,38.47,-26.91,694.5,5.47,189389
2024-10-11T01:04:00.000Z,38.47,-25.58,99999.9,999.99,9999999.0
2024-10-11T01:05:00.000Z,38.42,-25.83,693.9,6.10,173231
2024-10-11T01:06:00.000Z,38.07,-26.13,696.7,6.27,188976
2024-10-11T01:07:00.000Z,37.87,-26.71,703.0,6.66,207305
2024-10-11T01:08:00.000Z,37.29,-25.52,693.4,7.53,170749
2024-10-11T01:09:00.000Z,36.87,-25.28,694.2,8.11,168610
2024-10-11T01:10:00.000Z,37.06,-25.66,696.7,8.54,168217
2024-10-11T01:11:00.000Z,37.07,-25.42,99999.9,999.99,9999999.0
2024-10-11T01:12:00.000Z,37.11,-25.50,691.7,8.04,164790
2024-10-11T01:13:00.000Z,37.13,-25.51,691.7,8.04,164790
2024-10-11T01:14:00.000Z,37.10,-25.44,99999.9,999.99,9999999.0
2024-10-11T01:15:00.000Z,36.66,-25.20,683.2,9.02,115801
2024-10-11T01:16:00.000Z,36.51,-25.18,683.2,9.02,115801
2024-10-11T01:17:00.000Z,36.52,-25.27,683.2,9.02,115801
2024-10-11T01:18:00.000Z,36.45,-25.03,99999.9,999.99,9999999.0
2024-10-11T01:19:00.000Z,36.44,-25.39,683.7,11.35,162901
2024-10-11T01:20:00.000Z,36.42,-24.87,683.7,11.35,162901
2024-10-11T01:21:00.000Z,37.21,-26.19,680.0,8.85,154535
2024-10-11T01:22:00.000Z,37.01,-26.37,680.0,8.85,154535
2024-10-11T01:23:00.000Z,36.61,-26.14,679.8,10.21,147702
2024-10-11T01:24:00.000Z,36.57,-26.41,679.7,10.69,145320
2024-10-11T01:25:00.000Z,36.62,-26.97,677.3,10.28,147941
2024-10-11T01:26:00.000Z,36.63,-27.38,677.3,10.28,147941
2024-10-11T01:27:00.000Z,36.90,-27.56,676.8,9.20,148600
2024-10-11T01:28:00.000Z,36.85,-27.56,676.8,9.20,148600
2024-10-11T01:29:00.000Z,36.78,-28.50,676.8,9.20,148600
2024-10-11T01:30:00.000Z,36.33,-27.55,678.4,10.59,113431
2024-10-11T01:31:00.000Z,36.35,-31.79,678.4,10.59,113431
2024-10-11T01:32:00.000Z,36.39,-30.32,685.9,13.74,144550
2024-10-11T01:33:00.000Z,36.27,-30.27,685.9,13.74,144550
2024-10-11T01:34:00.000Z,36.00,-28.76,680.9,13.04,122894
2024-10-11T01:35:00.000Z,36.16,-27.21,680.8,12.33,120526
2024-10-11T01:36:00.000Z,36.26,-27.07,680.3,9.76,111812
2024-10-11T01:37:00.000Z,36.21,-27.66,673.3,11.11,98740
2024-10-11T01:38:00.000Z,36.04,-27.41,673.0,11.18,98111
2024-10-11T01:39:00.000Z,36.00,-27.55,672.6,8.82,180170
2024-10-11T01:40:00.000Z,36.00,-28.20,672.6,8.53,190135
2024-10-11T01:41:00.000Z,36.26,-31.08,672.2,9.06,151378
2024-10-11T01:42:00.000Z,36.27,-30.13,672.2,9.12,146846
2024-10-11T01:43:00.000Z,36.23,-30.06,664.3,7.89,183787
2024-10-11T01:44:00.000Z,35.94,-28.86,664.9,8.28,188664
2024-10-11T01:45:00.000Z,35.94,-29.25,665.6,8.58,190142
2024-10-11T01:46:00.000Z,35.90,-29.28,663.0,8.93,195325
2024-10-11T01:47:00.000Z,35.99,-29.15,663.0,8.93,195325
2024-10-11T01:48:00.000Z,35.44,-28.41,665.2,8.88,148840
2024-10-11T01:49:00.000Z,35.38,-27.97,665.1,8.91,152152
2024-10-11T01:50:00.000Z,35.34,-27.96,663.6,9.35,200863
2024-10-11T01:51:00.000Z,35.44,-28.00,667.9,9.14,200105
2024-10-11T01:52:00.000Z,35.50,-28.23,668.8,9.10,199889
2024-10-11T01:53:00.000Z,35.40,-27.71,669.8,9.28,187499
2024-10-11T01:54:00.000Z,35.39,-28.14,669.8,9.28,187499
2024-10-11T01:55:00.000Z,35.58,-28.77,664.0,8.49,157114
2024-10-11T01:56:00.000Z,35.56,-28.78,664.0,8.49,157114
2024-10-11T01:57:00.000Z,35.54,-28.69,663.6,8.47,176026
2024-10-11T01:58:00.000Z,35.56,-28.80,663.6,8.47,176026
2024-10-11T01:59:00.000Z,35.53,-28.53,649.6,8.04,175961
2024-10-11T02:00:00.000Z,35.20,-27.82,649.6,8.04,175961
2024-10-11T02:01:00.000Z,35.02,-27.20,649.6,8.04,175961
2024-10-11T02:02:00.000Z,34.84,-24.99,660.7,8.70,201422
2024-10-11T02:03:00.000Z,34.96,-27.32,660.7,8.70,201422
2024-10-11T02:04:00.000Z,35.12,-28.28,660.7,8.65,202037
2024-10-11T02:05:00.000Z,35.26,-28.91,661.0,7.89,210886
2024-10-11T02:06:00.000Z,34.85,-28.67,663.8,7.68,224054
2024-10-11T02:07:00.000Z,34.81,-27.83,665.0,7.60,229422
2024-10-11T02:08:00.000Z,34.81,-28.07,660.9,7.60,252633
2024-10-11T02:09:00.000Z,34.69,-28.10,660.9,7.60,252633
2024-10-11T02:10:00.000Z,34.47,-27.32,655.8,7.42,239287
2024-10-11T02:11:00.000Z,34.41,-26.76,655.8,7.42,239287
2024-10-11T02:12:00.000Z,34.55,-24.34,658.1,6.78,211269
2024-10-11T02:13:00.000Z,34.46,-26.17,658.1,6.71,211788
2024-10-11T02:14:00.000Z,34.36,-25.89,652.0,6.72,286207
2024-10-11T02:15:00.000Z,34.35,-24.59,662.0,6.94,251316
2024-10-11T02:16:00.000Z,34.96,-28.04,664.4,6.99,242953
2024-10-11T02:17:00.000Z,34.98,-26.39,660.5,6.26,268432
2024-10-11T02:18:00.000Z,34.86,-27.91,660.5,6.26,268432
2024-10-11T02:19:00.000Z,34.83,-28.34,645.7,7.27,348070
2024-10-11T02:20:00.000Z,34.80,-29.44,645.7,7.27,348070
2024-10-11T02:21:00.000Z,34.55,-29.89,658.5,6.55,283443
2024-10-11T02:22:00.000Z,34.97,-30.05,665.3,5.23,262265
2024-10-11T02:23:00.000Z,34.96,-29.58,682.4,4.47,265665
2024-10-11T02:24:00.000Z,35.42,-30.23,672.6,3.67,245593
2024-10-11T02:25:00.000Z,35.40,-29.55,663.5,2.81,207118
2024-10-11T02:26:00.000Z,35.34,-29.14,659.4,3.02,234885
2024-10-11T02:27:00.000Z,35.15,-28.92,663.9,3.02,271789
2024-10-11T02:28:00.000Z,34.83,-28.62,668.2,3.01,304724
2024-10-11T02:29:00.000Z,34.83,-28.79,689.9,3.64,341766
2024-10-11T02:30:00.000Z,34.65,-28.46,690.3,3.76,363892
2024-10-11T02:31:00.000Z,34.55,-27.80,687.9,4.03,370906
2024-10-11T02:32:00.000Z,34.43,-27.73,686.8,4.12,371488
2024-10-11T02:33:00.000Z,34.35,-27.81,696.2,4.08,340948
2024-10-11T02:34:00.000Z,34.29,-27.77,696.2,4.08,340948
2024-10-11T02:35:00.000Z,34.27,-27.64,696.2,4.08,340948
2024-10-11T02:36:00.000Z,34.27,-27.87,693.6,4.28,366009
2024-10-11T02:37:00.000Z,34.30,-28.29,693.6,4.28,366009
2024-10-11T02:38:00.000Z,34.17,-28.10,690.3,4.34,427498
2024-10-11T02:39:00.000Z,34.36,-28.67,690.1,4.28,420569
2024-10-11T02:40:00.000Z,34.55,-28.48,688.5,3.84,365350
2024-10-11T02:41:00.000Z,34.72,-28.98,680.4,3.69,259840
2024-10-11T02:42:00.000Z,34.68,-29.78,681.0,3.64,249882
2024-10-11T02:43:00.000Z,34.77,-29.97,691.9,3.44,257887
2024-10-11T02:44:00.000Z,34.85,-30.05,688.2,2.52,421056
2024-10-11T02:45:00.000Z,34.79,-30.00,678.9,2.52,406101
2024-10-11T02:46:00.000Z,34.72,-29.74,680.8,2.56,343129
2024-10-11T02:47:00.000Z,34.61,-29.72,676.6,2.64,373382
2024-10-11T02:48:00.000Z,34.61,-29.68,674.8,2.74,367949
2024-10-11T02:49:00.000Z,34.64,-29.96,680.9,3.22,229456
2024-10-11T02:50:00.000Z,34.66,-29.69,683.0,3.36,191971
2024-10-11T02:51:00.000Z,34.67,-29.28,671.1,3.19,192100
2024-10-11T02:52:00.000Z,34.66,-29.49,670.5,3.18,192107
2024-10-11T02:53:00.000Z,34.55,-29.50,658.1,3.76,233238
2024-10-11T02:54:00.000Z,34.28,-29.57,660.7,3.77,238118
2024-10-11T02:55:00.000Z,34.24,-29.48,663.9,3.75,240106
2024-10-11T02:56:00.000Z,34.30,-29.42,661.1,3.66,223138
2024-10-11T02:57:00.000Z,34.32,-29.49,662.2,3.62,218890
2024-10-11T02:58:00.000Z,34.30,-29.58,99999.9,999.99,9999999.0
2024-10-11T02:59:00.000Z,34.28,-29.17,99999.9,999.99,9999999.0
2024-10-11T03:00:00.000Z,34.25,-29.55,99999.9,999.99,9999999.0
2024-10-11T03:01:00.000Z,34.19,-29.61,99999.9,999.99,9999999.0
2024-10-11T03:02:00.000Z,34.20,-29.41,99999.9,999.99,9999999.0
2024-10-11T03:03:00.000Z,34.20,-29.30,99999.9,999.99,9999999.0
2024-10-11T03:04:00.000Z,34.15,-29.24,99999.9,999.99,9999999.0
2024-10-11T03:05:00.000Z,34.13,-29.27,664.3,3.23,247189
2024-10-11T03:06:00.000Z,33.96,-28.90,664.3,3.23,247189
2024-10-11T03:07:00.000Z,33.66,-28.72,644.9,3.42,284275
2024-10-11T03:08:00.000Z,33.82,-29.00,665.2,3.29,288837
2024-10-11T03:09:00.000Z,33.86,-28.98,654.7,3.22,233930
2024-10-11T03:10:00.000Z,33.86,-28.89,642.4,3.19,179042
2024-10-11T03:11:00.000Z,33.82,-28.56,644.4,3.31,185617
2024-10-11T03:12:00.000Z,33.83,-28.53,644.4,3.31,185617
2024-10-11T03:13:00.000Z,33.94,-28.79,653.2,3.04,117235
2024-10-11T03:14:00.000Z,33.97,-28.67,653.2,3.04,117235
2024-10-11T03:15:00.000Z,33.97,-28.60,99999.9,999.99,9999999.0
2024-10-11T03:16:00.000Z,33.98,-28.32,99999.9,999.99,9999999.0
2024-10-11T03:17:00.000Z,33.95,-28.16,99999.9,999.99,9999999.0
2024-10-11T03:18:00.000Z,33.97,-28.52,638.2,3.89,205633
2024-10-11T03:19:00.000Z,34.07,-28.75,638.2,3.89,205633
2024-10-11T03:20:00.000Z,34.02,-28.77,99999.9,999.99,9999999.0
2024-10-11T03:21:00.000Z,33.99,-29.19,647.6,3.27,200515
2024-10-11T03:22:00.000Z,33.98,-29.29,647.6,3.27,200515
2024-10-11T03:23:00.000Z,34.00,-29.07,647.6,3.27,200515
2024-10-11T03:24:00.000Z,34.02,-28.76,645.8,3.38,195600
2024-10-11T03:25:00.000Z,34.03,-28.65,645.8,3.38,195600
2024-10-11T03:26:00.000Z,33.99,-28.72,99999.9,999.99,9999999.0
2024-10-11T03:27:00.000Z,34.01,-28.80,99999.9,999.99,9999999.0
2024-10-11T03:28:00.000Z,34.05,-28.74,99999.9,999.99,9999999.0
2024-10-11T03:29:00.000Z,34.09,-28.84,639.8,3.56,215844
2024-10-11T03:30:00.000Z,34.09,-28.84,639.8,3.56,215844
2024-10-11T03:31:00.000Z,33.98,-29.09,639.8,3.56,215844
2024-10-11T03:32:00.000Z,34.06,-29.43,639.9,3.53,179964
2024-10-11T03:33:00.000Z,34.06,-29.27,639.9,3.53,179964
2024-10-11T03:34:00.000Z,34.05,-29.17,99999.9,999.99,9999999.0
2024-10-11T03:35:00.000Z,34.09,-29.08,644.6,4.07,309551
2024-10-11T03:36:00.000Z,34.16,-29.31,644.6,4.07,309551
2024-10-11T03:37:00.000Z,34.22,-29.23,644.6,4.07,309551
2024-10-11T03:38:00.000Z,34.22,-29.25,647.1,3.78,296196
2024-10-11T03:39:00.000Z,34.19,-29.17,647.1,3.78,296196
2024-10-11T03:40:00.000Z,34.12,-28.97,647.1,3.78,296196
2024-10-11T03:41:00.000Z,33.96,-28.97,99999.9,999.99,9999999.0
2024-10-11T03:42:00.000Z,34.06,-29.08,99999.9,999.99,9999999.0
2024-10-11T03:43:00.000Z,34.14,-29.36,626.0,3.29,343952
2024-10-11T03:44:00.000Z,34.05,-29.42,626.0,3.29,343952
2024-10-11T03:45:00.000Z,33.97,-29.38,99999.9,999.99,9999999.0
2024-10-11T03:46:00.000Z,34.05,-28.36,633.4,4.04,327192
2024-10-11T03:47:00.000Z,34.08,-27.69,633.4,4.04,327192
2024-10-11T03:48:00.000Z,34.02,-28.06,633.4,4.04,327192
2024-10-11T03:49:00.000Z,34.03,-27.63,637.1,3.49,218745
2024-10-11T03:50:00.000Z,33.97,-27.81,637.1,3.49,218745
2024-10-11T03:51:00.000Z,33.94,-27.95,637.1,3.49,218745
2024-10-11T03:52:00.000Z,33.75,-27.88,99999.9,999.99,9999999.0
2024-10-11T03:53:00.000Z,33.83,-27.68,617.9,3.19,216495
2024-10-11T03:54:00.000Z,33.85,-28.11,617.9,3.19,216495
2024-10-11T03:55:00.000Z,33.78,-27.85,615.9,3.53,302580
2024-10-11T03:56:00.000Z,33.78,-27.52,615.9,3.53,302580
2024-10-11T03:57:00.000Z,33.77,-27.99,615.9,3.53,302580
2024-10-11T03:58:00.000Z,33.80,-28.58,99999.9,999.99,9999999.0
2024-10-11T03:59:00.000Z,33.81,-28.75,636.2,3.56,235799
2024-10-11T04:00:00.000Z,33.81,-28.69,636.2,3.56,235799
2024-10-11T04:01:00.000Z,33.79,-28.75,99999.9,999.99,9999999.0
2024-10-11T04:02:00.000Z,33.85,-28.86,618.2,3.24,186020
2024-10-11T04:03:00.000Z,33.87,-28.99,621.3,3.24,181671
2024-10-11T04:04:00.000Z,33.87,-29.14,623.3,3.04,160938
2024-10-11T04:05:00.000Z,33.85,-29.22,613.0,2.52,126077
2024-10-11T04:06:00.000Z,33.84,-29.33,99999.9,999.99,9999999.0
2024-10-11T04:07:00.000Z,9999.99,9999.99,99999.9,999.99,9999999.0
2024-10-11T04:08:00.000Z,33.83,-29.01,99999.9,999.99,9999999.0
2024-10-11T04:09:00.000Z,33.84,-29.10,611.1,3.63,247421
2024-10-11T04:10:00.000Z,33.88,-28.93,611.1,3.63,247421
2024-10-11T04:11:00.000Z,33.92,-29.65,611.1,3.63,247421
2024-10-11T04:12:00.000Z,33.99,-30.05,99999.9,999.99,9999999.0
2024-10-11T04:13:00.000Z,33.95,-30.03,99999.9,999.99,9999999.0
2024-10-11T04:14:00.000Z,33.91,-30.50,623.0,3.83,201422
2024-10-11T04:15:00.000Z,33.77,-30.28,623.0,3.83,201422
2024-10-11T04:16:00.000Z,33.79,-30.40,625.0,3.87,197670
2024-10-11T04:17:00.000Z,33.79,-30.32,625.0,3.87,197670
2024-10-11T04:18:00.000Z,33.81,-30.39,622.9,4.20,206198
2024-10-11T04:19:00.000Z,33.82,-28.38,622.9,4.20,206198
2024-10-11T04:20:00.000Z,33.88,-28.46,619.3,4.06,222545
2024-10-11T04:21:00.000Z,33.95,-28.99,619.4,4.06,222105
2024-10-11T04:22:00.000Z,34.11,-29.77,622.0,3.99,207509
2024-10-11T04:23:00.000Z,34.19,-30.18,622.4,3.97,200059
2024-10-11T04:24:00.000Z,34.16,-30.36,622.5,3.97,198986
2024-10-11T04:25:00.000Z,34.15,-29.98,99999.9,999.99,9999999.0
2024-10-11T04:26:00.000Z,34.06,-29.39,99999.9,999.99,9999999.0
2024-10-11T04:27:00.000Z,34.04,-29.72,99999.9,999.99,9999999.0
2024-10-11T04:28:00.000Z,34.14,-30.01,618.2,4.38,206197
2024-10-11T04:29:00.000Z,34.20,-29.86,622.7,3.52,134503
2024-10-11T04:30:00.000Z,34.17,-30.13,624.3,3.20,108303
2024-10-11T04:31:00.000Z,34.23,-29.44,99999.9,999.99,9999999.0
2024-10-11T04:32:00.000Z,34.23,-29.32,99999.9,999.99,9999999.0
2024-10-11T04:33:00.000Z,34.26,-29.78,99999.9,999.99,9999999.0
2024-10-11T04:34:00.000Z,34.19,-29.80,618.1,3.70,202893
2024-10-11T04:35:00.000Z,33.63,-28.37,621.0,3.54,213278
2024-10-11T04:36:00.000Z,33.64,-28.21,622.3,3.58,232727
2024-10-11T04:37:00.000Z,33.68,-28.61,625.1,3.48,205683
2024-10-11T04:38:00.000Z,33.79,-28.93,622.6,3.31,243683
2024-10-11T04:39:00.000Z,33.82,-29.19,623.7,3.32,227828
2024-10-11T04:40:00.000Z,33.84,-29.12,631.2,3.27,246880
2024-10-11T04:41:00.000Z,33.83,-28.77,630.5,3.30,245595
2024-10-11T04:42:00.000Z,33.86,-29.19,614.7,3.86,211215
2024-10-11T04:43:00.000Z,33.84,-29.02,629.8,3.55,205482
2024-10-11T04:44:00.000Z,33.75,-28.75,619.5,3.90,253915
2024-10-11T04:45:00.000Z,34.01,-29.45,619.3,3.70,242038
2024-10-11T04:46:00.000Z,33.86,-29.13,619.9,3.46,225785
2024-10-11T04:47:00.000Z,33.85,-29.16,629.1,3.33,220568
2024-10-11T04:48:00.000Z,33.75,-28.78,621.0,3.66,220343
2024-10-11T04:49:00.000Z,33.58,-28.35,618.5,3.76,220275
2024-10-11T04:50:00.000Z,33.69,-28.65,99999.9,999.99,9999999.0
2024-10-11T04:51:00.000Z,33.63,-28.54,625.4,3.63,248040
2024-10-11T04:52:00.000Z,33.53,-28.53,625.4,3.63,248040
2024-10-11T04:53:00.000Z,33.41,-28.22,99999.9,999.99,9999999.0
2024-10-11T04:54:00.000Z,33.23,-27.77,618.2,4.73,237236
2024-10-11T04:55:00.000Z,33.38,-27.93,618.2,4.73,237236
2024-10-11T04:56:00.000Z,33.57,-27.23,639.0,4.41,239006
2024-10-11T04:57:00.000Z,33.50,-27.25,639.4,4.38,235925
2024-10-11T04:58:00.000Z,33.49,-26.50,634.3,4.13,210104
2024-10-11T04:59:00.000Z,33.42,-26.16,640.9,3.19,170078
2024-10-11T05:00:00.000Z,33.64,-27.45,632.4,3.44,242574
2024-10-11T05:01:00.000Z,33.75,-27.40,628.5,3.57,243608
2024-10-11T05:02:00.000Z,33.66,-27.18,620.1,3.83,222765
2024-10-11T05:03:00.000Z,33.60,-27.26,621.0,3.83,223444
2024-10-11T05:04:00.000Z,33.57,-27.17,625.1,3.85,226525
2024-10-11T05:05:00.000Z,33.65,-27.40,626.3,3.81,204402
2024-10-11T05:06:00.000Z,33.66,-27.33,627.0,3.77,190135
2024-10-11T05:07:00.000Z,33.64,-27.02,630.7,3.58,225789
2024-10-11T05:08:00.000Z,33.65,-26.76,630.1,3.49,223798
2024-10-11T05:09:00.000Z,33.74,-26.54,632.5,3.25,232427
2024-10-11T05:10:00.000Z,33.72,-26.21,634.5,3.34,311084
2024-10-11T05:11:00.000Z,33.82,-27.30,637.5,2.93,326143
2024-10-11T05:12:00.000Z,33.79,-26.78,639.2,2.70,332553
2024-10-11T05:13:00.000Z,33.82,-26.84,641.3,2.64,381222
2024-10-11T05:14:00.000Z,33.80,-27.44,641.3,2.64,381222
2024-10-11T05:15:00.000Z,33.84,-27.37,631.0,2.46,338681
2024-10-11T05:16:00.000Z,33.74,-27.39,636.2,2.57,329602
2024-10-11T05:17:00.000Z,33.40,-27.58,645.6,2.78,313067
2024-10-11T05:18:00.000Z,33.35,-27.57,641.0,3.25,308945
2024-10-11T05:19:00.000Z,33.29,-26.77,637.8,3.26,318854
2024-10-11T05:20:00.000Z,33.35,-26.60,635.3,3.26,326658
2024-10-11T05:21:00.000Z,33.43,-26.13,636.7,2.89,357401
2024-10-11T05:22:00.000Z,33.40,-25.97,636.6,2.88,353957
2024-10-11T05:23:00.000Z,33.33,-26.29,635.8,2.79,304294
2024-10-11T05:24:00.000Z,33.33,-26.39,635.2,2.84,307296
2024-10-11T05:25:00.000Z,33.29,-26.20,631.8,3.09,323642
2024-10-11T05:26:00.000Z,33.30,-25.95,634.4,3.08,314988
2024-10-11T05:27:00.000Z,33.07,-25.37,637.3,3.07,305238
2024-10-11T05:28:00.000Z,33.04,-26.06,624.6,4.87,196965
2024-10-11T05:29:00.000Z,33.14,-25.57,630.1,4.50,207130
2024-10-11T05:30:00.000Z,33.11,-25.57,634.0,4.11,239013
2024-10-11T05:31:00.000Z,33.31,-24.88,638.0,3.20,382279
2024-10-11T05:32:00.000Z,33.37,-24.51,640.1,3.00,374687
2024-10-11T05:33:00.000Z,33.27,-24.34,644.2,2.61,360103
2024-10-11T05:34:00.000Z,33.20,-23.82,644.2,2.61,360103
2024-10-11T05:35:00.000Z,33.17,-23.48,640.6,2.75,311458
2024-10-11T05:36:00.000Z,33.20,-23.62,640.6,2.75,311458
2024-10-11T05:37:00.000Z,33.25,-23.35,640.5,2.53,372911
2024-10-11T05:38:00.000Z,33.23,-23.73,640.5,2.53,372911
2024-10-11T05:39:00.000Z,33.20,-24.41,640.5,2.52,332241
2024-10-11T05:40:00.000Z,33.18,-24.13,640.5,2.52,319408
2024-10-11T05:41:00.000Z,33.19,-24.65,642.6,2.54,330940
2024-10-11T05:42:00.000Z,33.06,-25.16,642.6,2.54,330940
2024-10-11T05:43:00.000Z,33.07,-24.87,660.1,2.31,349868
2024-10-11T05:44:00.000Z,32.82,-24.47,659.5,2.34,339518
2024-10-11T05:45:00.000Z,32.74,-25.14,662.8,2.29,358625
2024-10-11T05:46:00.000Z,32.73,-24.89,665.0,2.23,360058
2024-10-11T05:47:00.000Z,32.73,-24.84,669.8,2.13,339146
2024-10-11T05:48:00.000Z,32.68,-24.95,666.0,2.22,402768
2024-10-11T05:49:00.000Z,32.63,-25.06,665.5,2.26,429077
2024-10-11T05:50:00.000Z,32.53,-23.99,99999.9,999.99,9999999.0
2024-10-11T05:51:00.000Z,32.40,-23.77,99999.9,999.99,9999999.0
2024-10-11T05:52:00.000Z,9999.99,9999.99,99999.9,999.99,9999999.0
2024-10-11T05:53:00.000Z,32.49,-24.45,652.2,2.39,385363
2024-10-11T05:54:00.000Z,32.52,-24.13,652.2,2.39,385363
2024-10-11T05:55:00.000Z,32.08,-22.45,652.2,2.39,385363
2024-10-11T05:56:00.000Z,31.27,-18.93,677.1,4.04,295688
2024-10-11T05:57:00.000Z,31.12,-20.44,686.3,3.86,401827
2024-10-11T05:58:00.000Z,30.41,-24.44,701.6,3.58,578910
2024-10-11T05:59:00.000Z,29.79,-21.40,99999.9,999.99,9999999.0
2024-10-11T06:00:00.000Z,29.47,-20.00,699.5,6.26,521129
2024-10-11T06:01:00.000Z,29.18,-19.73,699.5,6.26,521129
2024-10-11T06:02:00.000Z,29.27,-19.61,709.0,6.48,317389
2024-10-11T06:03:00.000Z,29.51,-17.67,710.8,6.35,320757
2024-10-11T06:04:00.000Z,26.71,-16.11,711.8,6.28,377211
2024-10-11T06:05:00.000Z,25.64,-14.14,710.4,6.42,493424
2024-10-11T06:06:00.000Z,25.15,-14.57,712.1,6.34,540394
2024-10-11T06:07:00.000Z,26.67,-16.28,99999.9,999.99,9999999.0
2024-10-11T06:08:00.000Z,24.99,-15.33,99999.9,999.99,9999999.0
2024-10-11T06:09:00.000Z,24.75,-15.04,99999.9,999.99,9999999.0
2024-10-11T06:10:00.000Z,25.54,-16.03,99999.9,999.99,9999999.0
2024-10-11T06:11:00.000Z,25.42,-15.96,697.5,7.32,366103
2024-10-11T06:12:00.000Z,25.44,-15.36,697.5,7.32,366103
2024-10-11T06:13:00.000Z,23.18,-14.31,697.5,7.32,366103
2024-10-11T06:14:00.000Z,22.92,-14.43,683.8,8.01,681061
2024-10-11T06:15:00.000Z,23.15,-15.16,683.8,8.01,681061
2024-10-11T06:16:00.000Z,23.05,-14.85,682.2,8.06,646839
2024-10-11T06:17:00.000Z,22.99,-14.49,682.2,8.06,646839
2024-10-11T06:18:00.000Z,22.38,-14.12,690.1,8.09,644597
2024-10-11T06:19:00.000Z,23.84,-14.25,700.8,8.37,625758
2024-10-11T06:20:00.000Z,25.43,-11.60,718.9,8.23,550241
2024-10-11T06:21:00.000Z,26.34,-9.81,731.6,6.58,431585
2024-10-11T06:22:00.000Z,27.75,-16.67,738.3,6.31,521338
2024-10-11T06:23:00.000Z,27.81,-21.86,729.2,5.43,422728
2024-10-11T06:24:00.000Z,28.25,-17.14,722.2,5.01,308081
2024-10-11T06:25:00.000Z,29.35,-16.93,707.5,4.96,281153
2024-10-11T06:26:00.000Z,29.36,-18.16,707.5,4.96,281153
2024-10-11T06:27:00.000Z,29.63,-21.70,748.7,5.52,354368
2024-10-11T06:28:00.000Z,28.88,-19.06,748.8,5.52,354524
2024-10-11T06:29:00.000Z,29.62,-19.53,99999.9,999.99,9999999.0
2024-10-11T06:30:00.000Z,29.73,-19.75,99999.9,999.99,9999999.0
2024-10-11T06:31:00.000Z,29.69,-20.07,683.9,5.01,152949
2024-10-11T06:32:00.000Z,29.66,-20.36,683.9,5.01,152949
2024-10-11T06:33:00.000Z,29.46,-20.37,683.9,5.01,152949
2024-10-11T06:34:00.000Z,29.68,-19.88,684.3,3.53,246932
2024-10-11T06:35:00.000Z,29.93,-19.82,685.1,4.01,247491
2024-10-11T06:36:00.000Z,30.22,-20.27,685.6,4.35,247885
2024-10-11T06:37:00.000Z,29.67,-19.79,691.5,3.05,181684
2024-10-11T06:38:00.000Z,29.11,-18.86,691.5,3.05,181684
2024-10-11T06:39:00.000Z,28.92,-18.81,726.4,4.81,143458
2024-10-11T06:40:00.000Z,28.89,-19.19,721.0,4.65,113500
2024-10-11T06:41:00.000Z,9999.99,9999.99,726.4,5.26,98328
2024-10-11T06:42:00.000Z,28.94,-18.93,740.8,6.41,106417
2024-10-11T06:43:00.000Z,29.04,-20.56,99999.9,999.99,9999999.0
2024-10-11T06:44:00.000Z,28.78,-17.27,99999.9,999.99,9999999.0
2024-10-11T06:45:00.000Z,29.73,-16.43,804.9,3.51,221665
2024-10-11T06:46:00.000Z,30.07,-17.62,801.3,2.99,164717
2024-10-11T06:47:00.000Z,29.67,-17.57,797.7,2.48,107384
2024-10-11T06:48:00.000Z,29.86,-17.35,788.4,4.95,196633
2024-10-11T06:49:00.000Z,30.91,-12.87,788.4,4.95,196633
2024-10-11T06:50:00.000Z,30.90,-13.13,788.4,4.95,196633
2024-10-11T06:51:00.000Z,30.95,-13.28,822.6,2.39,214041
2024-10-11T06:52:00.000Z,30.87,-14.28,822.6,2.39,214041
2024-10-11T06:53:00.000Z,30.64,-14.37,815.8,2.52,282694
2024-10-11T06:54:00.000Z,30.49,-15.51,802.8,2.54,333419
2024-10-11T06:55:00.000Z,30.48,-15.18,800.3,2.40,295823
2024-10-11T06:56:00.000Z,30.24,-15.91,807.8,1.70,190882
2024-10-11T06:57:00.000Z,30.19,-15.93,807.8,1.70,190882
2024-10-11T06:58:00.000Z,30.11,-15.72,99999.9,999.99,9999999.0
2024-10-11T06:59:00.000Z,30.19,-15.68,769.6,2.15,406108
2024-10-11T07:00:00.000Z,30.13,-14.91,769.6,2.15,406108
2024-10-11T07:01:00.000Z,30.11,-15.54,99999.9,999.99,9999999.0
2024-10-11T07:02:00.000Z,30.03,-16.77,775.5,2.68,299422
2024-10-11T07:03:00.000Z,30.18,-17.04,775.5,2.68,299422
2024-10-11T07:04:00.000Z,30.35,-18.18,775.5,2.68,299422
2024-10-11T07:05:00.000Z,30.34,-17.98,739.9,2.36,220834
2024-10-11T07:06:00.000Z,30.28,-18.71,739.6,2.47,174000
2024-10-11T07:07:00.000Z,30.21,-18.76,743.7,2.83,121534
2024-10-11T07:08:00.000Z,29.82,-18.64,743.7,2.83,121534
2024-10-11T07:09:00.000Z,29.08,-18.27,99999.9,999.99,9999999.0
2024-10-11T07:10:00.000Z,28.93,-18.02,727.1,4.01,250682
2024-10-11T07:11:00.000Z,28.78,-17.50,727.1,4.01,250682
2024-10-11T07:12:00.000Z,28.90,-17.22,733.7,3.64,250837
2024-10-11T07:13:00.000Z,28.62,-17.13,734.7,4.11,307944
2024-10-11T07:14:00.000Z,28.56,-18.11,732.2,5.20,292709
2024-10-11T07:15:00.000Z,28.26,-17.64,714.0,6.67,110574
2024-10-11T07:16:00.000Z,28.26,-18.16,702.7,6.87,113807
2024-10-11T07:17:00.000Z,28.31,-19.26,703.4,9.10,86308
2024-10-11T07:18:00.000Z,28.73,-16.04,703.4,9.10,86308
2024-10-11T07:19:00.000Z,28.81,-15.86,744.5,5.81,119859
2024-10-11T07:20:00.000Z,28.87,-17.47,744.5,5.81,119859
2024-10-11T07:21:00.000Z,28.80,-17.30,99999.9,999.99,9999999.0
2024-10-11T07:22:00.000Z,28.84,-16.18,735.4,4.50,97527
2024-10-11T07:23:00.000Z,28.90,-16.86,735.4,4.50,97527
2024-10-11T07:24:00.000Z,28.93,-18.24,718.8,5.54,190817
2024-10-11T07:25:00.000Z,29.01,-18.61,717.2,5.65,200098
2024-10-11T07:26:00.000Z,28.89,-18.31,99999.9,999.99,9999999.0
2024-10-11T07:27:00.000Z,28.98,-17.98,711.5,5.55,153253
2024-10-11T07:28:00.000Z,29.09,-15.09,711.5,5.55,153253
2024-10-11T07:29:00.000Z,29.44,-16.70,711.5,5.55,153253
2024-10-11T07:30:00.000Z,29.40,-16.75,714.3,4.60,100464
2024-10-11T07:31:00.000Z,29.48,-16.65,714.3,4.60,100464
2024-10-11T07:32:00.000Z,29.18,-20.54,730.8,6.16,95376
2024-10-11T07:33:00.000Z,29.10,-20.44,731.2,6.18,93656
2024-10-11T07:34:00.000Z,29.12,-20.32,727.9,6.15,79989
2024-10-11T07:35:00.000Z,29.12,-20.79,723.3,5.71,69469
2024-10-11T07:36:00.000Z,29.22,-20.12,718.8,6.22,86425
2024-10-11T07:37:00.000Z,29.78,-19.85,718.1,6.23,89164
2024-10-11T07:38:00.000Z,29.83,-19.96,721.0,5.31,89490
2024-10-11T07:39:00.000Z,29.83,-21.19,721.0,5.31,89490
2024-10-11T07:40:00.000Z,29.78,-20.01,721.0,5.31,89490
2024-10-11T07:41:00.000Z,29.78,-20.01,99999.9,999.99,9999999.0
2024-10-11T07:42:00.000Z,29.82,-20.40,99999.9,999.99,9999999.0
2024-10-11T07:43:00.000Z,29.79,-17.82,99999.9,999.99,9999999.0
2024-10-11T07:44:00.000Z,29.54,-16.52,99999.9,999.99,9999999.0
2024-10-11T07:45:00.000Z,29.40,-16.59,99999.9,999.99,9999999.0
2024-10-11T07:46:00.000Z,29.38,-17.82,99999.9,999.99,9999999.0
2024-10-11T07:47:00.000Z,29.29,-17.64,99999.9,999.99,9999999.0
2024-10-11T07:48:00.000Z,29.35,-17.66,700.3,5.80,122077
2024-10-11T07:49:00.000Z,29.43,-17.83,700.3,5.80,122077
2024-10-11T07:50:00.000Z,29.37,-18.25,99999.9,999.99,9999999.0
2024-10-11T07:51:00.000Z,29.44,-19.19,99999.9,999.99,9999999.0
2024-10-11T07:52:00.000Z,29.32,-16.58,99999.9,999.99,9999999.0
2024-10-11T07:53:00.000Z,28.87,-17.34,703.2,7.76,110206
2024-10-11T07:54:00.000Z,28.60,-19.76,703.1,7.75,108808
2024-10-11T07:55:00.000Z,28.56,-22.46,701.5,7.65,88654
2024-10-11T07:56:00.000Z,28.52,-22.64,698.8,7.29,84490
2024-10-11T07:57:00.000Z,28.24,-22.04,695.5,6.83,79413
2024-10-11T07:58:00.000Z,28.13,-21.83,695.5,6.83,79413
2024-10-11T07:59:00.000Z,28.10,-21.81,99999.9,999.99,9999999.0
2024-10-11T08:00:00.000Z,27.99,-21.85,99999.9,999.99,9999999.0
2024-10-11T08:01:00.000Z,27.78,-21.33,689.5,7.45,90517
2024-10-11T08:02:00.000Z,27.66,-20.17,689.5,7.45,90517
2024-10-11T08:03:00.000Z,27.66,-20.23,689.5,7.45,90517
2024-10-11T08:04:00.000Z,27.90,-21.81,695.7,6.62,63785
2024-10-11T08:05:00.000Z,27.67,-21.43,695.7,6.62,63785
2024-10-11T08:06:00.000Z,27.71,-21.33,707.2,6.75,83408
2024-10-11T08:07:00.000Z,27.75,-21.33,701.5,6.42,77402
2024-10-11T08:08:00.000Z,27.36,-21.71,701.8,6.08,74080
2024-10-11T08:09:00.000Z,27.19,-21.41,711.5,5.40,68382
2024-10-11T08:10:00.000Z,27.06,-21.12,99999.9,999.99,9999999.0
2024-10-11T08:11:00.000Z,27.04,-21.48,99999.9,999.99,9999999.0
2024-10-11T08:12:00.000Z,27.18,-21.45,711.6,6.68,54959
2024-10-11T08:13:00.000Z,27.35,-21.05,711.6,6.68,54959
2024-10-11T08:14:00.000Z,27.24,-21.32,99999.9,999.99,9999999.0
2024-10-11T08:15:00.000Z,26.81,-21.02,99999.9,999.99,9999999.0
2024-10-11T08:16:00.000Z,26.70,-21.12,704.0,5.26,58931
2024-10-11T08:17:00.000Z,26.76,-21.34,704.0,5.26,58926
2024-10-11T08:18:00.000Z,26.83,-21.62,705.5,5.46,50916
2024-10-11T08:19:00.000Z,26.65,-21.66,705.5,5.46,50916
2024-10-11T08:20:00.000Z,26.54,-21.49,706.4,4.20,53402
2024-10-11T08:21:00.000Z,26.54,-21.49,705.5,4.57,51405
2024-10-11T08:22:00.000Z,26.34,-19.92,703.4,5.17,50065
2024-10-11T08:23:00.000Z,26.16,-18.35,700.8,4.38,72415
2024-10-11T08:24:00.000Z,26.03,-18.10,700.8,4.38,72680
2024-10-11T08:25:00.000Z,25.98,-18.32,688.1,4.60,55325
2024-10-11T08:26:00.000Z,25.78,-18.68,688.1,4.60,55325
2024-10-11T08:27:00.000Z,25.60,-18.98,691.3,5.34,76998
2024-10-11T08:28:00.000Z,25.49,-18.25,691.3,5.34,77107
2024-10-11T08:29:00.000Z,25.41,-17.53,685.7,4.34,79940
2024-10-11T08:30:00.000Z,25.18,-17.56,686.5,5.11,85643
2024-10-11T08:31:00.000Z,25.44,-17.87,687.3,5.96,91879
2024-10-11T08:32:00.000Z,25.37,-18.01,681.3,5.48,65222
2024-10-11T08:33:00.000Z,25.52,-17.94,681.3,5.48,65207
2024-10-11T08:34:00.000Z,25.45,-17.66,679.0,5.24,79457
2024-10-11T08:35:00.000Z,25.35,-18.00,682.3,5.17,79666
2024-10-11T08:36:00.000Z,25.31,-19.07,690.3,4.99,79606
2024-10-11T08:37:00.000Z,24.94,-18.83,692.7,4.86,73223
2024-10-11T08:38:00.000Z,25.22,-18.93,693.4,5.25,94057
2024-10-11T08:39:00.000Z,25.63,-19.08,693.4,5.28,95498
2024-10-11T08:40:00.000Z,25.42,-18.67,99999.9,999.99,9999999.0
2024-10-11T08:41:00.000Z,25.53,-17.94,695.0,3.81,67977
2024-10-11T08:42:00.000Z,25.59,-18.30,695.0,3.81,67977
2024-10-11T08:43:00.000Z,25.39,-18.83,695.5,4.09,72177
2024-10-11T08:44:00.000Z,25.46,-19.31,695.5,4.08,71307
2024-10-11T08:45:00.000Z,25.38,-18.64,694.9,3.92,61527
2024-10-11T08:46:00.000Z,25.27,-19.04,696.5,3.76,67156
2024-10-11T08:47:00.000Z,25.18,-19.06,697.0,3.71,68872
2024-10-11T08:48:00.000Z,25.10,-18.97,99999.9,999.99,9999999.0
2024-10-11T08:49:00.000Z,25.04,-19.09,716.0,3.92,74197
2024-10-11T08:50:00.000Z,24.99,-19.12,716.0,3.92,74197
2024-10-11T08:51:00.000Z,24.69,-18.90,706.1,3.64,60580
2024-10-11T08:52:00.000Z,24.19,-18.77,702.0,3.83,58557
2024-10-11T08:53:00.000Z,24.13,-18.71,698.3,4.43,58748
2024-10-11T08:54:00.000Z,23.87,-19.02,705.6,4.35,54207
2024-10-11T08:55:00.000Z,23.85,-18.71,697.5,4.87,59293
2024-10-11T08:56:00.000Z,23.99,-19.02,714.9,4.76,59304
2024-10-11T08:57:00.000Z,23.93,-18.79,719.1,4.57,55928
2024-10-11T08:58:00.000Z,23.86,-18.27,721.3,4.13,54440
2024-10-11T08:59:00.000Z,23.71,-18.09,99999.9,999.99,9999999.0
2024-10-11T09:00:00.000Z,22.95,-16.09,99999.9,999.99,9999999.0
2024-10-11T09:01:00.000Z,22.65,-15.77,99999.9,999.99,9999999.0
2024-10-11T09:02:00.000Z,23.04,-17.81,726.0,6.23,88284
2024-10-11T09:03:00.000Z,22.60,-19.28,726.0,6.23,88284
2024-10-11T09:04:00.000Z,22.72,-19.59,723.1,6.42,86163
2024-10-11T09:05:00.000Z,22.67,-18.73,723.0,6.43,86079
2024-10-11T09:06:00.000Z,22.64,-17.67,718.4,7.28,71635
2024-10-11T09:07:00.000Z,22.67,-18.04,718.4,7.23,72991
2024-10-11T09:08:00.000Z,22.71,-18.43,718.3,7.06,77930
2024-10-11T09:09:00.000Z,22.53,-18.60,718.3,7.06,77930
2024-10-11T09:10:00.000Z,22.50,-18.63,99999.9,999.99,9999999.0
2024-10-11T09:11:00.000Z,22.83,-19.08,712.6,7.19,72680
2024-10-11T09:12:00.000Z,22.56,-19.04,712.6,7.19,72680
2024-10-11T09:13:00.000Z,22.52,-19.52,712.6,7.19,72680
2024-10-11T09:14:00.000Z,22.83,-19.87,704.6,7.44,98062
2024-10-11T09:15:00.000Z,22.96,-20.17,704.6,7.44,98062
2024-10-11T09:16:00.000Z,22.86,-20.50,699.9,7.29,67734
2024-10-11T09:17:00.000Z,22.42,-20.58,699.4,7.27,69397
2024-10-11T09:18:00.000Z,22.39,-20.79,688.3,6.81,108406
2024-10-11T09:19:00.000Z,22.33,-20.89,684.4,6.67,104888
2024-10-11T09:20:00.000Z,22.30,-20.67,681.9,6.57,102595
2024-10-11T09:21:00.000Z,22.32,-20.62,685.9,6.48,83694
2024-10-11T09:22:00.000Z,22.30,-20.49,685.9,6.48,83542
2024-10-11T09:23:00.000Z,22.21,-20.64,683.7,6.84,81354
2024-10-11T09:24:00.000Z,22.27,-20.98,683.7,6.84,81354
2024-10-11T09:25:00.000Z,22.14,-20.60,99999.9,999.99,9999999.0
2024-10-11T09:26:00.000Z,22.19,-20.61,679.5,7.03,87408
2024-10-11T09:27:00.000Z,22.21,-20.24,679.5,7.03,87408
2024-10-11T09:28:00.000Z,22.32,-20.37,99999.9,999.99,9999999.0
2024-10-11T09:29:00.000Z,22.21,-20.68,667.8,6.11,53835
2024-10-11T09:30:00.000Z,22.26,-20.41,667.8,6.11,53835
2024-10-11T09:31:00.000Z,22.17,-19.66,672.2,6.23,48420
2024-10-11T09:32:00.000Z,21.88,-19.96,672.9,6.25,47500
2024-10-11T09:33:00.000Z,21.57,-19.76,658.3,8.22,97770
2024-10-11T09:34:00.000Z,21.58,-19.82,658.2,8.26,95985
2024-10-11T09:35:00.000Z,20.07,-18.34,656.2,9.10,63747
2024-10-11T09:36:00.000Z,19.51,-17.52,645.5,8.42,109440
2024-10-11T09:37:00.000Z,19.47,-17.45,647.4,10.45,89522
2024-10-11T09:38:00.000Z,19.59,-17.40,633.8,11.43,105532
2024-10-11T09:39:00.000Z,19.35,-16.99,626.1,9.95,119519
2024-10-11T09:40:00.000Z,20.90,-15.08,643.0,8.88,108720
2024-10-11T09:41:00.000Z,20.37,-9.35,689.2,6.54,91502
2024-10-11T09:42:00.000Z,21.63,-10.68,689.2,6.54,91502
2024-10-11T09:43:00.000Z,22.02,-8.26,714.6,7.61,60062
2024-10-11T09:44:00.000Z,21.91,-2.94,714.7,7.89,54013
2024-10-11T09:45:00.000Z,21.95,-1.98,711.9,8.48,49799
2024-10-11T09:46:00.000Z,22.33,-0.71,710.9,8.98,57266
2024-10-11T09:47:00.000Z,22.39,-2.15,710.9,8.98,57281
2024-10-11T09:48:00.000Z,22.45,-4.34,99999.9,999.99,9999999.0
2024-10-11T09:49:00.000Z,22.02,-3.71,699.8,8.09,55325
2024-10-11T09:50:00.000Z,21.55,-4.12,699.8,8.09,55325
2024-10-11T09:51:00.000Z,21.59,-6.37,696.5,7.98,63129
2024-10-11T09:52:00.000Z,21.35,-3.04,695.9,7.96,64466
2024-10-11T09:53:00.000Z,21.36,-0.37,696.8,8.24,50986
2024-10-11T09:54:00.000Z,21.52,0.54,696.8,8.24,50986
2024-10-11T09:55:00.000Z,21.30,0.46,697.3,7.48,65088
2024-10-11T09:56:00.000Z,21.02,1.08,697.3,7.48,65088
2024-10-11T09:57:00.000Z,20.26,3.00,696.8,7.29,61296
2024-10-11T09:58:00.000Z,20.77,5.46,688.2,7.66,60211
2024-10-11T09:59:00.000Z,20.87,4.98,678.4,8.10,58969
2024-10-11T10:00:00.000Z,20.66,2.86,99999.9,999.99,9999999.0
2024-10-11T10:01:00.000Z,20.52,3.43,683.8,6.20,64771
2024-10-11T10:02:00.000Z,20.43,2.58,683.8,6.20,64771
2024-10-11T10:03:00.000Z,20.77,-5.34,743.1,9.61,58216
2024-10-11T10:04:00.000Z,20.97,-5.88,744.5,9.69,58066
2024-10-11T10:05:00.000Z,20.80,-4.73,745.6,10.11,54414
2024-10-11T10:06:00.000Z,21.00,-2.15,745.6,10.11,54414
2024-10-11T10:07:00.000Z,21.05,-4.93,745.6,10.11,54414
2024-10-11T10:08:00.000Z,21.33,-3.84,734.3,11.64,64376
2024-10-11T10:09:00.000Z,20.95,-4.26,734.3,11.64,64376
2024-10-11T10:10:00.000Z,20.25,-4.32,734.0,11.26,65923
2024-10-11T10:11:00.000Z,20.61,-5.69,733.2,10.10,70598
2024-10-11T10:12:00.000Z,20.74,-6.59,732.6,10.39,63484
2024-10-11T10:13:00.000Z,21.33,-6.78,732.1,10.65,57244
2024-10-11T10:14:00.000Z,20.87,-5.37,736.8,10.12,58490
2024-10-11T10:15:00.000Z,21.03,-2.29,738.6,9.96,74915
2024-10-11T10:16:00.000Z,21.15,-1.95,741.4,9.71,101651
2024-10-11T10:17:00.000Z,21.46,-2.18,732.9,9.95,73816
2024-10-11T10:18:00.000Z,21.64,-2.68,732.9,9.95,73816
2024-10-11T10:19:00.000Z,21.98,-3.52,732.9,10.41,69486
2024-10-11T10:20:00.000Z,21.74,-3.58,732.9,10.41,69486
2024-10-11T10:21:00.000Z,22.17,-4.40,729.8,11.41,74517
2024-10-11T10:22:00.000Z,22.13,-4.14,729.5,11.49,74919
2024-10-11T10:23:00.000Z,22.32,-3.71,740.1,10.32,73053
2024-10-11T10:24:00.000Z,22.21,-3.53,743.9,9.90,72386
2024-10-11T10:25:00.000Z,22.27,-3.86,734.6,9.49,68569
2024-10-11T10:26:00.000Z,22.52,-3.78,733.1,9.47,68035
2024-10-11T10:27:00.000Z,22.42,-3.91,725.7,9.67,66004
2024-10-11T10:28:00.000Z,22.17,-3.39,725.7,9.67,66004
2024-10-11T10:29:00.000Z,21.68,-2.99,727.4,10.56,69527
2024-10-11T10:30:00.000Z,21.37,-3.54,728.9,10.38,68464
2024-10-11T10:31:00.000Z,21.99,-3.74,729.9,10.27,67815
2024-10-11T10:32:00.000Z,21.37,-4.12,729.6,10.54,65009
2024-10-11T10:33:00.000Z,21.70,-4.73,729.6,10.54,65009
2024-10-11T10:34:00.000Z,22.02,-5.45,722.6,9.49,84489
2024-10-11T10:35:00.000Z,22.69,-5.18,722.6,9.49,84489
2024-10-11T10:36:00.000Z,22.06,-4.04,722.7,9.50,84212
2024-10-11T10:37:00.000Z,14.98,-0.62,735.2,7.67,48882
2024-10-11T10:38:00.000Z,14.40,-0.84,738.9,6.73,39733
2024-10-11T10:39:00.000Z,14.70,-0.94,750.4,4.20,24858
2024-10-11T10:40:00.000Z,18.21,-3.79,735.8,7.26,41592
2024-10-11T10:41:00.000Z,18.36,-4.36,726.2,8.02,48810
2024-10-11T10:42:00.000Z,12.70,0.67,726.1,8.02,65452
2024-10-11T10:43:00.000Z,12.74,0.05,745.9,4.87,20751
2024-10-11T10:44:00.000Z,12.70,-0.23,745.2,4.03,21489
2024-10-11T10:45:00.000Z,12.29,-0.01,745.1,3.97,21543
2024-10-11T10:46:00.000Z,11.97,0.24,745.1,3.97,21543
2024-10-11T10:47:00.000Z,11.93,0.66,752.9,7.16,22210
2024-10-11T10:48:00.000Z,11.98,1.23,752.9,7.16,22210
2024-10-11T10:49:00.000Z,11.81,0.97,753.5,7.22,22026
2024-10-11T10:50:00.000Z,11.76,1.19,753.6,7.23,22002
2024-10-11T10:51:00.000Z,11.61,0.68,754.7,7.46,22864
2024-10-11T10:52:00.000Z,11.53,0.50,754.7,7.45,22878
2024-10-11T10:53:00.000Z,11.47,0.16,754.1,6.68,23718
2024-10-11T10:54:00.000Z,11.55,0.66,753.9,6.80,23637
2024-10-11T10:55:00.000Z,11.57,0.87,753.2,7.36,23289
2024-10-11T10:56:00.000Z,11.51,0.83,753.6,6.65,24713
2024-10-11T10:57:00.000Z,11.49,0.64,753.8,6.30,25400
2024-10-11T10:58:00.000Z,11.51,0.55,753.2,6.24,23470
2024-10-11T10:59:00.000Z,11.50,0.18,753.1,6.24,23382
2024-10-11T11:00:00.000Z,11.39,0.27,750.6,6.26,21664
2024-10-11T11:01:00.000Z,11.23,0.68,748.2,6.39,21437
2024-10-11T11:02:00.000Z,11.25,0.61,747.9,6.41,21406
2024-10-11T11:03:00.000Z,11.20,0.51,99999.9,999.99,9999999.0
2024-10-11T11:04:00.000Z,11.21,0.56,99999.9,999.99,9999999.0
2024-10-11T11:05:00.000Z,11.21,0.70,752.3,5.55,29309
2024-10-11T11:06:00.000Z,11.29,0.66,752.3,5.54,28911
2024-10-11T11:07:00.000Z,11.16,0.76,750.0,5.58,22516
2024-10-11T11:08:00.000Z,11.13,1.08,748.0,5.77,22289
2024-10-11T11:09:00.000Z,11.13,1.13,745.8,6.02,22094
2024-10-11T11:10:00.000Z,11.13,1.25,747.7,6.32,21920
2024-10-11T11:11:00.000Z,11.08,1.27,748.8,6.51,21818
2024-10-11T11:12:00.000Z,11.15,1.48,748.5,6.75,22251
2024-10-11T11:13:00.000Z,11.24,1.37,748.3,6.87,22489
2024-10-11T11:14:00.000Z,11.29,1.34,747.7,6.18,20908
2024-10-11T11:15:00.000Z,11.34,2.15,747.7,6.17,20860
2024-10-11T11:16:00.000Z,11.51,1.08,747.7,6.40,19385
2024-10-11T11:17:00.000Z,11.49,0.72,747.7,6.27,19638
2024-10-11T11:18:00.000Z,11.27,0.30,747.8,5.96,20261
2024-10-11T11:19:00.000Z,11.25,1.19,747.8,5.96,20261
2024-10-11T11:20:00.000Z,11.24,1.57,99999.9,999.99,9999999.0
2024-10-11T11:21:00.000Z,11.22,0.72,740.1,5.48,32479
2024-10-11T11:22:00.000Z,11.24,3.42,740.6,5.45,32283
2024-10-11T11:23:00.000Z,11.10,4.40,744.7,5.21,30764
2024-10-11T11:24:00.000Z,11.08,4.73,744.7,5.21,30764
2024-10-11T11:25:00.000Z,11.03,4.88,750.8,4.81,34241
2024-10-11T11:26:00.000Z,10.95,4.32,746.7,4.83,36549
2024-10-11T11:27:00.000Z,11.05,5.21,746.9,4.71,31373
2024-10-11T11:28:00.000Z,11.03,4.78,750.2,4.79,27561
2024-10-11T11:29:00.000Z,11.18,0.89,752.7,5.15,28253
2024-10-11T11:30:00.000Z,11.30,1.51,752.7,5.15,28253
2024-10-11T11:31:00.000Z,11.27,1.28,99999.9,999.99,9999999.0
2024-10-11T11:32:00.000Z,11.21,1.53,737.5,6.20,19057
2024-10-11T11:33:00.000Z,10.85,3.69,740.3,6.18,20762
2024-10-11T11:34:00.000Z,10.78,3.00,743.0,6.37,23448
2024-10-11T11:35:00.000Z,10.70,3.31,743.4,6.52,24418
2024-10-11T11:36:00.000Z,10.81,2.73,743.4,6.52,24418
2024-10-11T11:37:00.000Z,11.04,3.03,742.8,5.82,20394
2024-10-11T11:38:00.000Z,11.02,2.16,742.8,5.82,20394
2024-10-11T11:39:00.000Z,11.19,1.95,742.8,5.82,20394
2024-10-11T11:40:00.000Z,11.21,1.95,732.2,4.06,23694
2024-10-11T11:41:00.000Z,11.14,2.38,733.1,4.12,22884
2024-10-11T11:42:00.000Z,10.94,2.03,736.3,4.34,20137
2024-10-11T11:43:00.000Z,10.89,1.73,722.2,3.58,18868
2024-10-11T11:44:00.000Z,10.89,1.78,722.2,3.58,18868
2024-10-11T11:45:00.000Z,10.83,2.40,722.2,3.58,18868
2024-10-11T11:46:00.000Z,10.79,2.31,727.5,3.68,19799
2024-10-11T11:47:00.000Z,10.74,1.97,727.5,3.68,19799
2024-10-11T11:48:00.000Z,10.80,1.89,725.9,3.57,18592
2024-10-11T11:49:00.000Z,10.75,1.78,726.0,3.57,18661
2024-10-11T11:50:00.000Z,10.62,2.17,723.6,4.35,19380
2024-10-11T11:51:00.000Z,10.63,2.61,720.8,5.07,19246
2024-10-11T11:52:00.000Z,10.59,2.81,720.2,5.16,17857
2024-10-11T11:53:00.000Z,10.58,3.09,720.2,5.16,17857
2024-10-11T11:54:00.000Z,10.61,2.80,722.0,5.83,24694
2024-10-11T11:55:00.000Z,10.61,2.85,721.9,4.97,19694
2024-10-11T11:56:00.000Z,10.59,2.83,721.9,4.52,17076
2024-10-11T11:57:00.000Z,10.56,2.98,719.4,4.34,16712
2024-10-11T11:58:00.000Z,10.52,2.98,719.5,4.45,16942
2024-10-11T11:59:00.000Z,10.51,3.18,719.8,4.68,17361
2024-10-11T12:00:00.000Z,10.46,3.23,719.8,4.68,17361
2024-10-11T12:01:00.000Z,10.37,3.26,99999.9,999.99,9999999.0
2024-10-11T12:02:00.000Z,10.45,3.17,723.8,4.27,19040
2024-10-11T12:03:00.000Z,10.47,3.02,723.8,4.31,19027
2024-10-11T12:04:00.000Z,10.52,2.84,723.5,5.03,18761
2024-10-11T12:05:00.000Z,10.60,3.07,720.1,4.52,18986
2024-10-11T12:06:00.000Z,10.57,2.27,719.7,4.44,19018
2024-10-11T12:07:00.000Z,10.55,2.49,99999.9,999.99,9999999.0
2024-10-11T12:08:00.000Z,10.52,2.78,99999.9,999.99,9999999.0
2024-10-11T12:09:00.000Z,10.54,2.98,719.8,4.53,17443
2024-10-11T12:10:00.000Z,10.56,3.16,719.8,4.53,17443
2024-10-11T12:11:00.000Z,10.59,3.61,99999.9,999.99,9999999.0
2024-10-11T12:12:00.000Z,10.58,4.07,721.3,3.92,20084
2024-10-11T12:13:00.000Z,10.60,3.92,721.3,3.92,20084
2024-10-11T12:14:00.000Z,10.54,3.84,99999.9,999.99,9999999.0
2024-10-11T12:15:00.000Z,10.54,3.90,720.7,3.36,18911
2024-10-11T12:16:00.000Z,10.16,2.50,722.2,3.28,25409
2024-10-11T12:17:00.000Z,10.16,2.56,728.2,2.86,51165
2024-10-11T12:18:00.000Z,10.21,2.33,723.3,2.27,37846
2024-10-11T12:19:00.000Z,10.33,3.04,722.7,3.10,27316
2024-10-11T12:20:00.000Z,10.41,3.83,724.2,2.95,30165
2024-10-11T12:21:00.000Z,10.27,2.85,99999.9,999.99,9999999.0
2024-10-11T12:22:00.000Z,9.94,2.02,99999.9,999.99,9999999.0
2024-10-11T12:23:00.000Z,10.02,2.46,732.3,3.12,39402
2024-10-11T12:24:00.000Z,9.91,1.38,736.3,3.27,40341
2024-10-11T12:25:00.000Z,10.13,1.73,737.6,3.31,42010
2024-10-11T12:26:00.000Z,9.98,-3.16,723.6,2.67,32959
2024-10-11T12:27:00.000Z,9.99,-8.63,767.1,3.55,34645
2024-10-11T12:28:00.000Z,10.11,-8.59,767.1,3.55,34645
2024-10-11T12:29:00.000Z,10.07,-8.66,772.3,3.68,35578
2024-10-11T12:30:00.000Z,10.10,-8.47,769.2,3.86,40367
2024-10-11T12:31:00.000Z,10.18,-9.25,767.1,3.99,43513
2024-10-11T12:32:00.000Z,10.27,-9.38,775.9,3.73,40975
2024-10-11T12:33:00.000Z,10.29,-9.38,773.5,3.89,39460
2024-10-11T12:34:00.000Z,10.16,-8.59,771.7,4.30,43868
2024-10-11T12:35:00.000Z,10.11,-7.47,764.0,4.40,50113
2024-10-11T12:36:00.000Z,10.01,-6.44,752.0,4.40,44958
2024-10-11T12:37:00.000Z,10.06,-5.28,748.8,4.39,43778
2024-10-11T12:38:00.000Z,10.14,-5.59,743.8,4.13,52045
2024-10-11T12:39:00.000Z,10.15,-5.35,743.8,3.83,51316
2024-10-11T12:40:00.000Z,10.16,-5.57,743.8,3.75,51126
2024-10-11T12:41:00.000Z,10.19,-5.71,744.5,3.89,54741
2024-10-11T12:42:00.000Z,10.18,-5.71,744.5,3.89,54741
2024-10-11T12:43:00.000Z,10.16,-5.35,742.1,3.62,50321
2024-10-11T12:44:00.000Z,10.11,-5.14,742.0,3.65,55725
2024-10-11T12:45:00.000Z,10.08,-5.24,741.9,3.67,60451
2024-10-11T12:46:00.000Z,10.09,-5.00,743.1,3.79,56761
2024-10-11T12:47:00.000Z,10.01,-5.50,740.3,3.81,50960
2024-10-11T12:48:00.000Z,10.02,-5.90,738.6,3.82,47500
2024-10-11T12:49:00.000Z,10.00,-5.71,744.6,3.83,50670
2024-10-11T12:50:00.000Z,10.03,-5.60,744.6,3.83,50670
2024-10-11T12:51:00.000Z,9.95,-5.26,745.4,3.83,50444
2024-10-11T12:52:00.000Z,9.96,-4.95,745.6,3.83,50390
2024-10-11T12:53:00.000Z,9.95,-4.66,741.7,3.70,57002
2024-10-11T12:54:00.000Z,9.94,-4.80,743.1,3.71,53103
2024-10-11T12:55:00.000Z,9.97,-4.78,743.8,3.72,51091
2024-10-11T12:56:00.000Z,9.93,-5.07,99999.9,999.99,9999999.0
2024-10-11T12:57:00.000Z,9.92,-4.10,741.8,3.66,50286
2024-10-11T12:58:00.000Z,9.90,-4.74,741.8,3.66,50286
2024-10-11T12:59:00.000Z,9.85,-5.14,740.7,4.05,51849
2024-10-11T13:00:00.000Z,9.88,-4.43,739.3,4.03,50509
2024-10-11T13:01:00.000Z,9.89,-3.80,99999.9,999.99,9999999.0
2024-10-11T13:02:00.000Z,9.92,-3.90,99999.9,999.99,9999999.0
2024-10-11T13:03:00.000Z,9.86,-2.95,734.0,4.58,47568
2024-10-11T13:04:00.000Z,9.90,-3.22,734.0,4.58,47568
2024-10-11T13:05:00.000Z,9.93,-3.44,736.1,4.45,47599
2024-10-11T13:06:00.000Z,9.84,-1.46,735.1,4.39,55983
2024-10-11T13:07:00.000Z,9.82,-4.26,734.9,4.00,45746
2024-10-11T13:08:00.000Z,9.69,-5.88,744.7,5.03,57803
2024-10-11T13:09:00.000Z,9.71,-4.74,744.6,5.02,57769
2024-10-11T13:10:00.000Z,9.71,-2.02,743.9,4.77,57355
2024-10-11T13:11:00.000Z,9.68,-2.13,743.9,4.77,57355
2024-10-11T13:12:00.000Z,9.80,-2.86,730.4,3.72,83452
2024-10-11T13:13:00.000Z,9.79,-2.80,730.4,3.72,83452
2024-10-11T13:14:00.000Z,9.76,-2.24,731.7,3.77,81474
2024-10-11T13:15:00.000Z,9.74,-2.98,732.6,3.81,80160
2024-10-11T13:16:00.000Z,9.75,-4.76,735.1,3.79,69082
2024-10-11T13:17:00.000Z,9.67,-7.23,735.5,4.09,63462
2024-10-11T13:18:00.000Z,9.61,-7.66,736.4,5.03,47161
2024-10-11T13:19:00.000Z,9.62,-7.62,736.4,5.03,47161
2024-10-11T13:20:00.000Z,9.65,-7.89,736.8,4.67,36940
2024-10-11T13:21:00.000Z,9.61,-5.89,736.8,4.67,36940
2024-10-11T13:22:00.000Z,9.44,-5.07,99999.9,999.99,9999999.0
2024-10-11T13:23:00.000Z,9.49,-4.30,99999.9,999.99,9999999.0
2024-10-11T13:24:00.000Z,9.48,-5.01,734.4,5.29,68261
2024-10-11T13:25:00.000Z,9.50,-4.50,734.4,5.29,68261
2024-10-11T13:26:00.000Z,9.52,-4.25,734.4,5.29,68261
2024-10-11T13:27:00.000Z,9.51,-4.64,722.7,4.54,49314
2024-10-11T13:28:00.000Z,9.51,-4.89,722.7,4.54,49314
2024-10-11T13:29:00.000Z,9.51,-5.33,733.2,5.57,59044
2024-10-11T13:30:00.000Z,9.13,-3.96,733.2,5.57,59044
2024-10-11T13:31:00.000Z,9.04,-1.86,724.4,6.29,55948
2024-10-11T13:32:00.000Z,8.99,-2.79,724.3,6.29,55879
2024-10-11T13:33:00.000Z,9.02,-3.73,719.9,6.44,53762
2024-10-11T13:34:00.000Z,9.04,-3.66,718.5,6.24,49735
2024-10-11T13:35:00.000Z,8.99,-3.59,715.5,5.79,41067
2024-10-11T13:36:00.000Z,8.96,-2.51,721.2,6.36,56647
2024-10-11T13:37:00.000Z,8.97,-1.79,721.5,6.77,58829
2024-10-11T13:38:00.000Z,8.93,-0.70,721.4,7.06,59529
2024-10-11T13:39:00.000Z,8.98,-0.41,722.3,7.92,55105
2024-10-11T13:40:00.000Z,9.07,0.08,722.2,7.66,54812
2024-10-11T13:41:00.000Z,9.14,-1.64,722.2,7.60,54741
2024-10-11T13:42:00.000Z,9.13,-1.28,715.9,7.11,72219
2024-10-11T13:43:00.000Z,9.11,-1.28,715.9,7.11,72219
2024-10-11T13:44:00.000Z,9.06,-1.70,720.3,8.36,53115
2024-10-11T13:45:00.000Z,9.05,-1.43,720.3,8.36,53115
2024-10-11T13:46:00.000Z,9.12,-2.45,722.3,9.49,49487
2024-10-11T13:47:00.000Z,8.98,0.65,722.3,9.49,49487
2024-10-11T13:48:00.000Z,9.08,1.18,721.8,9.15,51479
2024-10-11T13:49:00.000Z,9.30,0.01,721.2,9.05,50933
2024-10-11T13:50:00.000Z,9.35,0.62,719.4,8.73,49141
2024-10-11T13:51:00.000Z,9.38,0.70,719.4,8.73,49141
2024-10-11T13:52:00.000Z,9999.99,9999.99,99999.9,999.99,9999999.0
2024-10-11T13:53:00.000Z,9.40,1.03,99999.9,999.99,9999999.0
2024-10-11T13:54:00.000Z,9999.99,9999.99,99999.9,999.99,9999999.0
2024-10-11T13:55:00.000Z,9.42,1.21,715.6,7.01,39495
2024-10-11T13:56:00.000Z,9.43,1.11,715.6,7.01,39495
2024-10-11T13:57:00.000Z,9.45,1.26,715.6,7.04,39758
2024-10-11T13:58:00.000Z,9.47,1.35,716.1,8.00,48078
2024-10-11T13:59:00.000Z,9.43,1.76,716.1,8.00,48078
2024-10-11T14:00:00.000Z,9.39,2.15,718.1,7.91,52793
2024-10-11T14:01:00.000Z,9.47,0.86,717.9,7.81,54255
2024-10-11T14:02:00.000Z,9.84,-1.99,716.0,7.04,65247
2024-10-11T14:03:00.000Z,10.00,-2.62,716.0,7.04,65247
2024-10-11T14:04:00.000Z,9.96,-2.09,720.5,5.28,59765
2024-10-11T14:05:00.000Z,9.93,-1.72,720.5,5.28,59765
2024-10-11T14:06:00.000Z,9.94,-2.30,726.0,5.57,62379
2024-10-11T14:07:00.000Z,9.93,-2.39,726.0,5.57,62379
2024-10-11T14:08:00.000Z,9.91,-2.65,723.5,5.42,55508
2024-10-11T14:09:00.000Z,9.92,-2.70,723.5,5.42,55508
2024-10-11T14:10:00.000Z,9.89,-2.01,721.2,5.54,52329
2024-10-11T14:11:00.000Z,9.79,-1.89,721.2,5.54,52329
2024-10-11T14:12:00.000Z,9.65,-1.71,717.4,6.62,51762
2024-10-11T14:13:00.000Z,9.69,-1.27,716.9,5.97,54860
2024-10-11T14:14:00.000Z,9.65,-1.00,716.6,5.49,57008
2024-10-11T14:15:00.000Z,9.66,-0.74,717.3,5.79,54850
2024-10-11T14:16:00.000Z,9.75,-0.88,714.3,5.40,55321
2024-10-11T14:17:00.000Z,9.77,-0.50,714.3,5.48,54854
2024-10-11T14:18:00.000Z,9.78,0.10,714.4,5.59,54414
2024-10-11T14:19:00.000Z,9.80,-0.05,713.4,5.36,59120
2024-10-11T14:20:00.000Z,9.80,1.17,713.4,5.36,59120
2024-10-11T14:21:00.000Z,9.81,0.34,99999.9,999.99,9999999.0
2024-10-11T14:22:00.000Z,9.85,0.43,714.4,5.98,46959
2024-10-11T14:23:00.000Z,9.91,0.68,714.4,5.98,46959
2024-10-11T14:24:00.000Z,9.89,0.57,715.6,4.97,55188
2024-10-11T14:25:00.000Z,9.92,0.56,715.7,4.88,55875
2024-10-11T14:26:00.000Z,9.83,-0.22,712.9,5.23,60643
2024-10-11T14:27:00.000Z,9.92,0.11,712.9,5.23,60643
2024-10-11T14:28:00.000Z,9.91,0.34,711.7,5.28,51264
2024-10-11T14:29:00.000Z,9.90,0.62,711.7,5.28,51021
2024-10-11T14:30:00.000Z,9.99,1.06,716.0,4.83,60222
2024-10-11T14:31:00.000Z,10.07,1.03,716.4,4.71,58717
2024-10-11T14:32:00.000Z,10.11,1.33,717.3,4.47,55398
2024-10-11T14:33:00.000Z,10.11,1.62,718.2,5.17,40448
2024-10-11T14:34:00.000Z,10.15,1.14,718.3,5.25,38787
2024-10-11T14:35:00.000Z,10.14,0.78,716.1,4.82,43467
2024-10-11T14:36:00.000Z,10.18,0.94,715.9,4.77,43974
2024-10-11T14:37:00.000Z,10.11,2.37,712.9,4.94,57589
2024-10-11T14:38:00.000Z,9.98,3.09,710.2,4.96,63613
2024-10-11T14:39:00.000Z,10.00,3.28,709.7,4.65,62477
2024-10-11T14:40:00.000Z,10.01,2.80,710.8,4.65,57710
2024-10-11T14:41:00.000Z,10.30,2.16,712.7,5.07,48969
2024-10-11T14:42:00.000Z,10.22,2.05,719.8,4.76,39849
2024-10-11T14:43:00.000Z,10.30,1.91,720.1,4.73,39525
2024-10-11T14:44:00.000Z,10.25,3.47,714.3,4.09,40482
2024-10-11T14:45:00.000Z,10.23,4.06,716.1,4.51,38339
2024-10-11T14:46:00.000Z,10.16,3.84,716.7,4.69,42043
2024-10-11T14:47:00.000Z,10.20,1.98,710.1,3.75,59844
2024-10-11T14:48:00.000Z,10.32,2.19,704.7,3.61,73482
2024-10-11T14:49:00.000Z,10.35,2.30,701.8,3.17,85762
2024-10-11T14:50:00.000Z,10.38,1.93,694.0,2.87,70832
2024-10-11T14:51:00.000Z,10.40,1.80,698.5,2.93,90337
2024-10-11T14:52:00.000Z,10.41,1.34,694.5,2.91,72066
2024-10-11T14:53:00.000Z,10.49,1.45,697.9,2.61,63841
2024-10-11T14:54:00.000Z,10.20,3.34,702.1,2.53,61611
2024-10-11T14:55:00.000Z,10.15,3.33,703.8,4.92,55728
2024-10-11T14:56:00.000Z,10.17,2.54,703.8,4.92,55728
2024-10-11T14:57:00.000Z,10.21,2.86,685.9,4.85,50251
2024-10-11T14:58:00.000Z,10.24,2.95,685.9,4.85,50251
2024-10-11T14:59:00.000Z,10.26,2.94,685.9,4.73,74622
2024-10-11T15:00:00.000Z,10.27,3.01,685.9,4.73,74622
2024-10-11T15:01:00.000Z,10.29,3.17,683.8,4.69,48960
2024-10-11T15:02:00.000Z,10.32,2.91,684.2,4.72,49375
2024-10-11T15:03:00.000Z,10.17,2.17,689.8,5.22,57505
2024-10-11T15:04:00.000Z,10.15,2.06,689.3,5.23,57808
2024-10-11T15:05:00.000Z,10.16,2.35,683.0,5.39,61296
2024-10-11T15:06:00.000Z,10.18,2.59,686.4,5.31,55484
2024-10-11T15:07:00.000Z,10.08,2.68,688.7,5.25,51479
2024-10-11T15:08:00.000Z,10.05,2.61,692.6,5.59,58993
2024-10-11T15:09:00.000Z,10.08,2.61,692.6,5.59,59006
2024-10-11T15:10:00.000Z,10.16,2.50,686.7,5.23,52365
2024-10-11T15:11:00.000Z,10.13,2.35,686.7,5.23,52365
2024-10-11T15:12:00.000Z,10.03,2.45,684.5,5.37,54743
2024-10-11T15:13:00.000Z,10.00,2.32,684.4,5.37,54814
2024-10-11T15:14:00.000Z,10.05,2.26,683.2,5.32,57072
2024-10-11T15:15:00.000Z,10.03,2.05,681.9,5.27,59385
2024-10-11T15:16:00.000Z,10.07,2.12,681.9,5.27,59385
2024-10-11T15:17:00.000Z,10.19,2.25,682.8,4.75,83948
2024-10-11T15:18:00.000Z,10.18,1.89,682.6,4.70,80189
2024-10-11T15:19:00.000Z,10.06,2.16,680.8,4.32,51514
2024-10-11T15:20:00.000Z,9.93,2.34,680.9,4.97,58274
2024-10-11T15:21:00.000Z,10.05,2.21,680.9,5.46,63432
2024-10-11T15:22:00.000Z,10.11,2.18,678.4,4.37,46216
2024-10-11T15:23:00.000Z,10.17,2.02,677.7,4.05,41182
2024-10-11T15:24:00.000Z,10.18,1.97,680.6,4.48,54543
2024-10-11T15:25:00.000Z,9.98,2.32,680.7,4.50,55069
2024-10-11T15:26:00.000Z,9.87,2.56,677.5,4.91,46782
2024-10-11T15:27:00.000Z,9.94,2.37,677.3,4.93,46388
2024-10-11T15:28:00.000Z,9.88,2.63,677.3,4.93,46388
2024-10-11T15:29:00.000Z,9.85,2.44,99999.9,999.99,9999999.0
2024-10-11T15:30:00.000Z,9.91,2.29,680.4,4.96,58855
2024-10-11T15:31:00.000Z,10.01,2.50,680.4,4.96,58855
2024-10-11T15:32:00.000Z,10.00,1.96,680.9,4.99,58517
2024-10-11T15:33:00.000Z,9.98,2.19,680.9,4.99,58516
2024-10-11T15:34:00.000Z,10.02,1.95,682.8,4.80,70603
2024-10-11T15:35:00.000Z,10.07,1.84,683.1,4.77,72512
2024-10-11T15:36:00.000Z,10.01,1.97,681.7,4.99,65977
2024-10-11T15:37:00.000Z,10.00,1.94,680.8,5.11,61991
2024-10-11T15:38:00.000Z,10.05,1.82,679.8,5.08,60578
2024-10-11T15:39:00.000Z,10.03,1.64,677.6,5.02,57281
2024-10-11T15:40:00.000Z,10.05,1.64,678.2,5.07,58874
2024-10-11T15:41:00.000Z,10.09,1.57,678.4,5.09,59385
2024-10-11T15:42:00.000Z,10.04,1.74,677.0,4.78,57691
2024-10-11T15:43:00.000Z,10.03,1.60,677.0,4.78,57691
2024-10-11T15:44:00.000Z,10.02,1.71,670.3,4.87,54305
2024-10-11T15:45:00.000Z,10.03,1.67,670.3,4.87,54305
2024-10-11T15:46:00.000Z,10.04,1.84,671.4,5.22,62495
2024-10-11T15:47:00.000Z,9.97,1.54,672.2,5.27,62389
2024-10-11T15:48:00.000Z,9.92,1.01,675.0,5.43,62029
2024-10-11T15:49:00.000Z,9.92,0.91,676.5,5.23,64534
2024-10-11T15:50:00.000Z,9.92,1.11,676.5,5.23,64534
2024-10-11T15:51:00.000Z,9.95,1.55,676.5,5.23,64534
2024-10-11T15:52:00.000Z,9.98,0.90,674.4,5.24,78539
2024-10-11T15:53:00.000Z,9.94,0.72,674.4,5.24,78420
2024-10-11T15:54:00.000Z,9.91,0.98,675.0,5.24,66677
2024-10-11T15:55:00.000Z,9.89,1.05,674.0,5.25,66735
2024-10-11T15:56:00.000Z,9.88,1.17,672.7,5.26,67007
2024-10-11T15:57:00.000Z,9.93,1.17,672.7,5.26,67007
2024-10-11T15:58:00.000Z,9.92,1.07,668.1,5.07,62846
2024-10-11T15:59:00.000Z,9.92,1.12,668.1,5.07,62846
2024-10-11T16:00:00.000Z,9.94,1.15,667.4,5.30,68018
2024-10-11T16:01:00.000Z,9.96,1.29,667.4,5.30,68018
2024-10-11T16:02:00.000Z,9.98,1.24,668.0,5.53,83318
2024-10-11T16:03:00.000Z,10.02,1.46,668.0,5.53,83318
2024-10-11T16:04:00.000Z,9.96,1.43,669.5,5.07,61292
2024-10-11T16:05:00.000Z,9.88,1.14,669.6,5.03,59575
2024-10-11T16:06:00.000Z,9.92,1.01,668.8,5.56,71552
2024-10-11T16:07:00.000Z,9.93,0.96,668.8,5.56,71552
2024-10-11T16:08:00.000Z,9.96,0.61,665.9,5.36,66967
2024-10-11T16:09:00.000Z,9.94,0.42,665.9,5.36,66967
2024-10-11T16:10:00.000Z,9.95,0.42,666.3,5.25,69539
2024-10-11T16:11:00.000Z,9.98,0.45,666.9,5.09,73184
2024-10-11T16:12:00.000Z,9.97,0.44,667.3,5.33,71409
2024-10-11T16:13:00.000Z,10.03,0.67,667.6,5.47,70350
2024-10-11T16:14:00.000Z,9.94,0.94,668.2,5.36,71344
2024-10-11T16:15:00.000Z,9.94,0.56,668.2,5.36,71121
2024-10-11T16:16:00.000Z,9.99,0.03,664.6,5.20,55288
2024-10-11T16:17:00.000Z,10.01,-0.12,664.6,5.20,55288
2024-10-11T16:18:00.000Z,9.92,-0.34,671.5,5.05,63510
2024-10-11T16:19:00.000Z,9.78,-0.65,671.5,5.05,63510
2024-10-11T16:20:00.000Z,9.78,-0.46,666.5,5.51,80160
2024-10-11T16:21:00.000Z,9.78,-0.63,666.5,5.51,80160
2024-10-11T16:22:00.000Z,9.79,-1.04,667.4,5.49,82333
2024-10-11T16:23:00.000Z,9.91,-0.56,667.4,5.49,82333
2024-10-11T16:24:00.000Z,10.08,0.53,670.5,5.36,76736
2024-10-11T16:25:00.000Z,10.09,0.68,670.5,5.36,76718
2024-10-11T16:26:00.000Z,10.07,0.91,671.1,5.23,73605
2024-10-11T16:27:00.000Z,10.08,0.83,671.1,5.23,73605
2024-10-11T16:28:00.000Z,10.04,0.89,672.1,5.13,72847
2024-10-11T16:29:00.000Z,10.05,0.81,672.1,5.13,72847
2024-10-11T16:30:00.000Z,10.00,0.18,672.3,5.33,66276
2024-10-11T16:31:00.000Z,9.97,-0.37,672.4,5.37,64771
2024-10-11T16:32:00.000Z,9.95,-0.78,669.8,5.48,69118
2024-10-11T16:33:00.000Z,10.04,0.40,669.8,5.48,69118
2024-10-11T16:34:00.000Z,9.96,1.27,99999.9,999.99,9999999.0
2024-10-11T16:35:00.000Z,9.73,1.93,672.0,7.79,76374
2024-10-11T16:36:00.000Z,9.71,2.50,672.1,7.80,75332
2024-10-11T16:37:00.000Z,9.65,2.42,673.3,8.10,53187
2024-10-11T16:38:00.000Z,9.63,2.54,673.3,8.10,53187
2024-10-11T16:39:00.000Z,9.70,2.54,673.5,8.27,51197
2024-10-11T16:40:00.000Z,9.68,2.54,673.7,8.21,51288
2024-10-11T16:41:00.000Z,9.65,2.42,675.4,7.62,52187
2024-10-11T16:42:00.000Z,9.65,2.43,675.3,7.63,52441
2024-10-11T16:43:00.000Z,9.69,2.33,674.3,7.70,55215
2024-10-11T16:44:00.000Z,9.70,2.23,674.3,7.64,55068
2024-10-11T16:45:00.000Z,9.69,2.18,674.5,7.41,54523
2024-10-11T16:46:00.000Z,9.70,2.16,675.6,7.43,56326
2024-10-11T16:47:00.000Z,9.62,2.18,676.4,7.45,57691
2024-10-11T16:48:00.000Z,9.65,2.20,676.4,7.45,57691
2024-10-11T16:49:00.000Z,9.66,2.28,672.3,7.15,71302
2024-10-11T16:50:00.000Z,9.61,2.30,672.3,7.13,71230
2024-10-11T16:51:00.000Z,9.67,2.34,673.3,6.59,68750
2024-10-11T16:52:00.000Z,9.68,2.17,673.3,6.59,68750
2024-10-11T16:53:00.000Z,9.52,2.03,99999.9,999.99,9999999.0
2024-10-11T16:54:00.000Z,9.65,2.20,99999.9,999.99,9999999.0
2024-10-11T16:55:00.000Z,9.69,2.20,667.7,6.49,55325
2024-10-11T16:56:00.000Z,9.68,2.15,667.7,6.49,55325
2024-10-11T16:57:00.000Z,9.68,2.15,665.7,6.52,60222
2024-10-11T16:58:00.000Z,9.69,2.13,665.7,6.52,60219
2024-10-11T16:59:00.000Z,9.65,2.11,664.2,6.37,49176
2024-10-11T17:00:00.000Z,9.63,2.26,664.4,6.40,49968
2024-10-11T17:01:00.000Z,9.53,2.16,665.2,6.60,54450
2024-10-11T17:02:00.000Z,9.41,2.16,665.7,6.74,54439
2024-10-11T17:03:00.000Z,9.46,2.25,668.8,7.52,54377
2024-10-11T17:04:00.000Z,9.48,2.21,666.7,6.90,51652
2024-10-11T17:05:00.000Z,9.49,2.17,665.8,6.64,50460
2024-10-11T17:06:00.000Z,9.40,2.14,99999.9,999.99,9999999.0
2024-10-11T17:07:00.000Z,9.47,2.07,667.0,6.80,69118
2024-10-11T17:08:00.000Z,9.39,1.98,667.0,6.78,68521
2024-10-11T17:09:00.000Z,9.58,2.24,667.1,6.52,59158
2024-10-11T17:10:00.000Z,9.48,2.60,667.7,6.74,55516
2024-10-11T17:11:00.000Z,9.42,2.53,668.6,7.09,49383
2024-10-11T17:12:00.000Z,9.51,2.26,667.1,6.74,50650
2024-10-11T17:13:00.000Z,9.52,2.11,665.0,6.26,52329
2024-10-11T17:14:00.000Z,9.61,1.95,665.0,6.26,52329
2024-10-11T17:15:00.000Z,9.63,1.98,653.8,5.41,53762
2024-10-11T17:16:00.000Z,9.63,1.91,653.8,5.41,53762
2024-10-11T17:17:00.000Z,9.65,1.82,99999.9,999.99,9999999.0
2024-10-11T17:18:00.000Z,9.64,2.15,660.8,5.48,69527
2024-10-11T17:19:00.000Z,9.67,2.01,660.8,5.48,69527
2024-10-11T17:20:00.000Z,9.66,1.88,662.7,5.47,66244
2024-10-11T17:21:00.000Z,9.69,1.92,662.7,5.47,66244
2024-10-11T17:22:00.000Z,9.69,2.08,659.5,5.70,73705
2024-10-11T17:23:00.000Z,9.72,1.92,659.1,5.73,74749
2024-10-11T17:24:00.000Z,9.74,1.86,659.1,5.73,74749
2024-10-11T17:25:00.000Z,9.77,1.94,99999.9,999.99,9999999.0
2024-10-11T17:26:00.000Z,9.78,1.95,663.4,5.06,86995
2024-10-11T17:27:00.000Z,9.97,1.53,658.6,4.24,79658
2024-10-11T17:28:00.000Z,10.05,1.43,655.6,3.72,75005
2024-10-11T17:29:00.000Z,10.01,1.55,660.1,3.88,101057
2024-10-11T17:30:00.000Z,9.99,1.72,660.1,3.88,101057
2024-10-11T17:31:00.000Z,10.05,2.14,99999.9,999.99,9999999.0
2024-10-11T17:32:00.000Z,10.07,1.93,660.3,3.95,108047
2024-10-11T17:33:00.000Z,10.04,1.94,662.0,3.90,102082
2024-10-11T17:34:00.000Z,10.11,1.92,665.6,3.80,89164
2024-10-11T17:35:00.000Z,10.13,1.72,670.9,3.61,88209
2024-10-11T17:36:00.000Z,10.15,1.87,670.5,3.46,94149
2024-10-11T17:37:00.000Z,10.23,1.83,669.0,3.05,110516
2024-10-11T17:38:00.000Z,10.29,1.92,659.9,2.64,84450
2024-10-11T17:39:00.000Z,10.35,2.18,659.5,2.62,83363
2024-10-11T17:40:00.000Z,10.39,1.93,99999.9,999.99,9999999.0
2024-10-11T17:41:00.000Z,10.38,1.76,659.2,2.55,95642
2024-10-11T17:42:00.000Z,10.37,1.76,654.8,2.72,72543
2024-10-11T17:43:00.000Z,10.40,1.64,652.3,2.82,59271
2024-10-11T17:44:00.000Z,10.40,1.47,652.4,2.66,58366
2024-10-11T17:45:00.000Z,10.40,1.53,652.4,2.66,58366
2024-10-11T17:46:00.000Z,10.38,1.95,654.7,2.61,57510
2024-10-11T17:47:00.000Z,10.38,2.51,654.7,2.61,57505
2024-10-11T17:48:00.000Z,10.36,2.58,99999.9,999.99,9999999.0
2024-10-11T17:49:00.000Z,10.38,2.38,657.2,2.82,65884
2024-10-11T17:50:00.000Z,10.45,2.15,657.2,2.82,65884
2024-10-11T17:51:00.000Z,10.34,2.61,657.2,2.50,56608
2024-10-11T17:52:00.000Z,10.28,2.59,658.7,2.49,55325
2024-10-11T17:53:00.000Z,10.06,2.40,657.8,2.66,68548
2024-10-11T17:54:00.000Z,10.09,3.32,99999.9,999.99,9999999.0
2024-10-11T17:55:00.000Z,10.11,3.23,671.7,2.89,121751
2024-10-11T17:56:00.000Z,10.13,2.87,671.7,2.89,121751
2024-10-11T17:57:00.000Z,10.05,2.29,671.1,2.82,86262
2024-10-11T17:58:00.000Z,9.86,2.37,671.1,2.82,86262
2024-10-11T17:59:00.000Z,10.11,2.76,99999.9,999.99,9999999.0
2024-10-11T18:00:00.000Z,10.06,1.97,676.7,2.99,82780
2024-10-11T18:01:00.000Z,10.10,1.81,676.7,2.99,82793
2024-10-11T18:02:00.000Z,10.09,2.15,679.1,3.49,98404
2024-10-11T18:03:00.000Z,10.14,2.21,680.4,3.31,87860
2024-10-11T18:04:00.000Z,10.20,2.22,680.8,3.25,84716
2024-10-11T18:05:00.000Z,9999.99,9999.99,99999.9,999.99,9999999.0
2024-10-11T18:06:00.000Z,10.18,2.25,99999.9,999.99,9999999.0
2024-10-11T18:07:00.000Z,9999.99,9999.99,99999.9,999.99,9999999.0
2024-10-11T18:08:00.000Z,10.25,2.18,99999.9,999.99,9999999.0
2024-10-11T18:09:00.000Z,10.32,2.24,99999.9,999.99,9999999.0
2024-10-11T18:10:00.000Z,10.36,2.24,670.5,3.18,83264
2024-10-11T18:11:00.000Z,10.38,2.18,670.9,3.12,82264
2024-10-11T18:12:00.000Z,10.31,1.93,671.6,3.01,80645
2024-10-11T18:13:00.000Z,10.28,1.88,676.3,3.31,102842
2024-10-11T18:14:00.000Z,10.13,1.43,681.3,3.37,80610
2024-10-11T18:15:00.000Z,10.26,2.29,680.7,3.51,69556
2024-10-11T18:16:00.000Z,10.36,2.14,678.5,3.53,62768
2024-10-11T18:17:00.000Z,10.37,1.89,672.4,3.26,60033
2024-10-11T18:18:00.000Z,10.32,1.48,672.4,3.26,60031
2024-10-11T18:19:00.000Z,9.97,3.01,670.4,3.46,76730
2024-10-11T18:20:00.000Z,10.00,2.47,679.0,4.68,64027
2024-10-11T18:21:00.000Z,10.05,2.29,672.5,4.50,49174
2024-10-11T18:22:00.000Z,10.10,2.60,677.1,3.79,54450
2024-10-11T18:23:00.000Z,10.10,2.80,677.3,3.72,55507
2024-10-11T18:24:00.000Z,9.98,2.03,674.9,4.26,59868
2024-10-11T18:25:00.000Z,10.08,1.74,680.1,3.82,65323
2024-10-11T18:26:00.000Z,10.15,2.29,681.9,3.38,71360
2024-10-11T18:27:00.000Z,10.18,1.84,680.1,3.11,63982
2024-10-11T18:28:00.000Z,10.14,1.38,680.1,3.11,63982
2024-10-11T18:29:00.000Z,10.13,2.57,661.5,4.67,69691
2024-10-11T18:30:00.000Z,10.09,2.61,663.5,4.68,65997
2024-10-11T18:31:00.000Z,10.15,2.88,673.7,4.74,47605
2024-10-11T18:32:00.000Z,10.25,2.80,680.6,4.66,44796
2024-10-11T18:33:00.000Z,10.23,2.24,678.1,4.51,47016
2024-10-11T18:34:00.000Z,10.17,2.03,677.2,4.45,47805
2024-10-11T18:35:00.000Z,10.16,1.79,676.0,4.57,34964
2024-10-11T18:36:00.000Z,10.15,1.94,675.9,4.56,35562
2024-10-11T18:37:00.000Z,10.15,2.22,674.2,4.17,53814
2024-10-11T18:38:00.000Z,10.11,2.02,671.2,4.56,50766
2024-10-11T18:39:00.000Z,10.09,1.46,669.4,4.79,48763
2024-10-11T18:40:00.000Z,10.06,1.26,668.6,4.82,49584
2024-10-11T18:41:00.000Z,10.04,1.24,670.0,4.87,47653
2024-10-11T18:42:00.000Z,9.96,1.30,671.3,4.92,45953
2024-10-11T18:43:00.000Z,10.14,1.24,669.3,4.72,50580
2024-10-11T18:44:00.000Z,10.09,1.45,672.9,3.56,51335
2024-10-11T18:45:00.000Z,10.13,0.86,669.9,3.60,52453
2024-10-11T18:46:00.000Z,10.04,1.00,668.6,3.70,56128
2024-10-11T18:47:00.000Z,10.16,1.87,666.9,3.77,67937
2024-10-11T18:48:00.000Z,10.06,2.58,666.9,3.44,73146
2024-10-11T18:49:00.000Z,9.85,1.23,666.9,3.33,74919
2024-10-11T18:50:00.000Z,9.83,1.22,663.4,3.83,98083
2024-10-11T18:51:00.000Z,9.77,0.78,665.5,3.73,103885
2024-10-11T18:52:00.000Z,9.79,0.63,662.2,3.54,93921
2024-10-11T18:53:00.000Z,9.77,0.93,661.3,3.51,91126
2024-10-11T18:54:00.000Z,9.77,1.15,661.2,3.78,97770
2024-10-11T18:55:00.000Z,9.76,0.83,662.3,3.64,99535
2024-10-11T18:56:00.000Z,9.79,0.94,664.0,3.45,102147
2024-10-11T18:57:00.000Z,9.76,1.47,659.0,3.88,75090
2024-10-11T18:58:00.000Z,9.83,1.52,659.0,3.88,75090
2024-10-11T18:59:00.000Z,9.86,1.45,656.7,3.85,70834
2024-10-11T19:00:00.000Z,9.72,1.61,655.8,4.24,58947
2024-10-11T19:01:00.000Z,9.73,1.25,662.4,4.85,54958
2024-10-11T19:02:00.000Z,9.88,0.97,662.2,4.68,51762
2024-10-11T19:03:00.000Z,10.05,0.50,660.8,3.62,88099
2024-10-11T19:04:00.000Z,10.09,1.26,661.7,3.65,85393
2024-10-11T19:05:00.000Z,10.00,2.11,664.6,3.74,76675
2024-10-11T19:06:00.000Z,10.04,1.89,661.7,3.58,64064
2024-10-11T19:07:00.000Z,9.85,1.62,661.8,3.80,63239
2024-10-11T19:08:00.000Z,9.66,1.11,662.4,4.66,59917
2024-10-11T19:09:00.000Z,9.68,1.01,667.2,5.50,58123
2024-10-11T19:10:00.000Z,9.63,0.50,667.5,5.56,57991
2024-10-11T19:11:00.000Z,9.58,0.75,665.9,5.61,58969
2024-10-11T19:12:00.000Z,9.57,1.15,665.6,5.61,60285
2024-10-11T19:13:00.000Z,9.68,1.62,664.3,5.63,66284
2024-10-11T19:14:00.000Z,9.87,2.12,664.7,4.48,53450
2024-10-11T19:15:00.000Z,9.92,1.99,664.7,4.37,52187
2024-10-11T19:16:00.000Z,9.90,1.78,668.2,4.56,56835
2024-10-11T19:17:00.000Z,10.10,2.40,668.2,4.56,56835
2024-10-11T19:18:00.000Z,10.03,1.99,667.9,4.37,57579
2024-10-11T19:19:00.000Z,10.04,2.00,667.9,4.38,57142
2024-10-11T19:20:00.000Z,10.08,1.87,667.2,4.63,46388
2024-10-11T19:21:00.000Z,10.09,2.21,663.5,4.69,43714
2024-10-11T19:22:00.000Z,10.08,2.57,662.4,4.70,42904
2024-10-11T19:23:00.000Z,10.10,2.83,662.3,4.87,42294
2024-10-11T19:24:00.000Z,10.09,2.93,662.3,4.87,42342
2024-10-11T19:25:00.000Z,10.06,2.21,663.8,4.82,45123
2024-10-11T19:26:00.000Z,10.08,2.22,662.3,5.11,41669
2024-10-11T19:27:00.000Z,10.11,1.97,660.5,5.44,37631
2024-10-11T19:28:00.000Z,10.13,2.51,658.7,5.48,41289
2024-10-11T19:29:00.000Z,10.17,1.96,658.6,5.48,41403
2024-10-11T19:30:00.000Z,10.20,2.07,656.7,4.25,37692
2024-10-11T19:31:00.000Z,10.19,2.36,656.9,4.28,37679
2024-10-11T19:32:00.000Z,10.20,2.25,658.0,4.45,37601
2024-10-11T19:33:00.000Z,10.21,2.39,657.8,4.46,41367
2024-10-11T19:34:00.000Z,10.23,2.81,657.3,4.50,50951
2024-10-11T19:35:00.000Z,10.25,1.39,655.6,4.25,42977
2024-10-11T19:36:00.000Z,10.27,1.45,654.9,4.14,39433
2024-10-11T19:37:00.000Z,10.28,2.95,656.2,4.48,42936
2024-10-11T19:38:00.000Z,10.28,3.08,656.8,4.38,40485
2024-10-11T19:39:00.000Z,10.22,2.33,657.2,4.33,38940
2024-10-11T19:40:00.000Z,10.20,3.04,657.8,4.42,41087
2024-10-11T19:41:00.000Z,10.21,3.12,657.8,4.42,40980
2024-10-11T19:42:00.000Z,10.20,2.20,657.6,3.98,28279
2024-10-11T19:43:00.000Z,10.28,2.32,657.1,3.99,29753
2024-10-11T19:44:00.000Z,10.29,2.50,653.6,4.08,41182
2024-10-11T19:45:00.000Z,10.35,2.00,653.6,4.08,41182
2024-10-11T19:46:00.000Z,10.31,2.42,652.1,4.28,42070
2024-10-11T19:47:00.000Z,10.28,2.13,652.0,4.27,42012
2024-10-11T19:48:00.000Z,10.27,-0.05,648.3,4.03,39124
2024-10-11T19:49:00.000Z,10.31,-0.05,648.3,4.03,39124
2024-10-11T19:50:00.000Z,10.30,-0.10,639.4,4.03,53546
2024-10-11T19:51:00.000Z,10.35,-0.03,639.4,4.03,53546
2024-10-11T19:52:00.000Z,10.35,0.28,638.1,4.21,46222
2024-10-11T19:53:00.000Z,10.39,0.47,638.5,4.38,41908
2024-10-11T19:54:00.000Z,10.41,1.11,641.6,4.61,39653
2024-10-11T19:55:00.000Z,10.39,1.35,640.9,4.27,44645
2024-10-11T19:56:00.000Z,10.39,0.91,642.8,4.32,42175
2024-10-11T19:57:00.000Z,10.41,0.33,647.1,4.27,40251
2024-10-11T19:58:00.000Z,10.45,0.09,651.2,4.23,38569
2024-10-11T19:59:00.000Z,10.50,0.74,652.8,4.32,37392
2024-10-11T20:00:00.000Z,10.47,0.36,657.4,4.60,37366
2024-10-11T20:01:00.000Z,10.43,0.34,658.5,4.72,37293
2024-10-11T20:02:00.000Z,10.49,0.64,658.8,5.29,36612
2024-10-11T20:03:00.000Z,10.54,1.45,658.8,5.29,36612
2024-10-11T20:04:00.000Z,10.57,1.96,651.1,4.88,56984
2024-10-11T20:05:00.000Z,10.56,2.03,651.1,4.88,56984
2024-10-11T20:06:00.000Z,10.61,2.52,643.8,4.65,40271
2024-10-11T20:07:00.000Z,10.66,2.62,644.3,4.63,40945
2024-10-11T20:08:00.000Z,10.72,2.25,650.9,4.41,50251
2024-10-11T20:09:00.000Z,10.71,1.80,650.9,4.41,50251
2024-10-11T20:10:00.000Z,10.68,2.01,647.5,4.27,45720
2024-10-11T20:11:00.000Z,10.79,2.24,649.1,4.16,42989
2024-10-11T20:12:00.000Z,10.80,1.49,655.3,3.73,32228
2024-10-11T20:13:00.000Z,10.79,3.55,658.8,4.50,32830
2024-10-11T20:14:00.000Z,10.74,4.03,661.8,5.17,33354
2024-10-11T20:15:00.000Z,10.74,4.01,661.8,5.17,33354
2024-10-11T20:16:00.000Z,10.74,3.37,643.8,4.35,38971
2024-10-11T20:17:00.000Z,10.66,4.05,643.8,4.35,38971
2024-10-11T20:18:00.000Z,10.69,3.41,643.8,4.35,38971
2024-10-11T20:19:00.000Z,10.55,3.73,650.4,6.07,32901
2024-10-11T20:20:00.000Z,10.64,4.00,650.4,6.07,32901
2024-10-11T20:21:00.000Z,10.68,4.19,649.7,4.82,34848
2024-10-11T20:22:00.000Z,10.66,4.38,649.7,4.82,34848
2024-10-11T20:23:00.000Z,10.72,4.78,653.0,4.36,51832
2024-10-11T20:24:00.000Z,10.71,4.44,653.0,4.36,51832
2024-10-11T20:25:00.000Z,10.81,4.68,655.1,4.18,40679
2024-10-11T20:26:00.000Z,10.86,3.79,650.9,3.41,43340
2024-10-11T20:27:00.000Z,10.90,4.05,652.7,3.11,45541
2024-10-11T20:28:00.000Z,10.90,3.82,656.0,3.37,43130
2024-10-11T20:29:00.000Z,10.79,4.88,654.1,3.54,45134
2024-10-11T20:30:00.000Z,10.79,4.96,649.1,3.96,50315
2024-10-11T20:31:00.000Z,10.76,4.77,649.2,3.73,42747
2024-10-11T20:32:00.000Z,10.70,4.50,651.8,3.69,49298
2024-10-11T20:33:00.000Z,10.67,4.48,653.4,3.55,54298
2024-10-11T20:34:00.000Z,10.68,4.87,654.6,3.53,58945
2024-10-11T20:35:00.000Z,10.72,4.65,655.0,3.53,60643
2024-10-11T20:36:00.000Z,10.75,3.78,645.7,3.37,45110
2024-10-11T20:37:00.000Z,10.76,4.08,647.6,3.30,42873
2024-10-11T20:38:00.000Z,10.75,3.85,645.5,3.30,43142
2024-10-11T20:39:00.000Z,10.72,4.05,643.3,3.33,41796
2024-10-11T20:40:00.000Z,10.72,3.74,643.7,3.30,38934
2024-10-11T20:41:00.000Z,10.72,3.94,642.1,3.22,38633
2024-10-11T20:42:00.000Z,10.76,4.28,639.4,3.35,37932
2024-10-11T20:43:00.000Z,10.78,4.75,649.2,3.12,30764
2024-10-11T20:44:00.000Z,10.81,2.91,645.3,3.19,38734
2024-10-11T20:45:00.000Z,10.82,0.94,642.5,3.24,44497
2024-10-11T20:46:00.000Z,10.89,2.69,99999.9,999.99,9999999.0
2024-10-11T20:47:00.000Z,10.97,0.02,641.8,3.41,40640
2024-10-11T20:48:00.000Z,10.95,1.57,641.3,3.07,48128
2024-10-11T20:49:00.000Z,11.12,5.66,644.7,3.28,44891
2024-10-11T20:50:00.000Z,10.86,4.63,652.7,5.12,35042
2024-10-11T20:51:00.000Z,10.88,4.91,652.7,5.14,34877
2024-10-11T20:52:00.000Z,11.02,5.27,656.5,4.22,37330
2024-10-11T20:53:00.000Z,10.90,5.10,656.5,4.22,37330
2024-10-11T20:54:00.000Z,10.85,5.57,654.7,5.38,33156
2024-10-11T20:55:00.000Z,10.85,5.38,654.7,5.38,33156
2024-10-11T20:56:00.000Z,10.81,5.05,99999.9,999.99,9999999.0
2024-10-11T20:57:00.000Z,10.80,4.50,99999.9,999.99,9999999.0
2024-10-11T20:58:00.000Z,10.76,4.41,654.3,6.14,31561
2024-10-11T20:59:00.000Z,10.79,3.86,654.3,6.14,31561
2024-10-11T21:00:00.000Z,10.76,4.18,654.3,6.14,31561
2024-10-11T21:01:00.000Z,10.73,4.02,99999.9,999.99,9999999.0
2024-10-11T21:02:00.000Z,10.76,3.98,99999.9,999.99,9999999.0
2024-10-11T21:03:00.000Z,10.82,4.15,99999.9,999.99,9999999.0
2024-10-11T21:04:00.000Z,10.78,4.11,99999.9,999.99,9999999.0
2024-10-11T21:05:00.000Z,10.82,4.25,99999.9,999.99,9999999.0
2024-10-11T21:06:00.000Z,10.82,4.38,655.1,5.70,36693
2024-10-11T21:07:00.000Z,10.95,4.64,655.4,5.66,35511
2024-10-11T21:08:00.000Z,10.82,4.19,657.5,5.24,31038
2024-10-11T21:09:00.000Z,11.17,4.59,657.5,5.24,31038
2024-10-11T21:10:00.000Z,11.25,4.69,99999.9,999.99,9999999.0
2024-10-11T21:11:00.000Z,11.22,4.51,654.0,2.71,32004
2024-10-11T21:12:00.000Z,11.23,4.24,654.0,2.71,32106
2024-10-11T21:13:00.000Z,11.22,4.07,652.9,2.54,40804
2024-10-11T21:14:00.000Z,11.18,2.89,651.0,2.53,35395
2024-10-11T21:15:00.000Z,11.31,2.76,651.6,2.44,41757
2024-10-11T21:16:00.000Z,11.28,2.79,654.3,2.25,57213
2024-10-11T21:17:00.000Z,11.31,2.89,653.5,2.24,39217
2024-10-11T21:18:00.000Z,11.14,2.20,653.5,2.24,39217
2024-10-11T21:19:00.000Z,11.05,1.79,99999.9,999.99,9999999.0
2024-10-11T21:20:00.000Z,11.10,2.24,99999.9,999.99,9999999.0
2024-10-11T21:21:00.000Z,11.09,2.27,99999.9,999.99,9999999.0
2024-10-11T21:22:00.000Z,11.01,2.46,99999.9,999.99,9999999.0
2024-10-11T21:23:00.000Z,10.62,1.29,675.1,2.36,101255
2024-10-11T21:24:00.000Z,10.67,1.44,675.4,2.37,100531
2024-10-11T21:25:00.000Z,10.49,0.89,679.4,2.45,89511
2024-10-11T21:26:00.000Z,10.51,0.87,674.3,2.69,117860
2024-10-11T21:27:00.000Z,10.66,0.82,672.2,2.77,128575
2024-10-11T21:28:00.000Z,10.78,3.82,668.4,3.61,58203
2024-10-11T21:29:00.000Z,10.91,3.64,672.6,3.81,48500
2024-10-11T21:30:00.000Z,10.99,3.15,677.0,4.01,38572
2024-10-11T21:31:00.000Z,11.06,3.07,670.2,3.65,35373
2024-10-11T21:32:00.000Z,11.03,1.82,670.2,3.65,35373
2024-10-11T21:33:00.000Z,11.01,1.27,678.0,3.93,42486
2024-10-11T21:34:00.000Z,10.95,0.97,678.0,3.93,42486
2024-10-11T21:35:00.000Z,10.86,3.55,678.0,3.93,42486
2024-10-11T21:36:00.000Z,10.97,3.44,672.2,4.39,26554
2024-10-11T21:37:00.000Z,10.99,3.49,672.2,4.39,26554
2024-10-11T21:38:00.000Z,10.99,3.37,673.2,4.35,26880
2024-10-11T21:39:00.000Z,10.99,3.50,677.5,4.12,28332
2024-10-11T21:40:00.000Z,11.04,3.42,677.5,4.12,28332
2024-10-11T21:41:00.000Z,11.05,3.53,677.6,3.92,28541
2024-10-11T21:42:00.000Z,11.06,3.54,677.6,3.92,28541
2024-10-11T21:43:00.000Z,11.09,4.25,669.6,3.75,27758
2024-10-11T21:44:00.000Z,11.08,4.54,669.6,3.75,27758
2024-10-11T21:45:00.000Z,11.09,3.75,669.6,3.75,27758
2024-10-11T21:46:00.000Z,11.10,5.64,99999.9,999.99,9999999.0
2024-10-11T21:47:00.000Z,11.11,5.47,99999.9,999.99,9999999.0
2024-10-11T21:48:00.000Z,11.04,6.02,99999.9,999.99,9999999.0
2024-10-11T21:49:00.000Z,11.04,5.83,99999.9,999.99,9999999.0
2024-10-11T21:50:00.000Z,11.05,5.75,99999.9,999.99,9999999.0
2024-10-11T21:51:00.000Z,11.01,5.63,667.9,4.31,30846
2024-10-11T21:52:00.000Z,11.02,5.66,667.9,4.31,30846
2024-10-11T21:53:00.000Z,11.02,5.80,99999.9,999.99,9999999.0
2024-10-11T21:54:00.000Z,11.05,5.82,680.9,3.94,38483
2024-10-11T21:55:00.000Z,11.15,5.29,676.2,3.80,37786
2024-10-11T21:56:00.000Z,11.06,5.15,671.4,3.65,37067
2024-10-11T21:57:00.000Z,11.08,4.29,99999.9,999.99,9999999.0
2024-10-11T21:58:00.000Z,11.14,4.45,673.0,3.75,39032
2024-10-11T21:59:00.000Z,11.21,5.06,673.0,3.75,39032
2024-10-11T22:00:00.000Z,11.31,5.21,669.9,3.68,39742
2024-10-11T22:01:00.000Z,11.39,5.27,669.9,3.68,39741
2024-10-11T22:02:00.000Z,11.42,6.36,665.3,3.52,38280
2024-10-11T22:03:00.000Z,11.52,5.78,664.9,3.50,38146
2024-10-11T22:04:00.000Z,11.55,6.30,672.7,3.64,38787
2024-10-11T22:05:00.000Z,11.58,5.90,672.7,3.64,38787
2024-10-11T22:06:00.000Z,11.55,6.17,99999.9,999.99,9999999.0
2024-10-11T22:07:00.000Z,11.53,6.73,672.8,3.77,42358
2024-10-11T22:08:00.000Z,11.51,7.01,672.8,3.77,42358
2024-10-11T22:09:00.000Z,11.48,6.09,672.8,3.77,42358
2024-10-11T22:10:00.000Z,11.48,5.99,667.5,3.05,30628
2024-10-11T22:11:00.000Z,11.48,6.05,667.5,3.05,30628
2024-10-11T22:12:00.000Z,11.49,6.51,667.5,3.05,30628
2024-10-11T22:13:00.000Z,11.49,5.95,99999.9,999.99,9999999.0
2024-10-11T22:14:00.000Z,11.50,6.01,99999.9,999.99,9999999.0
2024-10-11T22:15:00.000Z,11.51,6.13,662.1,3.02,50986
2024-10-11T22:16:00.000Z,11.46,6.44,662.1,3.02,50986
2024-10-11T22:17:00.000Z,11.51,6.14,656.5,3.25,34298
2024-10-11T22:18:00.000Z,11.50,6.29,656.5,3.25,34354
2024-10-11T22:19:00.000Z,11.53,6.21,654.8,3.40,36285
2024-10-11T22:20:00.000Z,11.49,6.01,657.2,3.53,35697
2024-10-11T22:21:00.000Z,11.54,6.33,679.0,4.71,30302
2024-10-11T22:22:00.000Z,11.53,6.34,673.6,3.99,36754
2024-10-11T22:23:00.000Z,11.60,6.82,674.3,4.08,34598
2024-10-11T22:24:00.000Z,11.64,6.81,674.1,4.29,31265
2024-10-11T22:25:00.000Z,11.57,6.69,672.2,4.26,31533
2024-10-11T22:26:00.000Z,11.60,6.52,672.1,4.69,26326
2024-10-11T22:27:00.000Z,11.63,6.22,672.1,4.69,26326
2024-10-11T22:28:00.000Z,11.66,6.04,669.6,4.14,29683
2024-10-11T22:29:00.000Z,9999.99,9999.99,669.6,4.14,29683
2024-10-11T22:30:00.000Z,11.65,6.04,99999.9,999.99,9999999.0
2024-10-11T22:31:00.000Z,11.65,6.04,99999.9,999.99,9999999.0
2024-10-11T22:32:00.000Z,11.68,6.38,99999.9,999.99,9999999.0
2024-10-11T22:33:00.000Z,11.74,6.22,99999.9,999.99,9999999.0
2024-10-11T22:34:00.000Z,11.72,6.14,99999.9,999.99,9999999.0
2024-10-11T22:35:00.000Z,11.72,6.70,652.8,3.43,38371
2024-10-11T22:36:00.000Z,11.81,6.26,654.4,3.36,42049
2024-10-11T22:37:00.000Z,11.83,6.33,653.9,2.78,40553
2024-10-11T22:38:00.000Z,11.86,6.29,659.7,3.16,36747
2024-10-11T22:39:00.000Z,11.86,6.36,650.9,3.18,34345
2024-10-11T22:40:00.000Z,11.87,6.41,646.2,3.85,36136
2024-10-11T22:41:00.000Z,11.87,6.74,659.5,3.02,30259
2024-10-11T22:42:00.000Z,12.01,6.76,654.9,3.19,36540
2024-10-11T22:43:00.000Z,11.99,2.66,650.1,3.52,41708
2024-10-11T22:44:00.000Z,12.06,0.11,664.3,3.52,45520
2024-10-11T22:45:00.000Z,12.09,-0.89,665.0,3.18,42793
2024-10-11T22:46:00.000Z,12.03,1.49,666.3,2.62,38146
2024-10-11T22:47:00.000Z,12.03,4.48,652.1,2.56,35515
2024-10-11T22:48:00.000Z,11.99,6.42,648.7,2.56,34839
2024-10-11T22:49:00.000Z,12.06,5.68,644.3,2.91,32311
2024-10-11T22:50:00.000Z,12.06,5.05,647.5,2.72,52790
2024-10-11T22:51:00.000Z,12.08,7.78,648.5,2.67,58931
2024-10-11T22:52:00.000Z,12.09,6.96,647.5,3.37,52972
2024-10-11T22:53:00.000Z,12.01,7.94,647.5,3.37,52968
2024-10-11T22:54:00.000Z,11.80,9.70,669.3,4.56,43945
2024-10-11T22:55:00.000Z,11.82,9.73,669.4,4.56,43909
2024-10-11T22:56:00.000Z,11.87,8.69,670.4,4.10,43941
2024-10-11T22:57:00.000Z,11.80,8.47,670.4,4.10,43941
2024-10-11T22:58:00.000Z,11.72,8.39,664.7,5.16,40178
2024-10-11T22:59:00.000Z,11.64,8.33,664.7,5.16,40178
2024-10-11T23:00:00.000Z,11.60,8.48,665.1,6.25,39649
2024-10-11T23:01:00.000Z,11.59,8.35,665.1,6.25,39649
2024-10-11T23:02:00.000Z,11.42,8.91,672.1,6.33,44727
2024-10-11T23:03:00.000Z,11.30,8.96,672.1,6.33,44727
2024-10-11T23:04:00.000Z,11.25,9.75,666.9,6.36,38879
2024-10-11T23:05:00.000Z,11.23,10.15,666.9,6.36,38879
2024-10-11T23:06:00.000Z,11.35,9.81,659.4,6.78,37661
2024-10-11T23:07:00.000Z,11.54,9.91,659.4,6.78,37661
2024-10-11T23:08:00.000Z,11.39,9.78,655.7,5.20,60413
2024-10-11T23:09:00.000Z,11.31,9.57,655.7,5.20,60413
2024-10-11T23:10:00.000Z,11.26,9.83,656.0,5.23,59781
2024-10-11T23:11:00.000Z,11.18,9.71,666.2,6.15,39094
2024-10-11T23:12:00.000Z,11.12,9.79,666.2,6.15,39094
2024-10-11T23:13:00.000Z,11.27,9.84,656.9,5.62,42038
2024-10-11T23:14:00.000Z,11.07,9.97,656.9,5.62,42038
2024-10-11T23:15:00.000Z,10.83,9.58,656.8,6.80,55398
2024-10-11T23:16:00.000Z,10.98,8.74,656.8,6.80,55398
2024-10-11T23:17:00.000Z,10.86,8.39,656.8,6.80,55398
2024-10-11T23:18:00.000Z,10.82,8.04,664.8,6.17,54160
2024-10-11T23:19:00.000Z,10.72,8.52,664.8,6.17,54160
2024-10-11T23:20:00.000Z,10.72,9.01,659.8,7.20,51797
2024-10-11T23:21:00.000Z,10.72,8.79,659.8,7.20,51797
2024-10-11T23:22:00.000Z,10.71,8.84,99999.9,999.99,9999999.0
2024-10-11T23:23:00.000Z,10.71,8.82,664.5,6.60,48557
2024-10-11T23:24:00.000Z,10.74,8.76,664.5,6.60,48557
2024-10-11T23:25:00.000Z,10.73,8.96,661.2,6.15,46354
2024-10-11T23:26:00.000Z,10.54,8.48,661.2,6.15,46443
2024-10-11T23:27:00.000Z,10.34,7.43,668.5,6.47,69897
2024-10-11T23:28:00.000Z,10.31,7.74,669.2,5.79,121326
2024-10-11T23:29:00.000Z,10.16,7.75,667.9,5.53,136415
2024-10-11T23:30:00.000Z,10.03,6.53,654.6,5.49,101453
2024-10-11T23:31:00.000Z,10.15,5.19,654.6,5.49,101453
2024-10-11T23:32:00.000Z,10.02,7.03,99999.9,999.99,9999999.0
2024-10-11T23:33:00.000Z,10.11,7.85,655.3,7.98,81132
2024-10-11T23:34:00.000Z,10.20,8.59,671.9,6.47,81863
2024-10-11T23:35:00.000Z,10.38,8.49,680.6,5.70,82244
2024-10-11T23:36:00.000Z,10.54,6.98,695.4,4.82,72295
2024-10-11T23:37:00.000Z,10.52,8.83,680.6,3.86,69218
2024-10-11T23:38:00.000Z,10.61,8.56,99999.9,999.99,9999999.0
2024-10-11T23:39:00.000Z,10.42,8.61,673.8,3.26,45687
2024-10-11T23:40:00.000Z,11.18,9.21,672.3,3.42,50347
2024-10-11T23:41:00.000Z,11.46,10.19,671.4,3.52,53546
2024-10-11T23:42:00.000Z,11.47,10.18,672.6,3.47,40302
2024-10-11T23:43:00.000Z,11.44,10.15,672.6,3.47,40302
2024-10-11T23:44:00.000Z,11.44,10.23,99999.9,999.99,9999999.0
2024-10-11T23:45:00.000Z,11.45,9.83,661.4,4.12,51443
2024-10-11T23:46:00.000Z,11.43,10.43,661.4,4.12,51443
2024-10-11T23:47:00.000Z,11.44,10.76,674.8,4.13,65178
2024-10-11T23:48:00.000Z,11.45,10.57,674.4,4.23,65581
2024-10-11T23:49:00.000Z,11.41,10.38,672.1,4.68,67400
2024-10-11T23:50:00.000Z,11.52,10.92,99999.9,999.99,9999999.0
2024-10-11T23:51:00.000Z,11.51,10.59,673.1,4.52,43356
2024-10-11T23:52:00.000Z,11.52,10.63,673.1,4.52,43356
2024-10-11T23:53:00.000Z,11.69,11.48,683.6,5.19,39347
2024-10-11T23:54:00.000Z,11.72,11.49,686.9,5.40,38085
2024-10-11T23:55:00.000Z,11.88,11.23,99999.9,999.99,9999999.0
2024-10-11T23:56:00.000Z,11.88,11.08,99999.9,999.99,9999999.0
2024-10-11T23:57:00.000Z,11.79,11.00,677.6,4.71,40209
2024-10-11T23:58:00.000Z,11.72,10.65,677.7,4.71,40169
2024-10-11T23:59:00.000Z,11.74,10.73,681.5,4.74,37572
2024-10-12T00:00:00.000Z,11.71,10.60,681.8,4.74,37409
2024-10-12T00:01:00.000Z,11.66,9.84,675.1,4.35,46622
2024-10-12T00:02:00.000Z,11.57,10.20,675.6,4.62,43050
2024-10-12T00:03:00.000Z,11.44,10.25,676.8,5.28,34212
2024-10-12T00:04:00.000Z,11.42,10.14,677.0,4.39,48019
2024-10-12T00:05:00.000Z,11.24,10.14,677.0,4.33,49107
2024-10-12T00:06:00.000Z,11.12,10.16,99999.9,999.99,9999999.0
2024-10-12T00:07:00.000Z,11.07,10.07,99999.9,999.99,9999999.0
2024-10-12T00:08:00.000Z,11.12,10.02,674.6,5.93,32088
2024-10-12T00:09:00.000Z,11.10,9.94,674.6,5.93,32088
2024-10-12T00:10:00.000Z,11.14,10.33,681.3,7.21,44257
2024-10-12T00:11:00.000Z,11.17,10.39,682.5,7.40,45614
2024-10-12T00:12:00.000Z,11.16,10.75,677.0,5.94,27917
2024-10-12T00:13:00.000Z,11.19,10.72,681.0,6.33,31094
2024-10-12T00:14:00.000Z,11.18,10.78,679.3,6.28,33023
2024-10-12T00:15:00.000Z,11.03,10.22,678.8,6.26,34334
2024-10-12T00:16:00.000Z,10.66,9.89,679.7,6.22,45853
2024-10-12T00:17:00.000Z,10.48,9.92,679.7,6.22,45853
2024-10-12T00:18:00.000Z,9.94,9.28,99999.9,999.99,9999999.0
2024-10-12T00:19:00.000Z,10.01,9.21,672.7,6.25,103194
2024-10-12T00:20:00.000Z,9.53,7.98,672.9,6.27,103615
2024-10-12T00:21:00.000Z,9.81,8.68,678.5,7.16,117448
2024-10-12T00:22:00.000Z,9.85,9.14,678.5,7.17,117552
2024-10-12T00:23:00.000Z,9.52,8.64,670.2,8.84,139334
2024-10-12T00:24:00.000Z,10.44,9.02,670.2,8.84,139324
2024-10-12T00:25:00.000Z,11.07,9.24,679.3,3.98,114744
2024-10-12T00:26:00.000Z,11.09,9.60,682.1,4.02,110131
2024-10-12T00:27:00.000Z,11.13,10.12,680.8,3.83,107833
2024-10-12T00:28:00.000Z,11.08,9.76,676.6,3.50,107129
2024-10-12T00:29:00.000Z,11.02,8.99,99999.9,999.99,9999999.0
2024-10-12T00:30:00.000Z,11.09,8.94,99999.9,999.99,9999999.0
2024-10-12T00:31:00.000Z,11.07,8.23,99999.9,999.99,9999999.0
2024-10-12T00:32:00.000Z,11.07,7.37,692.8,3.90,76159
2024-10-12T00:33:00.000Z,11.03,7.16,692.8,3.90,76159
2024-10-12T00:34:00.000Z,11.14,7.79,684.4,3.60,79809
2024-10-12T00:35:00.000Z,11.11,6.89,683.0,3.56,80425
2024-10-12T00:36:00.000Z,11.15,7.17,685.7,3.39,78060
2024-10-12T00:37:00.000Z,11.13,4.80,688.5,3.43,82189
2024-10-12T00:38:00.000Z,11.19,4.51,704.2,3.50,102802
2024-10-12T00:39:00.000Z,11.36,5.17,708.6,2.81,97204
2024-10-12T00:40:00.000Z,11.41,6.16,704.4,2.52,96350
2024-10-12T00:41:00.000Z,11.43,6.48,706.0,2.46,80958
2024-10-12T00:42:00.000Z,11.23,6.40,706.3,2.75,90741
2024-10-12T00:43:00.000Z,11.18,6.80,706.7,3.11,102745
2024-10-12T00:44:00.000Z,11.14,6.84,706.5,3.11,105925
2024-10-12T00:45:00.000Z,11.23,7.57,705.0,3.11,129255
2024-10-12T00:46:00.000Z,11.22,8.00,706.3,2.71,96207
2024-10-12T00:47:00.000Z,11.04,7.70,706.6,2.62,89148
2024-10-12T00:48:00.000Z,11.04,7.91,701.4,3.34,97965
2024-10-12T00:49:00.000Z,11.02,7.70,701.1,3.34,92572
2024-10-12T00:50:00.000Z,10.89,7.88,699.7,3.35,71552
2024-10-12T00:51:00.000Z,10.75,7.50,699.7,3.35,71552
2024-10-12T00:52:00.000Z,10.72,7.35,99999.9,999.99,9999999.0
2024-10-12T00:53:00.000Z,11.07,7.25,706.9,2.79,145023
2024-10-12T00:54:00.000Z,11.63,7.50,701.5,2.29,123669
2024-10-12T00:55:00.000Z,11.59,7.37,686.1,0.91,63315
2024-10-12T00:56:00.000Z,11.43,7.36,693.8,1.31,105212
2024-10-12T00:57:00.000Z,10.84,8.09,694.0,1.32,106113
2024-10-12T00:58:00.000Z,10.66,8.46,690.0,2.51,108359
2024-10-12T00:59:00.000Z,10.63,8.28,689.9,2.53,108406
2024-10-12T01:00:00.000Z,10.61,7.93,689.9,2.53,108406
2024-10-12T01:01:00.000Z,10.57,8.10,99999.9,999.99,9999999.0
2024-10-12T01:02:00.000Z,10.51,8.09,99999.9,999.99,9999999.0
2024-10-12T01:03:00.000Z,10.44,7.94,690.8,2.95,115854
2024-10-12T01:04:00.000Z,10.13,7.46,690.8,2.95,115854
2024-10-12T01:05:00.000Z,10.07,7.13,690.8,2.95,115854
2024-10-12T01:06:00.000Z,10.07,7.32,99999.9,999.99,9999999.0
2024-10-12T01:07:00.000Z,10.04,7.26,99999.9,999.99,9999999.0
2024-10-12T01:08:00.000Z,9.99,7.04,99999.9,999.99,9999999.0
2024-10-12T01:09:00.000Z,9.89,6.58,99999.9,999.99,9999999.0
2024-10-12T01:10:00.000Z,9.87,7.16,99999.9,999.99,9999999.0
2024-10-12T01:11:00.000Z,9.81,7.25,690.8,2.29,89956
2024-10-12T01:12:00.000Z,10.31,7.43,690.8,2.29,89956
2024-10-12T01:13:00.000Z,10.76,8.09,694.4,1.80,88474
2024-10-12T01:14:00.000Z,10.76,8.07,694.4,1.80,88469
2024-10-12T01:15:00.000Z,10.72,7.47,99999.9,999.99,9999999.0
2024-10-12T01:16:00.000Z,10.54,7.05,99999.9,999.99,9999999.0
2024-10-12T01:17:00.000Z,10.41,6.80,99999.9,999.99,9999999.0
2024-10-12T01:18:00.000Z,10.34,7.34,99999.9,999.99,9999999.0
2024-10-12T01:19:00.000Z,10.26,7.32,99999.9,999.99,9999999.0
2024-10-12T01:20:00.000Z,10.16,7.19,688.2,2.31,86399
2024-10-12T01:21:00.000Z,10.06,6.94,688.2,2.31,86399
2024-10-12T01:22:00.000Z,9.83,6.43,690.1,2.71,85532
2024-10-12T01:23:00.000Z,9.63,5.80,690.1,2.71,85532
2024-10-12T01:24:00.000Z,8.88,4.14,687.6,2.95,96027
2024-10-12T01:25:00.000Z,9.07,4.73,687.6,2.95,96027
2024-10-12T01:26:00.000Z,9.43,5.09,683.2,2.88,96075
2024-10-12T01:27:00.000Z,9.37,6.08,683.2,2.88,96147
2024-10-12T01:28:00.000Z,9.52,7.83,688.7,3.07,109021
2024-10-12T01:29:00.000Z,9.89,8.30,688.7,3.07,108857
2024-10-12T01:30:00.000Z,9.98,8.52,693.7,2.34,67937
2024-10-12T01:31:00.000Z,10.05,8.99,687.2,2.26,105120
2024-10-12T01:32:00.000Z,10.11,8.71,683.0,2.20,128854
2024-10-12T01:33:00.000Z,10.08,8.54,684.4,2.39,96220
2024-10-12T01:34:00.000Z,10.01,8.63,684.4,2.39,96220
2024-10-12T01:35:00.000Z,10.03,8.61,680.6,1.94,131323
2024-10-12T01:36:00.000Z,10.02,8.12,679.9,1.94,128747
2024-10-12T01:37:00.000Z,9.84,8.08,672.2,1.96,99628
2024-10-12T01:38:00.000Z,9.84,8.07,676.3,2.03,120249
2024-10-12T01:39:00.000Z,9.83,8.13,677.3,2.05,124946
2024-10-12T01:40:00.000Z,9.82,8.17,675.0,2.07,116490
2024-10-12T01:41:00.000Z,9.80,8.14,670.9,1.88,92728
2024-10-12T01:42:00.000Z,9.83,8.13,669.5,1.83,84851
2024-10-12T01:43:00.000Z,9.77,8.01,99999.9,999.99,9999999.0
2024-10-12T01:44:00.000Z,9.73,8.12,674.3,2.08,108611
2024-10-12T01:45:00.000Z,9.71,8.04,672.3,1.96,84577
2024-10-12T01:46:00.000Z,9.72,8.11,672.3,2.05,88241
2024-10-12T01:47:00.000Z,9.75,8.16,673.3,2.17,102845
2024-10-12T01:48:00.000Z,9.75,8.28,671.3,2.20,97458
2024-10-12T01:49:00.000Z,9.74,8.23,671.2,2.20,97091
2024-10-12T01:50:00.000Z,9.71,8.29,674.8,2.16,115589
2024-10-12T01:51:00.000Z,9.72,8.17,674.8,2.16,115589
2024-10-12T01:52:00.000Z,9.65,8.14,673.6,2.30,102595
2024-10-12T01:53:00.000Z,9.63,8.16,673.6,2.30,102595
2024-10-12T01:54:00.000Z,9.64,8.11,674.1,2.19,116696
2024-10-12T01:55:00.000Z,9.66,8.09,674.1,2.18,117341
2024-10-12T01:56:00.000Z,9.63,8.06,674.6,2.19,100760
2024-10-12T01:57:00.000Z,9.57,8.00,674.7,2.18,102470
2024-10-12T01:58:00.000Z,9.53,7.91,676.2,2.12,126575
2024-10-12T01:59:00.000Z,9.51,7.78,676.2,2.12,126575
2024-10-12T02:00:00.000Z,9.47,7.72,675.6,1.98,111553
2024-10-12T02:01:00.000Z,9.47,7.87,675.6,1.98,111553
2024-10-12T02:02:00.000Z,9.51,8.14,672.6,1.95,114335
2024-10-12T02:03:00.000Z,9.52,8.16,672.1,1.96,119949
2024-10-12T02:04:00.000Z,9.49,8.06,672.0,1.97,123232
2024-10-12T02:05:00.000Z,9.46,8.00,668.5,1.95,138522
2024-10-12T02:06:00.000Z,9.47,7.99,668.5,1.95,135112
2024-10-12T02:07:00.000Z,9.45,7.96,668.4,1.93,119913
2024-10-12T02:08:00.000Z,9.44,7.90,668.9,1.92,119820
2024-10-12T02:09:00.000Z,9.39,7.87,671.4,1.87,119321
2024-10-12T02:10:00.000Z,9.38,7.78,673.9,1.95,124811
2024-10-12T02:11:00.000Z,9.33,7.74,674.4,1.97,126342
2024-10-12T02:12:00.000Z,9.28,7.92,667.6,1.96,129749
2024-10-12T02:13:00.000Z,9.28,7.37,665.4,1.84,141851
2024-10-12T02:14:00.000Z,9.15,7.62,664.8,1.80,145260
2024-10-12T02:15:00.000Z,9.18,7.96,650.0,1.84,130872
2024-10-12T02:16:00.000Z,8.91,7.96,648.9,1.89,142592
2024-10-12T02:17:00.000Z,8.63,7.81,645.6,2.05,173002
2024-10-12T02:18:00.000Z,9.00,7.84,644.2,2.08,172701
2024-10-12T02:19:00.000Z,9.20,7.78,666.9,1.85,164316
2024-10-12T02:20:00.000Z,9.17,7.61,668.0,1.85,163907
2024-10-12T02:21:00.000Z,9.12,7.66,674.3,1.83,126188
2024-10-12T02:22:00.000Z,9.20,8.06,672.3,1.80,126039
2024-10-12T02:23:00.000Z,9.09,7.94,657.7,1.63,144228
2024-10-12T02:24:00.000Z,9.12,8.29,654.3,1.64,162233
2024-10-12T02:25:00.000Z,9.04,8.15,667.4,1.61,139450
2024-10-12T02:26:00.000Z,9.09,8.18,667.4,1.61,139450
2024-10-12T02:27:00.000Z,9.13,8.15,665.2,1.61,156118
2024-10-12T02:28:00.000Z,9.16,8.17,663.9,1.61,165548
2024-10-12T02:29:00.000Z,9.11,8.07,664.7,1.62,170663
2024-10-12T02:30:00.000Z,9.17,7.13,664.1,1.61,171470
2024-10-12T02:31:00.000Z,9.26,6.09,636.2,1.32,176633
2024-10-12T02:32:00.000Z,9.33,5.49,633.1,1.42,204846
2024-10-12T02:33:00.000Z,9.15,6.93,99999.9,999.99,9999999.0
2024-10-12T02:34:00.000Z,9.20,7.07,99999.9,999.99,9999999.0
2024-10-12T02:35:00.000Z,9.36,6.49,609.6,0.98,218527
2024-10-12T02:36:00.000Z,9.34,6.47,609.6,0.98,218527
2024-10-12T02:37:00.000Z,9.33,6.38,608.1,1.07,194891
2024-10-12T02:38:00.000Z,9.38,6.56,608.2,1.09,192196
2024-10-12T02:39:00.000Z,9.50,6.46,613.3,1.19,196633
2024-10-12T02:40:00.000Z,9.80,6.10,616.5,1.11,254444
2024-10-12T02:41:00.000Z,9.84,6.32,617.0,1.10,263778
2024-10-12T02:42:00.000Z,9.85,6.17,99999.9,999.99,9999999.0
2024-10-12T02:43:00.000Z,9.82,5.88,615.2,0.88,127406
2024-10-12T02:44:00.000Z,9.81,5.86,615.2,0.88,127406
2024-10-12T02:45:00.000Z,9.83,6.58,622.1,1.09,85897
2024-10-12T02:46:00.000Z,9.83,6.58,622.1,1.09,85897
2024-10-12T02:47:00.000Z,9.86,6.38,618.4,1.16,95498
2024-10-12T02:48:00.000Z,9.87,6.73,618.4,1.16,95498
2024-10-12T02:49:00.000Z,9.91,6.54,619.9,1.06,82248
2024-10-12T02:50:00.000Z,9.92,6.73,620.2,1.03,79325
2024-10-12T02:51:00.000Z,9.93,6.68,620.2,1.03,79325
2024-10-12T02:52:00.000Z,9.93,6.75,627.2,1.02,66004
2024-10-12T02:53:00.000Z,9.96,6.72,627.2,1.02,66004
2024-10-12T02:54:00.000Z,9.99,6.83,619.9,1.00,88701
2024-10-12T02:55:00.000Z,9.94,6.71,619.9,1.00,88701
2024-10-12T02:56:00.000Z,9.96,6.57,623.1,0.72,143137
2024-10-12T02:57:00.000Z,9.98,6.98,623.1,0.72,143782
2024-10-12T02:58:00.000Z,10.00,7.05,625.4,0.75,169443
2024-10-12T02:59:00.000Z,10.02,6.92,625.8,0.76,173425
2024-10-12T03:00:00.000Z,10.13,7.32,628.6,0.73,174080
2024-10-12T03:01:00.000Z,10.25,7.29,629.4,0.72,174268
2024-10-12T03:02:00.000Z,10.25,7.25,605.0,0.60,105253
2024-10-12T03:03:00.000Z,10.16,6.96,605.0,0.60,105253
2024-10-12T03:04:00.000Z,10.23,7.19,610.0,0.76,143259
2024-10-12T03:05:00.000Z,10.16,7.10,613.5,0.76,139646
2024-10-12T03:06:00.000Z,10.10,7.03,626.1,0.85,161199
2024-10-12T03:07:00.000Z,10.05,6.96,630.5,0.90,162902
2024-10-12T03:08:00.000Z,10.07,6.95,632.9,0.91,152233
2024-10-12T03:09:00.000Z,10.16,7.08,626.4,0.82,129336
2024-10-12T03:10:00.000Z,10.16,6.75,628.5,0.73,132374
2024-10-12T03:11:00.000Z,10.16,6.72,633.9,0.87,171051
2024-10-12T03:12:00.000Z,10.13,6.52,634.5,0.89,175448
2024-10-12T03:13:00.000Z,10.13,6.71,631.3,0.82,155576
2024-10-12T03:14:00.000Z,10.13,7.20,631.3,0.82,155576
2024-10-12T03:15:00.000Z,10.14,6.75,628.9,0.74,142429
2024-10-12T03:16:00.000Z,10.28,6.71,625.8,0.64,120010
2024-10-12T03:17:00.000Z,10.32,6.72,621.1,0.51,86719
2024-10-12T03:18:00.000Z,10.28,6.43,610.7,0.51,110878
2024-10-12T03:19:00.000Z,10.22,6.16,610.7,0.51,110878
2024-10-12T03:20:00.000Z,10.17,6.50,605.7,0.54,126656
2024-10-12T03:21:00.000Z,10.18,7.05,610.5,0.53,116481
2024-10-12T03:22:00.000Z,10.12,7.09,618.6,0.51,99529
2024-10-12T03:23:00.000Z,10.12,7.11,616.3,0.52,131718
2024-10-12T03:24:00.000Z,10.11,7.13,616.3,0.52,132148
2024-10-12T03:25:00.000Z,10.09,7.12,615.0,0.50,143311
2024-10-12T03:26:00.000Z,10.01,6.92,617.8,0.57,204538
2024-10-12T03:27:00.000Z,10.01,6.92,618.2,0.58,214401
2024-10-12T03:28:00.000Z,10.02,7.27,609.8,0.55,162524
2024-10-12T03:29:00.000Z,10.00,7.29,609.8,0.55,162524
2024-10-12T03:30:00.000Z,9.97,7.23,605.3,0.55,172907
2024-10-12T03:31:00.000Z,9.92,7.31,606.2,0.57,174898
2024-10-12T03:32:00.000Z,9.89,7.29,607.0,0.59,177158
2024-10-12T03:33:00.000Z,9.93,7.32,607.1,0.60,189931
2024-10-12T03:34:00.000Z,9.95,7.32,609.9,0.57,178456
2024-10-12T03:35:00.000Z,9.92,7.33,610.1,0.56,175591
2024-10-12T03:36:00.000Z,9.85,7.34,609.9,0.52,170438
2024-10-12T03:37:00.000Z,9.83,7.05,613.0,0.50,137739
2024-10-12T03:38:00.000Z,9.79,7.04,612.9,0.50,138481
2024-10-12T03:39:00.000Z,9.81,7.29,608.5,0.56,174074
2024-10-12T03:40:00.000Z,9.80,7.29,608.5,0.56,174074
2024-10-12T03:41:00.000Z,9.82,7.21,605.9,0.60,183202
2024-10-12T03:42:00.000Z,9.82,7.10,604.2,0.61,185175
2024-10-12T03:43:00.000Z,9.80,7.12,99999.9,999.99,9999999.0
2024-10-12T03:44:00.000Z,9.81,6.98,608.6,0.63,171165
2024-10-12T03:45:00.000Z,9.79,7.13,609.5,0.62,172013
2024-10-12T03:46:00.000Z,9.76,7.17,609.9,0.61,172455
2024-10-12T03:47:00.000Z,9.74,7.56,625.0,0.60,235491
2024-10-12T03:48:00.000Z,9.70,7.33,625.0,0.61,251277
2024-10-12T03:49:00.000Z,9.68,7.37,622.4,0.69,189457
2024-10-12T03:50:00.000Z,9.68,7.38,622.4,0.69,189457
2024-10-12T03:51:00.000Z,9.64,7.22,622.6,0.73,206369
2024-10-12T03:52:00.000Z,9.63,7.28,622.8,0.78,230168
2024-10-12T03:53:00.000Z,9.60,7.29,622.8,0.78,230168
2024-10-12T03:54:00.000Z,9.57,7.26,99999.9,999.99,9999999.0
2024-10-12T03:55:00.000Z,9.56,7.08,614.8,0.74,200515
2024-10-12T03:56:00.000Z,9.58,7.22,614.8,0.74,200515
2024-10-12T03:57:00.000Z,9.61,6.80,612.9,0.76,182281
2024-10-12T03:58:00.000Z,9.62,7.22,612.9,0.76,182281
2024-10-12T03:59:00.000Z,9.58,6.67,615.6,0.77,192994
2024-10-12T04:00:00.000Z,9.62,7.61,619.0,0.73,220303
2024-10-12T04:01:00.000Z,9.47,7.79,632.6,0.64,232403
2024-10-12T04:02:00.000Z,9.50,8.05,649.9,0.64,176568
2024-10-12T04:03:00.000Z,9.47,7.92,635.8,0.65,213493
2024-10-12T04:04:00.000Z,9.36,7.98,630.1,0.73,257236
2024-10-12T04:05:00.000Z,8.98,7.71,635.9,0.83,279482
2024-10-12T04:06:00.000Z,9.01,7.76,637.6,0.85,282887
2024-10-12T04:07:00.000Z,9.05,7.89,635.7,0.82,257740
2024-10-12T04:08:00.000Z,9.11,7.85,635.7,0.82,257740
2024-10-12T04:09:00.000Z,9.05,7.89,643.3,0.81,249760
2024-10-12T04:10:00.000Z,9.06,7.96,645.3,0.81,247653
2024-10-12T04:11:00.000Z,9.07,8.00,645.3,0.81,247653
2024-10-12T04:12:00.000Z,9.11,8.01,644.8,0.80,247885
2024-10-12T04:13:00.000Z,9.12,7.99,644.8,0.80,247885
2024-10-12T04:14:00.000Z,9.17,8.05,644.8,0.80,247885
2024-10-12T04:15:00.000Z,9.33,8.17,643.3,0.69,198154
2024-10-12T04:16:00.000Z,9.43,8.23,643.3,0.69,198154
2024-10-12T04:17:00.000Z,9.45,8.21,635.4,0.58,136848
2024-10-12T04:18:00.000Z,9.43,8.29,635.4,0.58,136848
2024-10-12T04:19:00.000Z,9.41,8.29,635.4,0.58,136848
2024-10-12T04:20:00.000Z,9.15,8.11,636.9,0.73,221592
2024-10-12T04:21:00.000Z,9.11,7.99,636.9,0.73,221592
2024-10-12T04:22:00.000Z,9.05,7.95,99999.9,999.99,9999999.0
2024-10-12T04:23:00.000Z,9.04,7.91,621.0,0.82,260036
2024-10-12T04:24:00.000Z,9.00,7.90,621.0,0.82,260036
2024-10-12T04:25:00.000Z,9.04,8.05,614.2,0.79,274185
2024-10-12T04:26:00.000Z,9.06,8.06,614.2,0.79,274185
2024-10-12T04:27:00.000Z,9.01,8.10,615.0,0.80,277747
2024-10-12T04:28:00.000Z,8.82,7.92,618.6,0.86,294927
2024-10-12T04:29:00.000Z,8.47,7.67,618.6,0.86,294927
2024-10-12T04:30:00.000Z,8.41,7.62,605.7,1.10,380934
2024-10-12T04:31:00.000Z,8.61,7.90,605.7,1.10,380934
2024-10-12T04:32:00.000Z,7.73,7.08,599.3,1.30,403139
2024-10-12T04:33:00.000Z,8.07,7.31,599.3,1.30,403139
2024-10-12T04:34:00.000Z,7.83,7.14,612.5,1.31,382183
2024-10-12T04:35:00.000Z,7.85,7.14,612.5,1.31,382183
2024-10-12T04:36:00.000Z,7.74,7.11,604.6,1.40,417387
2024-10-12T04:37:00.000Z,7.92,7.26,604.6,1.40,417387
2024-10-12T04:38:00.000Z,8.43,7.41,604.6,1.40,417387
2024-10-12T04:39:00.000Z,8.46,7.53,607.3,1.13,374549
2024-10-12T04:40:00.000Z,8.47,7.57,608.9,1.17,389066
2024-10-12T04:41:00.000Z,9.16,8.40,608.2,1.22,448517
2024-10-12T04:42:00.000Z,9.15,8.27,618.4,0.67,291912
2024-10-12T04:43:00.000Z,9.14,8.35,618.4,0.67,291894
2024-10-12T04:44:00.000Z,9.18,8.28,610.5,0.66,321224
2024-10-12T04:45:00.000Z,9.16,8.09,590.5,0.65,395863
2024-10-12T04:46:00.000Z,9.16,8.21,579.0,0.63,350450
2024-10-12T04:47:00.000Z,9.14,8.38,581.5,0.58,363065
2024-10-12T04:48:00.000Z,9.07,8.28,588.9,0.54,398427
2024-10-12T04:49:00.000Z,9.08,8.35,584.1,0.55,433654
2024-10-12T04:50:00.000Z,9.02,8.35,580.8,0.50,402461
2024-10-12T04:51:00.000Z,8.88,8.24,580.3,0.52,401799
2024-10-12T04:52:00.000Z,8.81,8.22,579.3,0.54,415631
2024-10-12T04:53:00.000Z,8.79,8.26,578.1,0.55,430147
2024-10-12T04:54:00.000Z,8.78,8.30,578.1,0.55,430147
2024-10-12T04:55:00.000Z,8.72,8.18,575.6,0.52,412777
2024-10-12T04:56:00.000Z,8.64,7.91,575.6,0.52,412777
2024-10-12T04:57:00.000Z,8.62,8.01,571.2,0.48,385266
2024-10-12T04:58:00.000Z,8.54,8.12,573.9,0.48,388451
2024-10-12T04:59:00.000Z,8.50,8.03,584.3,0.47,400969
2024-10-12T05:00:00.000Z,8.45,7.98,584.3,0.47,400969
2024-10-12T05:01:00.000Z,8.42,7.94,576.6,0.50,386716
2024-10-12T05:02:00.000Z,8.29,7.73,577.9,0.51,387074
2024-10-12T05:03:00.000Z,8.14,7.28,582.4,0.54,383832
2024-10-12T05:04:00.000Z,8.07,7.43,569.0,0.62,296626
2024-10-12T05:05:00.000Z,8.01,7.49,566.7,0.62,313386
2024-10-12T05:06:00.000Z,7.98,7.46,567.3,0.62,334639
2024-10-12T05:07:00.000Z,7.88,7.39,581.1,0.55,320998
2024-10-12T05:08:00.000Z,7.86,7.45,580.1,0.55,290314
2024-10-12T05:09:00.000Z,7.80,7.39,573.0,0.69,367988
2024-10-12T05:10:00.000Z,7.75,7.32,573.0,0.69,367988
2024-10-12T05:11:00.000Z,7.67,7.16,578.2,0.66,319726
2024-10-12T05:12:00.000Z,7.60,7.12,578.9,0.66,313025
2024-10-12T05:13:00.000Z,7.51,7.11,570.1,1.18,138928
2024-10-12T05:14:00.000Z,7.52,7.12,572.1,1.11,112081
2024-10-12T05:15:00.000Z,7.55,7.10,572.8,1.09,103494
2024-10-12T05:16:00.000Z,7.55,6.92,555.4,0.97,158288
2024-10-12T05:17:00.000Z,7.51,6.72,555.4,0.97,158288
2024-10-12T05:18:00.000Z,7.47,6.39,557.2,0.92,186229
2024-10-12T05:19:00.000Z,7.44,6.66,559.2,0.88,207363
2024-10-12T05:20:00.000Z,7.40,6.72,567.9,1.06,180558
2024-10-12T05:21:00.000Z,7.40,6.68,570.6,1.01,157355
2024-10-12T05:22:00.000Z,7.39,6.69,571.3,0.99,151008
2024-10-12T05:23:00.000Z,7.35,6.61,570.2,1.00,200028
2024-10-12T05:24:00.000Z,7.30,6.61,570.2,1.00,200028
2024-10-12T05:25:00.000Z,7.25,6.53,570.2,1.00,200028
2024-10-12T05:26:00.000Z,7.21,6.56,566.6,1.06,199889
2024-10-12T05:27:00.000Z,7.18,6.53,566.6,1.06,199889
2024-10-12T05:28:00.000Z,7.15,6.54,573.5,1.06,192353
2024-10-12T05:29:00.000Z,7.09,6.48,578.1,1.06,187296
2024-10-12T05:30:00.000Z,7.17,6.57,99999.9,999.99,9999999.0
2024-10-12T05:31:00.000Z,7.17,6.56,579.3,0.88,208251
2024-10-12T05:32:00.000Z,7.12,6.51,579.3,0.88,208251
2024-10-12T05:33:00.000Z,6.71,6.14,564.0,1.47,211387
2024-10-12T05:34:00.000Z,6.65,6.04,564.2,1.47,210961
2024-10-12T05:35:00.000Z,6.49,5.73,570.2,1.49,194158
2024-10-12T05:36:00.000Z,6.30,5.45,570.2,1.49,194118
2024-10-12T05:37:00.000Z,6.34,5.47,565.7,2.02,126464
2024-10-12T05:38:00.000Z,6.40,5.66,565.7,2.02,126464
2024-10-12T05:39:00.000Z,6.43,5.69,572.5,1.91,115008
2024-10-12T05:40:00.000Z,6.60,5.79,572.5,1.91,115008
2024-10-12T05:41:00.000Z,6.51,5.70,572.2,1.66,118035
2024-10-12T05:42:00.000Z,6.73,5.94,572.2,1.66,118126
2024-10-12T05:43:00.000Z,6.80,5.93,575.8,1.42,124645
2024-10-12T05:44:00.000Z,6.92,6.18,575.0,1.48,104914
2024-10-12T05:45:00.000Z,7.02,6.30,573.7,1.43,128475
2024-10-12T05:46:00.000Z,7.03,6.40,575.6,1.54,129204
2024-10-12T05:47:00.000Z,6.99,6.35,576.2,1.54,96656
2024-10-12T05:48:00.000Z,6.86,6.29,577.9,2.09,118467
2024-10-12T05:49:00.000Z,6.82,6.05,579.5,1.83,92214
2024-10-12T05:50:00.000Z,6.96,6.15,582.7,1.73,91818
2024-10-12T05:51:00.000Z,6.94,6.11,583.3,1.75,94752
2024-10-12T05:52:00.000Z,6.86,6.01,582.7,1.80,93442
2024-10-12T05:53:00.000Z,6.76,5.94,579.7,1.77,83878
2024-10-12T05:54:00.000Z,6.62,5.99,579.7,1.77,83862
2024-10-12T05:55:00.000Z,6.56,5.89,574.2,2.29,84670
2024-10-12T05:56:00.000Z,6.59,5.89,574.2,2.29,84670
2024-10-12T05:57:00.000Z,6.73,6.08,99999.9,999.99,9999999.0
2024-10-12T05:58:00.000Z,6.74,5.96,577.6,2.07,90796
2024-10-12T05:59:00.000Z,6.84,5.96,579.3,2.14,82620
2024-10-12T06:00:00.000Z,6.84,5.69,579.2,2.29,75957
2024-10-12T06:01:00.000Z,6.88,5.47,572.8,2.35,77424
2024-10-12T06:02:00.000Z,6.91,5.39,572.1,2.36,77626
2024-10-12T06:03:00.000Z,6.92,5.46,574.0,2.17,72847
2024-10-12T06:04:00.000Z,6.90,5.38,574.0,2.17,72677
2024-10-12T06:05:00.000Z,6.85,5.29,574.2,2.36,64598
2024-10-12T06:06:00.000Z,6.91,5.31,574.2,2.38,63982
2024-10-12T06:07:00.000Z,6.86,1.28,564.9,1.90,63667
2024-10-12T06:08:00.000Z,6.84,-1.25,565.0,1.95,56967
2024-10-12T06:09:00.000Z,6.73,-2.17,565.4,2.12,33517
2024-10-12T06:10:00.000Z,6.82,-2.40,556.9,2.74,25958
2024-10-12T06:11:00.000Z,6.88,-1.30,556.9,2.74,25949
2024-10-12T06:12:00.000Z,6.83,-0.76,558.4,2.63,35197
2024-10-12T06:13:00.000Z,6.85,-0.48,558.3,2.63,33640
2024-10-12T06:14:00.000Z,6.96,0.06,558.0,2.64,26902
2024-10-12T06:15:00.000Z,7.01,0.29,563.1,2.54,23680
2024-10-12T06:16:00.000Z,7.08,1.04,563.1,2.54,23671
2024-10-12T06:17:00.000Z,7.09,1.20,560.4,3.04,21383
2024-10-12T06:18:00.000Z,7.15,1.06,560.4,3.04,21383
2024-10-12T06:19:00.000Z,7.14,1.20,99999.9,999.99,9999999.0
2024-10-12T06:20:00.000Z,7.15,1.28,564.4,2.55,24956
2024-10-12T06:21:00.000Z,7.20,1.15,564.4,2.55,24956
2024-10-12T06:22:00.000Z,7.23,1.14,565.6,2.28,19733
2024-10-12T06:23:00.000Z,7.23,1.29,565.6,2.28,19733
2024-10-12T06:24:00.000Z,7.22,1.59,565.6,2.28,19733
2024-10-12T06:25:00.000Z,7.23,2.01,99999.9,999.99,9999999.0
2024-10-12T06:26:00.000Z,7.27,1.93,563.2,2.01,23718
2024-10-12T06:27:00.000Z,7.20,2.00,563.2,2.01,23718
2024-10-12T06:28:00.000Z,7.10,1.66,566.0,2.31,22326
2024-10-12T06:29:00.000Z,6.83,1.43,566.0,2.31,22326
2024-10-12T06:30:00.000Z,6.95,1.83,99999.9,999.99,9999999.0
2024-10-12T06:31:00.000Z,7.06,3.14,562.7,2.11,33525
2024-10-12T06:32:00.000Z,7.03,2.65,563.1,2.15,32516
2024-10-12T06:33:00.000Z,6.93,2.55,565.0,2.36,23141
2024-10-12T06:34:00.000Z,6.91,3.15,563.0,2.25,23113
2024-10-12T06:35:00.000Z,6.92,3.30,562.9,2.67,20706
2024-10-12T06:36:00.000Z,6.98,3.64,560.5,2.46,19745
2024-10-12T06:37:00.000Z,6.91,3.70,559.4,2.35,19277
2024-10-12T06:38:00.000Z,6.89,3.65,554.7,2.65,20505
2024-10-12T06:39:00.000Z,6.99,3.94,554.7,2.64,20505
2024-10-12T06:40:00.000Z,7.06,4.42,555.4,2.43,20505
2024-10-12T06:41:00.000Z,7.02,4.32,556.1,2.41,19168
2024-10-12T06:42:00.000Z,7.01,4.77,556.3,2.41,18804
2024-10-12T06:43:00.000Z,6.99,5.02,551.0,2.05,26833
2024-10-12T06:44:00.000Z,6.93,4.96,551.4,2.08,26510
2024-10-12T06:45:00.000Z,6.88,4.92,554.9,2.33,23367
2024-10-12T06:46:00.000Z,6.89,5.12,554.7,2.36,23219
2024-10-12T06:47:00.000Z,6.90,5.36,554.3,2.47,22840
2024-10-12T06:48:00.000Z,6.89,5.55,554.3,2.47,22840
2024-10-12T06:49:00.000Z,6.86,5.77,547.5,2.50,20886
2024-10-12T06:50:00.000Z,6.91,6.07,547.4,2.50,20922
2024-10-12T06:51:00.000Z,6.75,5.96,536.1,2.50,25201
2024-10-12T06:52:00.000Z,6.16,5.32,521.5,1.99,74381
2024-10-12T06:53:00.000Z,6.18,5.30,512.1,1.06,146594
2024-10-12T06:54:00.000Z,6.46,5.10,529.8,0.39,262102
2024-10-12T06:55:00.000Z,6.55,5.06,529.8,0.39,262102
2024-10-12T06:56:00.000Z,6.59,4.86,529.8,0.32,241117
2024-10-12T06:57:00.000Z,6.55,4.90,529.6,0.32,241166
2024-10-12T06:58:00.000Z,6.50,4.95,518.2,0.31,243414
2024-10-12T06:59:00.000Z,6.43,4.92,518.2,0.31,243414
2024-10-12T07:00:00.000Z,6.36,4.82,99999.9,999.99,9999999.0
2024-10-12T07:01:00.000Z,6.51,4.56,513.5,0.33,282970
2024-10-12T07:02:00.000Z,6.52,4.93,513.5,0.33,282970
2024-10-12T07:03:00.000Z,6.49,5.23,533.3,0.30,210172
2024-10-12T07:04:00.000Z,6.34,5.31,528.5,0.32,210737
2024-10-12T07:05:00.000Z,6.33,5.45,539.9,0.36,227850
2024-10-12T07:06:00.000Z,6.36,5.51,526.0,0.38,193591
2024-10-12T07:07:00.000Z,6.26,5.44,525.5,0.38,192585
2024-10-12T07:08:00.000Z,6.19,5.48,524.8,0.37,182322
2024-10-12T07:09:00.000Z,6.32,5.57,523.1,0.34,152416
2024-10-12T07:10:00.000Z,6.29,5.22,530.2,0.35,226869
2024-10-12T07:11:00.000Z,6.03,5.18,546.1,0.45,227740
2024-10-12T07:12:00.000Z,6.00,5.11,547.2,0.46,226525
2024-10-12T07:13:00.000Z,6.05,5.08,99999.9,999.99,9999999.0
2024-10-12T07:14:00.000Z,6.03,4.92,99999.9,999.99,9999999.0
2024-10-12T07:15:00.000Z,6.06,4.99,538.9,0.37,259818
2024-10-12T07:16:00.000Z,6.10,5.07,540.1,0.36,249575
2024-10-12T07:17:00.000Z,5.93,5.05,544.0,0.36,238147
2024-10-12T07:18:00.000Z,5.86,4.80,540.1,0.41,210030
2024-10-12T07:19:00.000Z,6.04,5.24,540.1,0.41,210030
2024-10-12T07:20:00.000Z,5.73,4.78,540.1,0.41,210030
2024-10-12T07:21:00.000Z,5.69,4.87,99999.9,999.99,9999999.0
2024-10-12T07:22:00.000Z,5.65,4.99,515.0,0.56,249981
2024-10-12T07:23:00.000Z,5.54,4.95,515.0,0.56,249981
2024-10-12T07:24:00.000Z,5.31,4.01,520.7,0.97,115166
2024-10-12T07:25:00.000Z,5.36,4.36,520.7,0.97,115166
2024-10-12T07:26:00.000Z,5.44,5.04,515.2,0.92,157197
2024-10-12T07:27:00.000Z,5.34,5.00,507.4,0.88,204002
2024-10-12T07:28:00.000Z,5.38,4.71,507.1,0.93,190416
2024-10-12T07:29:00.000Z,5.57,4.64,524.7,0.87,218890
2024-10-12T07:30:00.000Z,5.99,5.57,524.7,0.87,218890
2024-10-12T07:31:00.000Z,5.60,4.78,529.5,0.90,204858
2024-10-12T07:32:00.000Z,5.85,5.51,522.7,0.80,236230
2024-10-12T07:33:00.000Z,5.62,2.83,512.8,0.65,281574
2024-10-12T07:34:00.000Z,5.57,2.25,545.0,0.77,111034
2024-10-12T07:35:00.000Z,5.75,2.18,545.0,0.77,111034
2024-10-12T07:36:00.000Z,5.66,1.97,545.0,0.77,111034
2024-10-12T07:37:00.000Z,6.09,2.01,99999.9,999.99,9999999.0
2024-10-12T07:38:00.000Z,5.92,3.94,544.0,0.49,290406
2024-10-12T07:39:00.000Z,6.03,5.52,547.9,0.54,261345
2024-10-12T07:40:00.000Z,6.10,5.71,551.8,0.42,417038
2024-10-12T07:41:00.000Z,5.48,5.22,549.3,0.43,458108
2024-10-12T07:42:00.000Z,5.49,4.88,99999.9,999.99,9999999.0
2024-10-12T07:43:00.000Z,5.51,4.83,536.5,0.40,433315
2024-10-12T07:44:00.000Z,5.57,4.74,536.5,0.40,433315
2024-10-12T07:45:00.000Z,5.54,4.55,544.3,0.43,490704
2024-10-12T07:46:00.000Z,6.25,5.33,544.3,0.43,490704
2024-10-12T07:47:00.000Z,6.32,5.72,99999.9,999.99,9999999.0
2024-10-12T07:48:00.000Z,6.09,5.15,99999.9,999.99,9999999.0
2024-10-12T07:49:00.000Z,6.55,5.56,99999.9,999.99,9999999.0
2024-10-12T07:50:00.000Z,6.34,5.03,525.7,0.35,309392
2024-10-12T07:51:00.000Z,5.35,4.73,527.7,0.35,326892
2024-10-12T07:52:00.000Z,5.31,4.55,544.9,0.82,227934
2024-10-12T07:53:00.000Z,6.04,5.19,544.9,0.82,227934
2024-10-12T07:54:00.000Z,6.10,5.09,544.9,0.82,227934
2024-10-12T07:55:00.000Z,6.47,5.33,519.6,0.77,70910
2024-10-12T07:56:00.000Z,6.86,5.85,522.7,0.99,50403
2024-10-12T07:57:00.000Z,6.80,6.03,524.7,1.00,42072
2024-10-12T07:58:00.000Z,6.40,5.75,524.8,0.99,41911
2024-10-12T07:59:00.000Z,6.17,5.43,99999.9,999.99,9999999.0
2024-10-12T08:00:00.000Z,6.25,5.65,499.7,1.47,100809
2024-10-12T08:01:00.000Z,6.80,5.75,507.8,1.40,88801
2024-10-12T08:02:00.000Z,6.03,4.75,523.1,1.09,74368
2024-10-12T08:03:00.000Z,5.94,4.67,520.1,0.83,92967
2024-10-12T08:04:00.000Z,6.29,5.26,99999.9,999.99,9999999.0
2024-10-12T08:05:00.000Z,5.88,4.86,99999.9,999.99,9999999.0
2024-10-12T08:06:00.000Z,6.63,5.39,511.3,1.08,63354
2024-10-12T08:07:00.000Z,6.68,5.14,511.3,1.08,63354
2024-10-12T08:08:00.000Z,6.70,5.33,99999.9,999.99,9999999.0
2024-10-12T08:09:00.000Z,6.47,5.37,520.2,1.18,96317
2024-10-12T08:10:00.000Z,5.82,5.05,520.2,1.18,96317
2024-10-12T08:11:00.000Z,6.60,5.81,516.1,1.15,112803
2024-10-12T08:12:00.000Z,7.01,6.18,516.1,1.15,112803
2024-10-12T08:13:00.000Z,6.38,5.62,518.0,0.90,114481
2024-10-12T08:14:00.000Z,5.80,5.10,518.0,0.90,114481
2024-10-12T08:15:00.000Z,6.43,5.89,528.7,0.87,97625
2024-10-12T08:16:00.000Z,5.95,5.50,528.7,0.87,97625
2024-10-12T08:17:00.000Z,5.81,5.37,521.5,0.96,127880
2024-10-12T08:18:00.000Z,5.64,5.20,515.8,1.06,155860
2024-10-12T08:19:00.000Z,5.80,5.10,518.6,1.06,149703
2024-10-12T08:20:00.000Z,6.00,5.12,518.4,1.10,160648
2024-10-12T08:21:00.000Z,5.85,4.95,516.5,0.96,180835
2024-10-12T08:22:00.000Z,5.64,4.74,516.5,0.94,189418
2024-10-12T08:23:00.000Z,5.57,4.81,517.8,0.84,234718
2024-10-12T08:24:00.000Z,5.55,4.81,519.1,0.80,279114
2024-10-12T08:25:00.000Z,5.57,4.69,519.2,0.80,282474
2024-10-12T08:26:00.000Z,5.38,4.69,99999.9,999.99,9999999.0
2024-10-12T08:27:00.000Z,5.37,4.83,531.3,0.55,408490
2024-10-12T08:28:00.000Z,5.17,4.54,525.7,0.58,402171
2024-10-12T08:29:00.000Z,5.37,4.88,519.5,0.62,394076
2024-10-12T08:30:00.000Z,5.18,4.65,520.3,0.64,388906
2024-10-12T08:31:00.000Z,4.84,4.01,535.8,0.64,352791
2024-10-12T08:32:00.000Z,4.80,3.77,535.9,0.64,352234
2024-10-12T08:33:00.000Z,4.47,3.39,99999.9,999.99,9999999.0
2024-10-12T08:34:00.000Z,4.65,3.54,535.0,0.73,360384
2024-10-12T08:35:00.000Z,4.88,4.14,533.3,0.71,361630
2024-10-12T08:36:00.000Z,4.80,4.38,525.8,0.63,378768
2024-10-12T08:37:00.000Z,4.72,4.39,521.7,0.63,471722
2024-10-12T08:38:00.000Z,4.05,3.77,522.1,0.55,390744
2024-10-12T08:39:00.000Z,3.80,3.51,522.5,0.59,425141
2024-10-12T08:40:00.000Z,4.24,4.06,523.3,0.68,499680
2024-10-12T08:41:00.000Z,4.36,4.20,510.1,0.64,417427
2024-10-12T08:42:00.000Z,4.34,3.97,510.0,0.64,416784
2024-10-12T08:43:00.000Z,4.46,3.71,518.1,0.74,437360
2024-10-12T08:44:00.000Z,4.79,3.71,517.0,0.72,445136
2024-10-12T08:45:00.000Z,4.88,3.94,515.6,0.70,455579
2024-10-12T08:46:00.000Z,4.98,3.86,526.1,0.70,321257
2024-10-12T08:47:00.000Z,4.96,3.88,526.1,0.70,321257
2024-10-12T08:48:00.000Z,4.92,3.76,524.6,0.74,349940
2024-10-12T08:49:00.000Z,4.83,3.36,524.8,0.75,355171
2024-10-12T08:50:00.000Z,4.71,2.68,526.1,0.78,363995
2024-10-12T08:51:00.000Z,4.50,2.47,524.8,0.85,310472
2024-10-12T08:52:00.000Z,4.40,2.55,526.0,0.81,330954
2024-10-12T08:53:00.000Z,4.32,2.49,525.2,0.77,341822
2024-10-12T08:54:00.000Z,4.20,2.51,520.2,0.83,361412
2024-10-12T08:55:00.000Z,9999.99,9999.99,520.2,0.83,361412
2024-10-12T08:56:00.000Z,4.21,2.50,99999.9,999.99,9999999.0
2024-10-12T08:57:00.000Z,4.21,2.50,99999.9,999.99,9999999.0
2024-10-12T08:58:00.000Z,9999.99,9999.99,99999.9,999.99,9999999.0
2024-10-12T08:59:00.000Z,9999.99,9999.99,99999.9,999.99,9999999.0
2024-10-12T09:00:00.000Z,9999.99,9999.99,99999.9,999.99,9999999.0
2024-10-12T09:01:00.000Z,4.05,2.24,99999.9,999.99,9999999.0
2024-10-12T09:02:00.000Z,9999.99,9999.99,99999.9,999.99,9999999.0
2024-10-12T09:03:00.000Z,3.70,-0.40,99999.9,999.99,9999999.0
2024-10-12T09:04:00.000Z,4.43,-1.87,578.7,0.55,213753
2024-10-12T09:05:00.000Z,6.07,-4.27,577.4,0.53,213888
2024-10-12T09:06:00.000Z,5.28,-3.73,557.1,0.58,304231
2024-10-12T09:07:00.000Z,5.67,-3.05,573.0,0.65,259975
2024-10-12T09:08:00.000Z,6.28,-4.07,595.6,0.65,194085
2024-10-12T09:09:00.000Z,5.66,-2.58,595.6,0.65,194089
2024-10-12T09:10:00.000Z,6.00,-4.75,99999.9,999.99,9999999.0
2024-10-12T09:11:00.000Z,6.03,-4.45,581.4,0.67,216061
2024-10-12T09:12:00.000Z,6.38,-5.35,581.1,0.67,219201
2024-10-12T09:13:00.000Z,6.35,-5.33,579.3,0.66,235175
2024-10-12T09:14:00.000Z,6.37,-5.48,581.0,0.65,216471
2024-10-12T09:15:00.000Z,6.31,-5.50,583.2,0.64,190678
2024-10-12T09:16:00.000Z,6.15,-5.58,581.8,0.64,196849
2024-10-12T09:17:00.000Z,6.14,-5.51,572.2,0.67,236629
2024-10-12T09:18:00.000Z,6.14,-5.47,581.7,0.61,183457
2024-10-12T09:19:00.000Z,6.33,-5.70,582.8,0.59,172422
2024-10-12T09:20:00.000Z,6.36,-5.83,582.2,0.58,165232
2024-10-12T09:21:00.000Z,6.30,-5.75,585.4,0.58,146831
2024-10-12T09:22:00.000Z,6.42,-5.68,586.6,0.58,139926
2024-10-12T09:23:00.000Z,6.35,-5.47,581.4,0.64,142899
2024-10-12T09:24:00.000Z,6.31,-5.63,585.4,0.67,158231
2024-10-12T09:25:00.000Z,6.21,-4.60,592.7,0.74,173555
2024-10-12T09:26:00.000Z,6.20,-4.80,608.9,0.91,118221
2024-10-12T09:27:00.000Z,6.15,-2.50,629.8,1.10,108735
2024-10-12T09:28:00.000Z,6.27,-2.80,632.6,1.13,107588
2024-10-12T09:29:00.000Z,6.37,-2.26,99999.9,999.99,9999999.0
2024-10-12T09:30:00.000Z,6.46,-2.54,607.5,1.05,125250
2024-10-12T09:31:00.000Z,6.41,-4.48,607.2,1.05,124988
2024-10-12T09:32:00.000Z,6.46,-4.38,591.1,1.02,112368
2024-10-12T09:33:00.000Z,6.51,-4.25,593.0,0.92,125286
2024-10-12T09:34:00.000Z,6.69,-3.87,595.8,0.84,138869
2024-10-12T09:35:00.000Z,6.72,-3.82,602.6,1.11,172653
2024-10-12T09:36:00.000Z,6.68,-3.94,602.7,1.11,173037
2024-10-12T09:37:00.000Z,6.68,-3.82,597.9,0.95,97091
2024-10-12T09:38:00.000Z,6.69,-4.17,597.9,0.95,97091
2024-10-12T09:39:00.000Z,6.69,-4.35,595.0,1.01,118367
2024-10-12T09:40:00.000Z,6.63,-4.23,593.4,1.02,113008
2024-10-12T09:41:00.000Z,6.67,-4.02,591.3,1.00,80276
2024-10-12T09:42:00.000Z,6.61,-3.48,596.1,0.92,67289
2024-10-12T09:43:00.000Z,6.58,-3.58,584.7,0.93,92960
2024-10-12T09:44:00.000Z,6.61,-3.97,584.3,0.97,89704
2024-10-12T09:45:00.000Z,6.49,-2.92,583.7,1.12,78452
2024-10-12T09:46:00.000Z,6.44,-3.99,585.7,1.35,72902
2024-10-12T09:47:00.000Z,6.37,-3.57,585.7,1.35,72847
2024-10-12T09:48:00.000Z,6.45,-3.58,584.0,1.45,87730
2024-10-12T09:49:00.000Z,6.48,-3.56,584.0,1.45,87730
2024-10-12T09:50:00.000Z,6.53,-3.46,582.9,1.40,85623
2024-10-12T09:51:00.000Z,6.50,-3.95,582.9,1.40,85623
2024-10-12T09:52:00.000Z,6.50,-4.38,584.7,1.85,73479
2024-10-12T09:53:00.000Z,6.42,-4.04,584.7,1.85,73479
2024-10-12T09:54:00.000Z,6.39,-4.27,586.3,1.71,86674
2024-10-12T09:55:00.000Z,6.55,-4.48,586.3,1.71,86674
2024-10-12T09:56:00.000Z,6.54,-4.47,584.4,1.62,74498
2024-10-12T09:57:00.000Z,6.54,-4.64,584.3,1.63,74283
2024-10-12T09:58:00.000Z,6.53,-4.81,581.7,1.78,69200
2024-10-12T09:59:00.000Z,6.53,-4.81,581.6,1.78,69077
2024-10-12T10:00:00.000Z,6.56,-4.87,580.4,1.47,64218
2024-10-12T10:01:00.000Z,6.57,-5.13,579.7,1.47,64052
2024-10-12T10:02:00.000Z,6.58,-5.19,572.0,1.49,62146
2024-10-12T10:03:00.000Z,6.58,-5.16,572.0,1.49,62146
2024-10-12T10:04:00.000Z,6.60,-5.14,99999.9,999.99,9999999.0
2024-10-12T10:05:00.000Z,6.66,-5.25,574.3,1.19,71136
2024-10-12T10:06:00.000Z,6.65,-5.26,574.3,1.19,71136
2024-10-12T10:07:00.000Z,6.61,-5.35,576.4,1.20,74962
2024-10-12T10:08:00.000Z,6.49,-5.36,576.4,1.20,74962
2024-10-12T10:09:00.000Z,6.49,-5.13,576.4,1.20,74962
2024-10-12T10:10:00.000Z,6.64,-5.39,576.4,1.14,89909
2024-10-12T10:11:00.000Z,6.63,-5.48,576.4,1.14,89909
2024-10-12T10:12:00.000Z,6.24,-4.98,572.7,1.68,71219
2024-10-12T10:13:00.000Z,6.08,-4.62,572.6,1.70,72412
2024-10-12T10:14:00.000Z,6.07,-4.70,570.7,1.97,92304
2024-10-12T10:15:00.000Z,6.01,-5.46,569.3,1.76,80172
2024-10-12T10:16:00.000Z,6.03,-5.40,568.8,1.69,75773
2024-10-12T10:17:00.000Z,6.06,-5.51,568.5,1.60,63707
2024-10-12T10:18:00.000Z,6.08,-5.59,568.6,1.60,63870
2024-10-12T10:19:00.000Z,6.08,-5.34,578.9,1.40,83439
2024-10-12T10:20:00.000Z,5.90,-5.39,577.0,1.69,78137
2024-10-12T10:21:00.000Z,6.17,-5.56,576.6,1.74,76977
2024-10-12T10:22:00.000Z,6.03,-5.43,583.2,1.52,84670
2024-10-12T10:23:00.000Z,5.89,-5.30,583.2,1.52,84670
2024-10-12T10:24:00.000Z,5.91,-5.38,581.6,2.35,67611
2024-10-12T10:25:00.000Z,5.73,-4.35,581.4,2.45,65645
2024-10-12T10:26:00.000Z,5.81,-3.77,606.1,2.39,71843
2024-10-12T10:27:00.000Z,5.64,-4.48,606.1,2.39,71843
2024-10-12T10:28:00.000Z,5.45,-4.86,596.0,2.99,68018
2024-10-12T10:29:00.000Z,5.46,-4.81,596.0,2.99,68018
2024-10-12T10:30:00.000Z,5.59,-4.78,99999.9,999.99,9999999.0
2024-10-12T10:31:00.000Z,5.80,-4.76,595.3,2.69,92304
2024-10-12T10:32:00.000Z,6.01,-4.76,593.5,2.56,87243
2024-10-12T10:33:00.000Z,6.26,-4.04,584.7,1.98,62847
2024-10-12T10:34:00.000Z,6.13,-4.27,589.2,2.40,54838
2024-10-12T10:35:00.000Z,5.95,-4.06,589.6,2.44,54305
2024-10-12T10:36:00.000Z,6.04,-3.84,585.6,2.46,62672
2024-10-12T10:37:00.000Z,6.32,-3.97,583.1,2.47,67896
2024-10-12T10:38:00.000Z,6.52,-4.44,584.5,2.00,64963
2024-10-12T10:39:00.000Z,6.24,-4.45,587.6,2.21,64937
2024-10-12T10:40:00.000Z,5.57,-4.24,591.5,2.76,68370
2024-10-12T10:41:00.000Z,5.94,-3.98,600.9,2.98,81620
2024-10-12T10:42:00.000Z,9999.99,9999.99,600.9,2.98,81620
2024-10-12T10:43:00.000Z,5.66,-3.94,591.6,2.66,68628
2024-10-12T10:44:00.000Z,5.67,-4.11,584.3,2.67,71164
2024-10-12T10:45:00.000Z,5.82,-4.29,577.9,2.69,73358
2024-10-12T10:46:00.000Z,5.58,-3.87,576.0,1.93,97916
2024-10-12T10:47:00.000Z,5.69,-4.65,576.6,1.86,83740
2024-10-12T10:48:00.000Z,5.68,-2.67,577.4,2.04,81453
2024-10-12T10:49:00.000Z,5.93,-0.35,577.7,2.31,91223
2024-10-12T10:50:00.000Z,6.19,1.57,567.4,1.45,105970
2024-10-12T10:51:00.000Z,6.22,1.79,571.1,1.11,111472
2024-10-12T10:52:00.000Z,6.21,1.59,572.2,1.01,113064
2024-10-12T10:53:00.000Z,6.17,1.42,577.5,1.06,113850
2024-10-12T10:54:00.000Z,6.12,1.43,577.5,1.06,113850
2024-10-12T10:55:00.000Z,6.24,1.97,99999.9,999.99,9999999.0
2024-10-12T10:56:00.000Z,6.25,2.27,577.1,0.99,99922
2024-10-12T10:57:00.000Z,6.25,2.69,577.1,0.99,99922
2024-10-12T10:58:00.000Z,6.30,3.40,577.1,0.99,99922
2024-10-12T10:59:00.000Z,6.24,3.61,584.8,1.01,110366
2024-10-12T11:00:00.000Z,6.28,3.73,581.0,1.03,127190
2024-10-12T11:01:00.000Z,6.34,3.80,573.9,0.96,118056
2024-10-12T11:02:00.000Z,6.40,3.40,570.0,0.94,112107
2024-10-12T11:03:00.000Z,6.41,3.44,570.5,0.90,112960
2024-10-12T11:04:00.000Z,6.46,3.40,567.4,0.87,107588
2024-10-12T11:05:00.000Z,6.52,3.64,567.4,0.87,107588
2024-10-12T11:06:00.000Z,6.54,3.85,99999.9,999.99,9999999.0
2024-10-12T11:07:00.000Z,6.53,3.76,551.1,0.95,109948
2024-10-12T11:08:00.000Z,6.59,3.92,551.1,0.95,109948
2024-10-12T11:09:00.000Z,6.63,4.85,540.6,0.84,100218
2024-10-12T11:10:00.000Z,6.64,4.73,540.6,0.84,100218
2024-10-12T11:11:00.000Z,6.73,4.91,540.6,0.84,100218
2024-10-12T11:12:00.000Z,6.79,5.14,548.8,0.80,94682
2024-10-12T11:13:00.000Z,6.75,4.85,548.8,0.80,94682
2024-10-12T11:14:00.000Z,6.80,5.05,545.5,0.87,118357
2024-10-12T11:15:00.000Z,6.87,4.87,543.5,0.92,132679
2024-10-12T11:16:00.000Z,6.88,4.84,543.5,0.92,132724
2024-10-12T11:17:00.000Z,6.98,5.09,543.5,0.92,134841
2024-10-12T11:18:00.000Z,7.00,5.16,543.5,0.92,134841
2024-10-12T11:19:00.000Z,6.98,4.91,541.3,0.87,130423
2024-10-12T11:20:00.000Z,7.00,4.52,541.7,0.88,129110
2024-10-12T11:21:00.000Z,6.97,5.05,546.5,0.93,114692
2024-10-12T11:22:00.000Z,6.97,5.11,546.5,0.93,114692
2024-10-12T11:23:00.000Z,7.10,5.44,547.3,0.86,140673
2024-10-12T11:24:00.000Z,7.08,5.40,547.3,0.86,140673
2024-10-12T11:25:00.000Z,7.12,5.28,550.1,0.86,148660
2024-10-12T11:26:00.000Z,7.12,5.26,550.1,0.86,148660
2024-10-12T11:27:00.000Z,7.20,5.42,545.1,0.84,136733
2024-10-12T11:28:00.000Z,7.23,5.36,547.9,0.86,141773
2024-10-12T11:29:00.000Z,7.33,5.35,555.0,0.91,154449
2024-10-12T11:30:00.000Z,7.35,5.67,551.7,0.87,160960
2024-10-12T11:31:00.000Z,7.37,5.46,551.7,0.87,160960
2024-10-12T11:32:00.000Z,7.41,5.82,548.3,0.91,178581
2024-10-12T11:33:00.000Z,7.44,6.37,549.6,0.90,174240
2024-10-12T11:34:00.000Z,7.48,6.63,555.1,0.88,155699
2024-10-12T11:35:00.000Z,7.37,6.64,558.4,0.95,149078
2024-10-12T11:36:00.000Z,7.35,6.49,560.7,1.02,160031
2024-10-12T11:37:00.000Z,7.42,4.77,565.6,1.14,186154
2024-10-12T11:38:00.000Z,7.59,4.55,562.6,1.01,153742
2024-10-12T11:39:00.000Z,7.62,4.82,562.6,1.01,153741
2024-10-12T11:40:00.000Z,7.57,4.97,554.0,1.12,171550
2024-10-12T11:41:00.000Z,7.70,5.34,555.5,1.10,169251
2024-10-12T11:42:00.000Z,7.78,6.76,565.6,0.98,154180
2024-10-12T11:43:00.000Z,7.76,5.96,566.2,0.97,153314
2024-10-12T11:44:00.000Z,7.77,6.09,99999.9,999.99,9999999.0
2024-10-12T11:45:00.000Z,7.86,6.29,568.1,1.05,152264
2024-10-12T11:46:00.000Z,7.98,5.97,568.2,1.03,153734
2024-10-12T11:47:00.000Z,7.97,6.26,567.9,0.83,101502
2024-10-12T11:48:00.000Z,8.05,6.82,571.2,0.98,120898
2024-10-12T11:49:00.000Z,8.02,6.56,572.5,1.05,128408
2024-10-12T11:50:00.000Z,7.13,-5.11,99999.9,999.99,9999999.0
2024-10-12T11:51:00.000Z,7.57,-6.50,99999.9,999.99,9999999.0
2024-10-12T11:52:00.000Z,7.42,-5.86,99999.9,999.99,9999999.0
2024-10-12T11:53:00.000Z,6.96,-2.12,591.0,3.51,91785
2024-10-12T11:54:00.000Z,7.19,-2.44,591.0,3.51,91785
2024-10-12T11:55:00.000Z,5.56,2.76,99999.9,999.99,9999999.0
2024-10-12T11:56:00.000Z,5.77,4.42,99999.9,999.99,9999999.0
2024-10-12T11:57:00.000Z,5.60,4.32,99999.9,999.99,9999999.0
2024-10-12T11:58:00.000Z,5.48,3.54,602.3,7.78,75047
2024-10-12T11:59:00.000Z,5.45,3.29,602.3,7.78,75047
2024-10-12T12:00:00.000Z,5.42,3.16,602.3,7.78,75047
2024-10-12T12:01:00.000Z,5.26,3.44,99999.9,999.99,9999999.0
2024-10-12T12:02:00.000Z,2.91,0.97,99999.9,999.99,9999999.0
2024-10-12T12:03:00.000Z,3.44,2.09,599.8,7.24,171036
2024-10-12T12:04:00.000Z,4.44,-1.76,599.8,7.24,171036
2024-10-12T12:05:00.000Z,2.90,1.37,603.0,8.06,192107
2024-10-12T12:06:00.000Z,3.12,0.19,603.0,8.06,192107
2024-10-12T12:07:00.000Z,4.07,-2.47,603.0,8.06,192107
2024-10-12T12:08:00.000Z,3.42,-1.63,615.5,8.20,233990
2024-10-12T12:09:00.000Z,3.71,-1.54,615.7,6.48,163752
2024-10-12T12:10:00.000Z,4.50,-2.91,617.4,4.11,63505
2024-10-12T12:11:00.000Z,3.97,-3.47,623.3,5.19,99186
2024-10-12T12:12:00.000Z,4.65,-3.34,623.3,5.19,99186
2024-10-12T12:13:00.000Z,4.54,-3.13,621.3,5.42,57790
2024-10-12T12:14:00.000Z,4.33,-2.76,620.1,4.22,67521
2024-10-12T12:15:00.000Z,4.38,-1.65,619.7,3.81,70929
2024-10-12T12:16:00.000Z,4.94,-2.18,603.3,5.07,89144
2024-10-12T12:17:00.000Z,4.82,-1.72,616.6,4.27,77964
2024-10-12T12:18:00.000Z,4.47,-0.34,622.8,4.10,74717
2024-10-12T12:19:00.000Z,3.86,1.23,598.1,6.42,126833
2024-10-12T12:20:00.000Z,3.90,0.43,601.2,6.52,97632
2024-10-12T12:21:00.000Z,4.25,0.33,600.9,3.75,78060
2024-10-12T12:22:00.000Z,4.30,-2.29,607.8,3.65,74612
2024-10-12T12:23:00.000Z,4.70,-2.33,621.4,3.47,67858
2024-10-12T12:24:00.000Z,4.63,-2.57,99999.9,999.99,9999999.0
2024-10-12T12:25:00.000Z,5.15,-2.58,603.3,3.37,70391
2024-10-12T12:26:00.000Z,5.06,-2.27,608.7,3.65,71577
2024-10-12T12:27:00.000Z,4.48,-1.90,619.5,3.83,69548
2024-10-12T12:28:00.000Z,4.03,-1.02,612.3,5.44,87480
2024-10-12T12:29:00.000Z,3.91,-0.48,607.5,6.41,102619
2024-10-12T12:30:00.000Z,3.36,0.22,607.2,6.47,103644
2024-10-12T12:31:00.000Z,4.38,-2.00,629.6,4.80,57991
2024-10-12T12:32:00.000Z,4.72,-2.28,629.6,4.80,57991
2024-10-12T12:33:00.000Z,4.84,-2.33,99999.9,999.99,9999999.0
2024-10-12T12:34:00.000Z,4.35,-2.45,99999.9,999.99,9999999.0
2024-10-12T12:35:00.000Z,4.56,-2.55,623.5,4.78,54414
2024-10-12T12:36:00.000Z,4.41,-2.60,623.5,4.78,54414
2024-10-12T12:37:00.000Z,4.39,-2.86,623.5,4.78,54414
2024-10-12T12:38:00.000Z,4.65,-3.06,99999.9,999.99,9999999.0
2024-10-12T12:39:00.000Z,4.68,-1.18,621.5,3.50,59575
2024-10-12T12:40:00.000Z,4.88,-0.14,621.5,3.50,59575
2024-10-12T12:41:00.000Z,4.88,-0.55,621.5,3.50,59575
2024-10-12T12:42:00.000Z,4.89,-0.28,99999.9,999.99,9999999.0
2024-10-12T12:43:00.000Z,4.86,-0.19,622.9,2.42,68872
2024-10-12T12:44:00.000Z,4.89,0.09,622.9,2.42,68872
2024-10-12T12:45:00.000Z,4.78,-0.05,622.9,2.42,68872
2024-10-12T12:46:00.000Z,4.37,-0.83,617.9,2.64,102895
2024-10-12T12:47:00.000Z,3.70,-1.40,617.9,2.64,102895
2024-10-12T12:48:00.000Z,3.63,-0.93,618.0,4.89,85050
2024-10-12T12:49:00.000Z,3.26,-0.86,618.7,5.22,81218
2024-10-12T12:50:00.000Z,3.65,-0.92,619.7,5.18,69864
2024-10-12T12:51:00.000Z,4.27,-1.64,623.9,4.90,56432
2024-10-12T12:52:00.000Z,4.69,-1.29,627.7,4.72,52442
2024-10-12T12:53:00.000Z,4.65,-1.22,629.4,4.00,47455
2024-10-12T12:54:00.000Z,4.36,-0.87,628.7,3.90,44990
2024-10-12T12:55:00.000Z,4.32,-1.16,625.0,4.18,50204
2024-10-12T12:56:00.000Z,3.99,-1.14,633.5,4.14,52792
2024-10-12T12:57:00.000Z,4.15,-0.65,629.5,3.92,54223
2024-10-12T12:58:00.000Z,4.08,-0.78,628.4,3.86,53568
2024-10-12T12:59:00.000Z,4.05,-0.90,624.1,4.11,47942
2024-10-12T13:00:00.000Z,4.09,-1.09,624.1,4.11,47942
2024-10-12T13:01:00.000Z,4.08,-0.95,99999.9,999.99,9999999.0
2024-10-12T13:02:00.000Z,4.15,-0.61,99999.9,999.99,9999999.0
2024-10-12T13:03:00.000Z,4.14,-0.35,99999.9,999.99,9999999.0
2024-10-12T13:04:00.000Z,4.10,-0.18,629.4,4.40,55361
2024-10-12T13:05:00.000Z,4.11,-0.62,629.4,4.40,55361
2024-10-12T13:06:00.000Z,4.14,-0.70,630.4,3.98,45421
2024-10-12T13:07:00.000Z,4.24,-0.81,630.4,3.98,45421
2024-10-12T13:08:00.000Z,4.01,-0.95,99999.9,999.99,9999999.0
2024-10-12T13:09:00.000Z,3.96,-0.90,633.1,4.10,43421
2024-10-12T13:10:00.000Z,3.83,-0.98,633.1,4.10,43421
2024-10-12T13:11:00.000Z,3.84,-0.51,630.0,4.55,54280
2024-10-12T13:12:00.000Z,3.62,0.23,629.4,4.30,55289
2024-10-12T13:13:00.000Z,2.63,0.75,630.9,4.22,42860
2024-10-12T13:14:00.000Z,2.67,-0.08,99999.9,999.99,9999999.0
2024-10-12T13:15:00.000Z,2.83,0.10,633.3,4.44,67815
2024-10-12T13:16:00.000Z,3.06,0.85,633.3,4.44,67815
2024-10-12T13:17:00.000Z,3.19,0.88,633.3,4.44,67815
2024-10-12T13:18:00.000Z,3.41,0.52,99999.9,999.99,9999999.0
2024-10-12T13:19:00.000Z,3.48,0.09,99999.9,999.99,9999999.0
2024-10-12T13:20:00.000Z,3.50,-0.34,99999.9,999.99,9999999.0
2024-10-12T13:21:00.000Z,3.50,-0.87,624.1,4.54,51691
2024-10-12T13:22:00.000Z,3.52,-0.81,624.1,4.54,51691
2024-10-12T13:23:00.000Z,3.63,-1.10,624.1,4.54,51691
2024-10-12T13:24:00.000Z,3.67,-0.87,99999.9,999.99,9999999.0
2024-10-12T13:25:00.000Z,3.69,-1.08,99999.9,999.99,9999999.0
2024-10-12T13:26:00.000Z,3.71,-1.05,99999.9,999.99,9999999.0
2024-10-12T13:27:00.000Z,3.68,-1.35,99999.9,999.99,9999999.0
2024-10-12T13:28:00.000Z,3.67,-0.50,630.5,5.28,47602
2024-10-12T13:29:00.000Z,3.61,-0.49,630.5,5.28,47602
2024-10-12T13:30:00.000Z,3.62,0.48,630.5,5.28,47602
2024-10-12T13:31:00.000Z,3.71,-0.47,99999.9,999.99,9999999.0
2024-10-12T13:32:00.000Z,3.73,-0.81,99999.9,999.99,9999999.0
2024-10-12T13:33:00.000Z,3.73,-0.68,99999.9,999.99,9999999.0
2024-10-12T13:34:00.000Z,3.69,-0.76,99999.9,999.99,9999999.0
2024-10-12T13:35:00.000Z,3.85,-0.30,634.6,4.15,51691
2024-10-12T13:36:00.000Z,3.88,-0.78,634.6,4.15,51691
2024-10-12T13:37:00.000Z,3.83,-0.97,634.6,4.15,51691
2024-10-12T13:38:00.000Z,3.85,-1.05,634.8,3.94,35197
2024-10-12T13:39:00.000Z,3.75,-1.32,634.8,3.94,35197
2024-10-12T13:40:00.000Z,3.78,-0.70,637.3,4.44,41906
2024-10-12T13:41:00.000Z,3.77,-0.86,637.3,4.44,41943
2024-10-12T13:42:00.000Z,3.67,-1.05,637.3,4.44,41943
2024-10-12T13:43:00.000Z,2.46,-0.42,624.0,5.75,48880
2024-10-12T13:44:00.000Z,2.48,-0.74,621.7,5.78,51105
2024-10-12T13:45:00.000Z,3.81,-1.25,623.6,5.51,53262
2024-10-12T13:46:00.000Z,3.38,-0.93,630.8,4.84,51192
2024-10-12T13:47:00.000Z,9999.99,9999.99,633.7,4.83,49384
2024-10-12T13:48:00.000Z,1.65,-0.91,634.0,4.81,49003
2024-10-12T13:49:00.000Z,9999.99,9999.99,99999.9,999.99,9999999.0
2024-10-12T13:50:00.000Z,2.46,-1.71,610.4,6.53,57542
2024-10-12T13:51:00.000Z,2.46,-1.71,610.4,6.53,57542
2024-10-12T13:52:00.000Z,9999.99,9999.99,610.4,6.53,57542
2024-10-12T13:53:00.000Z,2.78,-2.59,99999.9,999.99,9999999.0
2024-10-12T13:54:00.000Z,9999.99,9999.99,99999.9,999.99,9999999.0
2024-10-12T13:55:00.000Z,3.10,-2.84,99999.9,999.99,9999999.0
2024-10-12T13:56:00.000Z,9999.99,9999.99,99999.9,999.99,9999999.0
2024-10-12T13:57:00.000Z,3.19,-1.04,99999.9,999.99,9999999.0
2024-10-12T13:58:00.000Z,3.19,-1.04,99999.9,999.99,9999999.0
2024-10-12T13:59:00.000Z,9999.99,9999.99,99999.9,999.99,9999999.0
2024-10-12T14:00:00.000Z,3.07,-0.95,99999.9,999.99,9999999.0
2024-10-12T14:01:00.000Z,9999.99,9999.99,99999.9,999.99,9999999.0
2024-10-12T14:02:00.000Z,2.94,-0.82,99999.9,999.99,9999999.0
2024-10-12T14:03:00.000Z,2.94,-0.82,99999.9,999.99,9999999.0
2024-10-12T14:04:00.000Z,9999.99,9999.99,99999.9,999.99,9999999.0
2024-10-12T14:05:00.000Z,2.94,-1.27,99999.9,999.99,9999999.0
2024-10-12T14:06:00.000Z,9999.99,9999.99,99999.9,999.99,9999999.0
2024-10-12T14:07:00.000Z,9999.99,9999.99,612.5,6.02,56984
2024-10-12T14:08:00.000Z,2.81,-1.02,612.5,6.02,56984
2024-10-12T14:09:00.000Z,9999.99,9999.99,612.5,6.02,56984
2024-10-12T14:10:00.000Z,2.89,-0.85,99999.9,999.99,9999999.0
2024-10-12T14:11:00.000Z,2.89,-0.85,99999.9,999.99,9999999.0
2024-10-12T14:12:00.000Z,9999.99,9999.99,99999.9,999.99,9999999.0
2024-10-12T14:13:00.000Z,2.93,-0.63,99999.9,999.99,9999999.0
2024-10-12T14:14:00.000Z,9999.99,9999.99,99999.9,999.99,9999999.0
2024-10-12T14:15:00.000Z,9999.99,9999.99,99999.9,999.99,9999999.0
2024-10-12T14:16:00.000Z,2.34,0.02,99999.9,999.99,9999999.0
2024-10-12T14:17:00.000Z,9999.99,9999.99,99999.9,999.99,9999999.0
2024-10-12T14:18:00.000Z,9999.99,9999.99,99999.9,999.99,9999999.0
2024-10-12T14:19:00.000Z,2.65,-0.20,99999.9,999.99,9999999.0
2024-10-12T14:20:00.000Z,9999.99,9999.99,99999.9,999.99,9999999.0
2024-10-12T14:21:00.000Z,9999.99,9999.99,99999.9,999.99,9999999.0
2024-10-12T14:22:00.000Z,2.44,-0.55,99999.9,999.99,9999999.0
2024-10-12T14:23:00.000Z,2.44,-0.55,99999.9,999.99,9999999.0
2024-10-12T14:24:00.000Z,9999.99,9999.99,99999.9,999.99,9999999.0
2024-10-12T14:25:00.000Z,9999.99,9999.99,99999.9,999.99,9999999.0
2024-10-12T14:26:00.000Z,2.58,-1.08,99999.9,999.99,9999999.0
2024-10-12T14:27:00.000Z,9999.99,9999.99,99999.9,999.99,9999999.0
2024-10-12T14:28:00.000Z,9999.99,9999.99,99999.9,999.99,9999999.0
2024-10-12T14:29:00.000Z,2.70,-1.57,608.4,5.65,54305
2024-10-12T14:30:00.000Z,4.53,0.39,608.4,5.65,54305
2024-10-12T14:31:00.000Z,3.92,-0.25,593.1,2.14,108303
2024-10-12T14:32:00.000Z,3.57,-0.19,596.6,3.69,85739
2024-10-12T14:33:00.000Z,3.79,-0.22,599.0,5.29,55074
2024-10-12T14:34:00.000Z,4.51,0.52,594.0,3.38,77251
2024-10-12T14:35:00.000Z,4.22,0.35,593.0,1.89,79932
2024-10-12T14:36:00.000Z,4.60,0.45,593.5,1.92,112519
2024-10-12T14:37:00.000Z,4.52,0.28,593.4,2.27,104925
2024-10-12T14:38:00.000Z,4.45,-0.02,594.7,2.42,90014
2024-10-12T14:39:00.000Z,4.61,-0.08,594.8,2.16,92837
2024-10-12T14:40:00.000Z,4.42,0.17,593.9,2.02,104114
2024-10-12T14:41:00.000Z,4.38,1.39,600.7,2.59,83358
2024-10-12T14:42:00.000Z,4.26,1.76,607.3,3.16,53325
2024-10-12T14:43:00.000Z,4.25,1.64,607.6,3.18,49914
2024-10-12T14:44:00.000Z,4.27,1.78,607.9,3.17,51021
2024-10-12T14:45:00.000Z,4.23,2.03,607.9,3.17,50922
2024-10-12T14:46:00.000Z,4.22,1.81,607.5,3.16,48763
2024-10-12T14:47:00.000Z,4.21,1.95,607.6,3.14,49463
2024-10-12T14:48:00.000Z,4.17,2.03,607.9,3.10,51514
2024-10-12T14:49:00.000Z,4.24,1.61,606.0,2.85,51201
2024-10-12T14:50:00.000Z,4.37,1.88,606.2,2.62,58485
2024-10-12T14:51:00.000Z,4.35,2.66,606.7,2.33,69281
2024-10-12T14:52:00.000Z,4.29,2.98,99999.9,999.99,9999999.0
2024-10-12T14:53:00.000Z,4.35,2.78,613.8,2.29,54196
2024-10-12T14:54:00.000Z,4.48,1.78,613.8,2.29,54196
2024-10-12T14:55:00.000Z,4.49,1.39,606.0,1.94,110301
2024-10-12T14:56:00.000Z,4.54,0.72,604.2,1.84,141661
2024-10-12T14:57:00.000Z,4.54,0.22,603.8,1.82,149264
2024-10-12T14:58:00.000Z,4.58,0.31,604.7,2.10,95546
2024-10-12T14:59:00.000Z,4.55,0.21,604.7,2.10,95546
2024-10-12T15:00:00.000Z,4.55,0.31,99999.9,999.99,9999999.0
2024-10-12T15:01:00.000Z,4.53,0.55,599.9,1.74,100069
2024-10-12T15:02:00.000Z,4.49,1.66,599.9,1.74,99700
2024-10-12T15:03:00.000Z,4.52,1.54,99999.9,999.99,9999999.0
2024-10-12T15:04:00.000Z,4.57,1.61,575.5,0.84,119536
2024-10-12T15:05:00.000Z,4.58,2.17,575.5,0.84,119536
2024-10-12T15:06:00.000Z,4.55,2.68,575.5,0.84,119536
2024-10-12T15:07:00.000Z,4.38,3.29,585.5,1.23,59309
2024-10-12T15:08:00.000Z,4.32,3.29,585.8,1.40,56206
2024-10-12T15:09:00.000Z,4.31,3.32,586.9,1.91,49442
2024-10-12T15:10:00.000Z,4.32,3.31,585.1,2.00,44894
2024-10-12T15:11:00.000Z,4.38,3.45,583.6,1.96,36416
2024-10-12T15:12:00.000Z,4.41,3.44,585.1,1.80,33982
2024-10-12T15:13:00.000Z,4.29,3.20,579.8,1.48,47198
2024-10-12T15:14:00.000Z,4.31,3.22,579.8,1.48,47263
2024-10-12T15:15:00.000Z,4.33,3.08,580.2,1.35,47669
2024-10-12T15:16:00.000Z,4.43,2.88,580.0,1.32,50132
2024-10-12T15:17:00.000Z,4.63,2.38,578.2,1.05,72512
2024-10-12T15:18:00.000Z,4.64,1.44,575.1,0.93,78912
2024-10-12T15:19:00.000Z,4.60,1.22,574.0,0.89,81176
2024-10-12T15:20:00.000Z,4.58,1.19,571.0,0.82,83719
2024-10-12T15:21:00.000Z,4.60,1.22,570.9,0.84,86106
2024-10-12T15:22:00.000Z,4.57,1.29,570.6,0.88,94826
2024-10-12T15:23:00.000Z,4.58,0.60,570.6,0.88,94826
2024-10-12T15:24:00.000Z,4.55,1.11,572.1,0.78,75175
2024-10-12T15:25:00.000Z,4.52,1.35,567.8,0.79,85106
2024-10-12T15:26:00.000Z,4.50,1.00,566.6,0.80,81337
2024-10-12T15:27:00.000Z,4.46,1.85,568.0,0.81,67532
2024-10-12T15:28:00.000Z,4.51,2.10,567.1,0.78,65446
2024-10-12T15:29:00.000Z,4.50,1.73,567.1,0.78,65446
2024-10-12T15:30:00.000Z,4.49,2.02,565.9,0.74,60487
2024-10-12T15:31:00.000Z,4.62,2.25,564.0,0.69,53079
2024-10-12T15:32:00.000Z,4.64,2.42,564.7,0.68,52777
2024-10-12T15:33:00.000Z,4.61,2.43,567.4,0.63,51620
2024-10-12T15:34:00.000Z,4.70,2.36,567.5,0.63,51476
2024-10-12T15:35:00.000Z,4.66,2.15,568.8,0.65,48401
2024-10-12T15:36:00.000Z,4.60,0.95,569.5,0.63,53442
2024-10-12T15:37:00.000Z,4.64,0.50,569.6,0.62,54523
2024-10-12T15:38:00.000Z,4.71,0.68,568.5,0.63,47229
2024-10-12T15:39:00.000Z,4.66,1.18,568.5,0.63,47229
2024-10-12T15:40:00.000Z,4.70,1.12,572.8,0.72,73774
2024-10-12T15:41:00.000Z,4.64,1.25,572.8,0.72,73774
2024-10-12T15:42:00.000Z,4.63,2.02,572.8,0.72,73774
2024-10-12T15:43:00.000Z,4.64,2.06,567.0,0.68,46421
2024-10-12T15:44:00.000Z,4.63,1.99,567.0,0.68,46421
2024-10-12T15:45:00.000Z,4.63,2.37,572.4,0.70,43649
2024-10-12T15:46:00.000Z,4.61,2.47,571.5,0.65,41319
2024-10-12T15:47:00.000Z,4.63,2.17,572.0,0.66,47527
2024-10-12T15:48:00.000Z,4.61,2.42,572.2,0.67,48660
2024-10-12T15:49:00.000Z,4.59,2.45,575.2,0.76,54559
2024-10-12T15:50:00.000Z,4.60,2.46,575.2,0.76,54559
2024-10-12T15:51:00.000Z,4.65,2.34,568.6,0.64,37330
2024-10-12T15:52:00.000Z,4.61,2.46,568.5,0.64,37293
2024-10-12T15:53:00.000Z,4.58,2.92,567.6,0.62,36910
2024-10-12T15:54:00.000Z,4.57,3.38,567.6,0.62,36910
2024-10-12T15:55:00.000Z,4.55,3.25,575.4,0.64,49799
2024-10-12T15:56:00.000Z,4.58,3.42,573.1,0.64,48523
2024-10-12T15:57:00.000Z,4.58,3.31,576.4,0.66,47882
2024-10-12T15:58:00.000Z,4.54,3.30,576.5,0.66,48516
2024-10-12T15:59:00.000Z,4.55,3.37,571.1,0.66,52945
2024-10-12T16:00:00.000Z,4.46,3.32,572.2,0.65,50132
2024-10-12T16:01:00.000Z,4.50,3.18,570.0,0.64,43001
2024-10-12T16:02:00.000Z,4.49,3.27,99999.9,999.99,9999999.0
2024-10-12T16:03:00.000Z,4.57,3.51,569.2,0.64,49764
2024-10-12T16:04:00.000Z,4.52,3.65,569.9,0.64,49562
2024-10-12T16:05:00.000Z,4.49,3.51,573.5,0.69,48591
2024-10-12T16:06:00.000Z,4.60,3.70,573.5,0.69,48591
2024-10-12T16:07:00.000Z,4.44,3.33,571.5,0.58,42872
2024-10-12T16:08:00.000Z,4.48,3.38,571.5,0.58,42872
2024-10-12T16:09:00.000Z,4.42,3.40,571.5,0.58,42872
2024-10-12T16:10:00.000Z,4.41,3.34,577.6,0.69,66284
2024-10-12T16:11:00.000Z,4.46,3.37,577.5,0.69,66170
2024-10-12T16:12:00.000Z,4.50,2.61,569.5,0.67,48398
2024-10-12T16:13:00.000Z,4.57,1.58,570.5,0.67,41446
2024-10-12T16:14:00.000Z,4.51,1.98,576.8,0.67,40302
2024-10-12T16:15:00.000Z,4.62,1.96,576.8,0.67,40302
2024-10-12T16:16:00.000Z,4.51,2.27,571.4,0.63,34126
2024-10-12T16:17:00.000Z,4.54,2.54,571.5,0.63,34341
2024-10-12T16:18:00.000Z,4.52,2.33,572.1,0.66,35795
2024-10-12T16:19:00.000Z,4.51,2.30,573.6,0.57,28219
2024-10-12T16:20:00.000Z,4.49,2.38,572.7,0.64,36154
2024-10-12T16:21:00.000Z,4.48,2.51,572.5,0.65,38593
2024-10-12T16:22:00.000Z,4.55,2.74,572.7,0.64,37841
2024-10-12T16:23:00.000Z,4.54,2.54,99999.9,999.99,9999999.0
2024-10-12T16:24:00.000Z,4.53,2.83,569.3,0.68,35960
2024-10-12T16:25:00.000Z,4.51,2.85,569.3,0.68,36097
2024-10-12T16:26:00.000Z,4.53,2.72,570.5,0.72,47602
2024-10-12T16:27:00.000Z,4.53,2.76,571.6,0.68,41985
2024-10-12T16:28:00.000Z,4.51,2.98,575.2,0.65,36427
2024-10-12T16:29:00.000Z,4.50,3.27,577.9,0.68,32153
2024-10-12T16:30:00.000Z,4.50,3.25,578.3,0.71,31120
2024-10-12T16:31:00.000Z,4.47,2.97,571.3,0.72,38389
2024-10-12T16:32:00.000Z,4.51,3.03,571.7,0.68,38183
2024-10-12T16:33:00.000Z,4.49,3.12,571.9,0.65,38055
2024-10-12T16:34:00.000Z,4.45,2.62,568.0,0.74,49452
2024-10-12T16:35:00.000Z,4.38,2.77,568.0,0.74,49448
2024-10-12T16:36:00.000Z,4.45,2.94,569.8,0.68,38523
2024-10-12T16:37:00.000Z,4.34,2.88,569.8,0.68,38511
2024-10-12T16:38:00.000Z,4.35,2.78,569.7,0.67,36374
2024-10-12T16:39:00.000Z,4.39,2.75,569.6,0.67,37063
2024-10-12T16:40:00.000Z,4.39,2.22,567.5,0.65,51693
2024-10-12T16:41:00.000Z,4.38,1.95,567.0,0.71,47332
2024-10-12T16:42:00.000Z,4.38,2.92,568.5,0.74,44141
2024-10-12T16:43:00.000Z,4.37,2.85,569.3,0.74,42807
2024-10-12T16:44:00.000Z,4.36,2.89,565.6,0.90,40811
2024-10-12T16:45:00.000Z,4.37,3.01,565.8,0.89,40696
2024-10-12T16:46:00.000Z,4.37,3.00,568.1,0.84,39181
2024-10-12T16:47:00.000Z,4.37,3.19,568.9,0.85,38652
2024-10-12T16:48:00.000Z,4.32,3.17,99999.9,999.99,9999999.0
2024-10-12T16:49:00.000Z,4.31,2.96,570.4,0.84,37180
2024-10-12T16:50:00.000Z,4.32,3.26,570.3,0.91,41348
2024-10-12T16:51:00.000Z,4.36,3.22,570.1,0.98,46991
2024-10-12T16:52:00.000Z,4.31,3.30,572.1,0.85,42052
2024-10-12T16:53:00.000Z,4.32,3.27,573.1,0.92,42657
2024-10-12T16:54:00.000Z,4.28,3.30,573.7,0.95,43065
2024-10-12T16:55:00.000Z,4.36,3.44,579.6,0.88,38237
2024-10-12T16:56:00.000Z,4.34,3.44,579.9,0.85,39665
2024-10-12T16:57:00.000Z,4.31,3.34,579.7,0.84,44253
2024-10-12T16:58:00.000Z,4.34,3.35,99999.9,999.99,9999999.0
2024-10-12T16:59:00.000Z,4.32,3.51,99999.9,999.99,9999999.0
2024-10-12T17:00:00.000Z,4.32,3.49,99999.9,999.99,9999999.0
2024-10-12T17:01:00.000Z,9999.99,9999.99,99999.9,999.99,9999999.0
2024-10-12T17:02:00.000Z,4.37,3.46,579.4,0.79,35990
2024-10-12T17:03:00.000Z,4.35,3.46,579.4,0.79,35990
2024-10-12T17:04:00.000Z,4.15,3.08,579.4,0.79,35990
2024-10-12T17:05:00.000Z,4.19,3.05,585.6,0.80,37450
2024-10-12T17:06:00.000Z,4.23,3.26,585.6,0.80,37450
2024-10-12T17:07:00.000Z,4.24,1.70,585.6,0.80,37450
2024-10-12T17:08:00.000Z,4.21,2.17,99999.9,999.99,9999999.0
2024-10-12T17:09:00.000Z,4.26,2.48,569.3,0.71,35139
2024-10-12T17:10:00.000Z,4.33,2.61,569.3,0.71,35139
2024-10-12T17:11:00.000Z,3.55,2.35,589.7,1.41,82597
2024-10-12T17:12:00.000Z,4.22,2.73,585.4,1.16,63144
2024-10-12T17:13:00.000Z,4.29,3.01,576.5,0.95,57375
2024-10-12T17:14:00.000Z,3.23,2.16,575.8,0.95,59309
2024-10-12T17:15:00.000Z,3.34,2.17,600.5,1.57,103444
2024-10-12T17:16:00.000Z,3.70,2.56,597.6,1.42,96347
2024-10-12T17:17:00.000Z,4.03,2.64,590.0,1.01,78084
2024-10-12T17:18:00.000Z,4.01,2.99,611.7,1.33,104782
2024-10-12T17:19:00.000Z,4.25,3.19,602.0,1.41,86724
2024-10-12T17:20:00.000Z,4.11,2.95,585.9,1.23,53451
2024-10-12T17:21:00.000Z,4.10,2.73,582.0,0.99,42752
2024-10-12T17:22:00.000Z,4.23,3.15,586.0,0.89,36943
2024-10-12T17:23:00.000Z,4.25,3.26,586.1,0.89,36821
2024-10-12T17:24:00.000Z,4.22,3.23,99999.9,999.99,9999999.0
2024-10-12T17:25:00.000Z,4.18,3.11,585.0,1.04,33991
2024-10-12T17:26:00.000Z,3.82,2.84,583.2,1.12,33991
2024-10-12T17:27:00.000Z,3.90,3.18,576.3,1.63,53190
2024-10-12T17:28:00.000Z,4.04,3.36,576.3,1.64,53242
2024-10-12T17:29:00.000Z,4.10,3.11,586.7,1.34,29309
2024-10-12T17:30:00.000Z,3.99,2.76,587.7,1.26,29632
2024-10-12T17:31:00.000Z,3.87,2.15,586.6,1.36,30696
2024-10-12T17:32:00.000Z,3.89,2.13,582.9,1.72,33269
2024-10-12T17:33:00.000Z,3.95,-0.03,598.7,2.00,27248
2024-10-12T17:34:00.000Z,3.96,0.86,600.5,2.02,26579
2024-10-12T17:35:00.000Z,3.96,1.57,607.1,2.12,30616
2024-10-12T17:36:00.000Z,3.96,1.61,608.2,2.14,31285
2024-10-12T17:37:00.000Z,3.92,0.93,99999.9,999.99,9999999.0
2024-10-12T17:38:00.000Z,3.85,1.07,99999.9,999.99,9999999.0
2024-10-12T17:39:00.000Z,3.83,-1.27,99999.9,999.99,9999999.0
2024-10-12T17:40:00.000Z,3.87,-1.37,606.4,1.83,26579
2024-10-12T17:41:00.000Z,3.78,-0.36,605.5,1.85,27828
2024-10-12T17:42:00.000Z,3.73,0.22,590.2,2.34,49398
2024-10-12T17:43:00.000Z,3.22,-0.17,590.1,2.34,49521
2024-10-12T17:44:00.000Z,2.87,-0.02,99999.9,999.99,9999999.0
2024-10-12T17:45:00.000Z,3.98,1.67,585.6,2.51,106564
2024-10-12T17:46:00.000Z,3.92,1.47,584.8,2.89,92196
2024-10-12T17:47:00.000Z,3.98,1.58,587.3,3.00,100231
2024-10-12T17:48:00.000Z,3.53,0.90,588.8,2.91,74909
2024-10-12T17:49:00.000Z,3.76,0.99,579.3,2.32,59728
2024-10-12T17:50:00.000Z,4.01,1.22,572.1,2.13,46801
2024-10-12T17:51:00.000Z,4.26,2.75,592.4,3.29,80513
2024-10-12T17:52:00.000Z,4.22,2.75,592.4,3.29,80513
2024-10-12T17:53:00.000Z,4.23,2.58,590.1,4.13,70639
2024-10-12T17:54:00.000Z,4.19,1.85,590.1,4.13,70639
2024-10-12T17:55:00.000Z,4.04,2.24,99999.9,999.99,9999999.0
2024-10-12T17:56:00.000Z,4.14,2.06,574.3,2.84,65168
2024-10-12T17:57:00.000Z,3.97,1.84,574.3,2.84,65168
2024-10-12T17:58:00.000Z,4.00,1.94,574.7,2.92,86589
2024-10-12T17:59:00.000Z,4.07,1.27,577.5,3.09,93538
2024-10-12T18:00:00.000Z,4.15,0.64,589.9,3.72,78815
2024-10-12T18:01:00.000Z,4.24,1.59,590.1,3.73,78626
2024-10-12T18:02:00.000Z,4.16,1.68,99999.9,999.99,9999999.0
2024-10-12T18:03:00.000Z,4.09,1.54,573.4,2.77,76359
2024-10-12T18:04:00.000Z,4.05,1.72,576.6,2.40,59439
2024-10-12T18:05:00.000Z,4.40,2.00,573.6,1.81,41482
2024-10-12T18:06:00.000Z,4.36,2.07,569.8,1.43,47016
2024-10-12T18:07:00.000Z,4.36,2.36,570.5,1.53,50530
2024-10-12T18:08:00.000Z,4.36,2.49,570.5,1.53,50530
2024-10-12T18:09:00.000Z,4.32,2.43,573.3,1.71,56276
2024-10-12T18:10:00.000Z,4.21,2.39,573.6,1.72,61137
2024-10-12T18:11:00.000Z,4.11,2.21,574.0,1.74,68180
2024-10-12T18:12:00.000Z,4.09,2.20,99999.9,999.99,9999999.0
2024-10-12T18:13:00.000Z,4.03,2.24,581.2,1.99,89319
2024-10-12T18:14:00.000Z,3.99,2.27,581.0,1.92,89491
2024-10-12T18:15:00.000Z,3.93,2.18,580.8,1.79,89851
2024-10-12T18:16:00.000Z,4.06,2.23,582.0,2.11,48950
2024-10-12T18:17:00.000Z,4.01,2.39,582.0,2.11,48608
2024-10-12T18:18:00.000Z,3.99,2.51,573.9,2.25,58743
2024-10-12T18:19:00.000Z,3.45,0.02,578.2,2.24,54529
2024-10-12T18:20:00.000Z,3.37,-1.56,589.4,2.49,48489
2024-10-12T18:21:00.000Z,3.21,-2.05,582.1,2.63,44386
2024-10-12T18:22:00.000Z,3.24,-1.49,579.9,2.68,41498
2024-10-12T18:23:00.000Z,3.09,-0.15,567.2,2.59,52223
2024-10-12T18:24:00.000Z,3.34,2.15,567.3,2.59,52225
2024-10-12T18:25:00.000Z,3.22,0.64,577.7,2.91,53878
2024-10-12T18:26:00.000Z,3.63,2.51,574.2,2.88,65180
2024-10-12T18:27:00.000Z,3.66,2.31,565.5,2.37,64118
2024-10-12T18:28:00.000Z,3.72,1.80,564.5,2.32,63628
2024-10-12T18:29:00.000Z,3.79,1.80,99999.9,999.99,9999999.0
2024-10-12T18:30:00.000Z,3.77,1.81,99999.9,999.99,9999999.0
2024-10-12T18:31:00.000Z,3.76,1.99,99999.9,999.99,9999999.0
2024-10-12T18:32:00.000Z,3.76,1.99,99999.9,999.99,9999999.0
2024-10-12T18:33:00.000Z,3.75,2.07,560.6,2.15,44137
2024-10-12T18:34:00.000Z,9999.99,9999.99,560.6,2.15,44137
2024-10-12T18:35:00.000Z,9999.99,9999.99,99999.9,999.99,9999999.0
2024-10-12T18:36:00.000Z,9999.99,9999.99,99999.9,999.99,9999999.0
2024-10-12T18:37:00.000Z,9999.99,9999.99,99999.9,999.99,9999999.0
2024-10-12T18:38:00.000Z,9999.99,9999.99,99999.9,999.99,9999999.0
2024-10-12T18:39:00.000Z,9999.99,9999.99,99999.9,999.99,9999999.0
2024-10-12T18:40:00.000Z,9999.99,9999.99,99999.9,999.99,9999999.0
2024-10-12T18:41:00.000Z,3.75,2.02,99999.9,999.99,9999999.0
2024-10-12T18:42:00.000Z,4.44,2.59,99999.9,999.99,9999999.0
2024-10-12T18:43:00.000Z,4.31,2.45,99999.9,999.99,9999999.0
2024-10-12T18:44:00.000Z,4.21,2.46,99999.9,999.99,9999999.0
2024-10-12T18:45:00.000Z,3.85,2.19,565.0,1.75,66124
2024-10-12T18:46:00.000Z,3.58,2.03,565.3,1.75,64424
2024-10-12T18:47:00.000Z,3.26,1.78,567.5,1.79,52066
2024-10-12T18:48:00.000Z,4.24,2.41,567.5,1.79,52010
2024-10-12T18:49:00.000Z,9999.99,9999.99,99999.9,999.99,9999999.0
2024-10-12T18:50:00.000Z,4.26,2.25,99999.9,999.99,9999999.0
2024-10-12T18:51:00.000Z,3.65,1.70,99999.9,999.99,9999999.0
2024-10-12T18:52:00.000Z,3.65,1.70,99999.9,999.99,9999999.0
2024-10-12T18:53:00.000Z,3.40,1.55,99999.9,999.99,9999999.0
2024-10-12T18:54:00.000Z,9999.99,9999.99,99999.9,999.99,9999999.0
2024-10-12T18:55:00.000Z,3.37,1.55,561.8,1.99,58931
2024-10-12T18:56:00.000Z,9999.99,9999.99,561.8,1.99,58931
2024-10-12T18:57:00.000Z,3.44,1.66,99999.9,999.99,9999999.0
2024-10-12T18:58:00.000Z,3.12,-0.54,99999.9,999.99,9999999.0
2024-10-12T18:59:00.000Z,9999.99,9999.99,99999.9,999.99,9999999.0
2024-10-12T19:00:00.000Z,3.24,1.83,99999.9,999.99,9999999.0
2024-10-12T19:01:00.000Z,2.32,-2.12,582.7,2.33,68221
2024-10-12T19:02:00.000Z,2.70,-0.21,583.1,2.69,67287
2024-10-12T19:03:00.000Z,3.10,-0.13,579.9,3.91,58012
2024-10-12T19:04:00.000Z,2.71,0.79,578.7,3.88,54701
2024-10-12T19:05:00.000Z,1.63,-1.42,588.5,4.88,66138
2024-10-12T19:06:00.000Z,2.27,-0.08,576.5,3.44,61574
2024-10-12T19:07:00.000Z,2.61,-1.54,577.5,3.52,60695
2024-10-12T19:08:00.000Z,2.56,-1.47,579.3,3.77,59822
2024-10-12T19:09:00.000Z,2.00,-1.76,584.3,4.48,58772
2024-10-12T19:10:00.000Z,2.01,-1.68,588.9,5.02,59469
2024-10-12T19:11:00.000Z,2.51,-2.06,586.1,4.14,56885
2024-10-12T19:12:00.000Z,2.54,-1.77,586.1,4.21,48355
2024-10-12T19:13:00.000Z,2.51,-1.72,587.2,5.30,44479
2024-10-12T19:14:00.000Z,2.83,-2.28,587.2,5.33,44760
2024-10-12T19:15:00.000Z,2.92,-2.38,585.0,4.70,56755
2024-10-12T19:16:00.000Z,3.39,-3.09,585.1,4.68,56487
2024-10-12T19:17:00.000Z,3.99,-3.59,584.5,2.64,66364
2024-10-12T19:18:00.000Z,3.72,-3.42,583.2,2.49,70137
2024-10-12T19:19:00.000Z,2.53,-2.43,99999.9,999.99,9999999.0
2024-10-12T19:20:00.000Z,2.37,-2.27,99999.9,999.99,9999999.0
2024-10-12T19:21:00.000Z,2.38,-2.30,586.1,4.86,49417
2024-10-12T19:22:00.000Z,2.38,-2.30,586.1,4.86,49417
2024-10-12T19:23:00.000Z,2.23,-2.16,586.1,4.86,49417
2024-10-12T19:24:00.000Z,2.24,-2.16,99999.9,999.99,9999999.0
2024-10-12T19:25:00.000Z,2.25,-2.15,99999.9,999.99,9999999.0
2024-10-12T19:26:00.000Z,2.13,-1.50,99999.9,999.99,9999999.0
2024-10-12T19:27:00.000Z,2.13,-1.50,99999.9,999.99,9999999.0
2024-10-12T19:28:00.000Z,2.10,-1.71,99999.9,999.99,9999999.0
2024-10-12T19:29:00.000Z,2.19,-2.16,99999.9,999.99,9999999.0
2024-10-12T19:30:00.000Z,2.36,-2.34,583.9,4.72,51939
2024-10-12T19:31:00.000Z,2.62,-2.60,583.9,4.72,51939
2024-10-12T19:32:00.000Z,1.60,-1.50,583.9,4.72,51939
2024-10-12T19:33:00.000Z,1.77,-1.65,99999.9,999.99,9999999.0
2024-10-12T19:34:00.000Z,2.28,-2.22,99999.9,999.99,9999999.0
2024-10-12T19:35:00.000Z,1.87,-1.59,584.1,5.37,49937
2024-10-12T19:36:00.000Z,1.80,-1.39,584.1,5.33,50247
2024-10-12T19:37:00.000Z,1.83,-1.39,584.2,5.18,49031
2024-10-12T19:38:00.000Z,2.01,-1.70,585.0,4.89,46463
2024-10-12T19:39:00.000Z,2.09,-1.89,583.3,4.95,51871
2024-10-12T19:40:00.000Z,2.14,-2.06,583.5,5.03,54678
2024-10-12T19:41:00.000Z,9999.99,9999.99,584.3,5.13,52506
2024-10-12T19:42:00.000Z,9999.99,9999.99,99999.9,999.99,9999999.0
2024-10-12T19:43:00.000Z,0.76,-0.63,99999.9,999.99,9999999.0
2024-10-12T19:44:00.000Z,0.76,-0.63,99999.9,999.99,9999999.0
2024-10-12T19:45:00.000Z,9999.99,9999.99,99999.9,999.99,9999999.0
2024-10-12T19:46:00.000Z,9999.99,9999.99,99999.9,999.99,9999999.0
2024-10-12T19:47:00.000Z,9999.99,9999.99,99999.9,999.99,9999999.0
2024-10-12T19:48:00.000Z,9999.99,9999.99,99999.9,999.99,9999999.0
2024-10-12T19:49:00.000Z,9999.99,9999.99,99999.9,999.99,9999999.0
2024-10-12T19:50:00.000Z,9999.99,9999.99,99999.9,999.99,9999999.0
2024-10-12T19:51:00.000Z,9999.99,9999.99,99999.9,999.99,9999999.0
2024-10-12T19:52:00.000Z,9999.99,9999.99,99999.9,999.99,9999999.0
2024-10-12T19:53:00.000Z,9999.99,9999.99,99999.9,999.99,9999999.0
2024-10-12T19:54:00.000Z,0.95,-0.77,582.3,5.33,50880
2024-10-12T19:55:00.000Z,0.73,-0.17,582.5,5.20,48808
2024-10-12T19:56:00.000Z,0.69,-0.15,583.4,4.69,40209
2024-10-12T19:57:00.000Z,0.89,-0.72,583.2,5.40,51500
2024-10-12T19:58:00.000Z,0.77,-0.73,583.2,5.49,53037
2024-10-12T19:59:00.000Z,0.88,0.35,582.1,5.37,54845
2024-10-12T20:00:00.000Z,1.13,0.25,583.0,5.33,59239
2024-10-12T20:01:00.000Z,1.16,-0.26,583.4,5.32,60949
2024-10-12T20:02:00.000Z,1.35,-0.71,582.1,5.32,62573
2024-10-12T20:03:00.000Z,1.55,-1.18,582.2,5.31,61567
2024-10-12T20:04:00.000Z,1.17,-1.06,583.0,5.24,58207
2024-10-12T20:05:00.000Z,0.69,-0.62,586.5,5.02,59876
2024-10-12T20:06:00.000Z,1.01,-0.53,587.3,4.77,60883
2024-10-12T20:07:00.000Z,1.32,0.17,588.0,4.82,63134
2024-10-12T20:08:00.000Z,1.94,0.27,588.5,4.81,65009
2024-10-12T20:09:00.000Z,1.90,0.33,588.4,4.19,70391
2024-10-12T20:10:00.000Z,1.80,0.14,587.3,4.38,65789
2024-10-12T20:11:00.000Z,1.69,0.20,588.2,4.58,67884
2024-10-12T20:12:00.000Z,1.78,0.61,586.0,4.57,60443
2024-10-12T20:13:00.000Z,1.54,-0.24,587.2,4.77,65362
2024-10-12T20:14:00.000Z,1.85,-0.69,585.9,4.63,67237
2024-10-12T20:15:00.000Z,1.33,0.18,585.4,4.56,65842
2024-10-12T20:16:00.000Z,1.40,0.63,583.7,4.37,61565
2024-10-12T20:17:00.000Z,1.40,0.52,583.7,4.37,61565
2024-10-12T20:18:00.000Z,9999.99,9999.99,99999.9,999.99,9999999.0
2024-10-12T20:19:00.000Z,1.70,-1.11,578.6,4.98,53115
2024-10-12T20:20:00.000Z,1.82,-0.31,578.6,4.98,53115
2024-10-12T20:21:00.000Z,1.78,-1.44,582.2,4.67,39700
2024-10-12T20:22:00.000Z,1.70,-1.46,582.5,4.65,38716
2024-10-12T20:23:00.000Z,1.64,-1.44,585.8,5.16,54196
2024-10-12T20:24:00.000Z,1.93,-1.91,585.8,5.16,54196
2024-10-12T20:25:00.000Z,1.95,-1.94,586.8,4.87,59347
2024-10-12T20:26:00.000Z,1.74,-1.72,586.8,4.87,59347
2024-10-12T20:27:00.000Z,1.69,-1.66,587.4,4.96,49590
2024-10-12T20:28:00.000Z,1.77,-1.75,587.4,4.96,49590
2024-10-12T20:29:00.000Z,1.64,-1.57,99999.9,999.99,9999999.0
2024-10-12T20:30:00.000Z,1.67,-1.63,584.8,5.00,49590
2024-10-12T20:31:00.000Z,1.63,-1.59,584.8,5.00,49590
2024-10-12T20:32:00.000Z,9999.99,9999.99,99999.9,999.99,9999999.0
2024-10-12T20:33:00.000Z,9999.99,9999.99,99999.9,999.99,9999999.0
2024-10-12T20:34:00.000Z,9999.99,9999.99,99999.9,999.99,9999999.0
2024-10-12T20:35:00.000Z,9999.99,9999.99,99999.9,999.99,9999999.0
2024-10-12T20:36:00.000Z,1.54,-1.36,99999.9,999.99,9999999.0
2024-10-12T20:37:00.000Z,1.59,-1.45,598.5,4.72,42326
2024-10-12T20:38:00.000Z,1.47,-1.30,598.5,4.72,42326
2024-10-12T20:39:00.000Z,1.69,-1.59,99999.9,999.99,9999999.0
2024-10-12T20:40:00.000Z,1.66,-1.62,99999.9,999.99,9999999.0
2024-10-12T20:41:00.000Z,1.45,-1.38,99999.9,999.99,9999999.0
2024-10-12T20:42:00.000Z,1.52,-1.43,99999.9,999.99,9999999.0
2024-10-12T20:43:00.000Z,1.52,-1.43,99999.9,999.99,9999999.0
2024-10-12T20:44:00.000Z,1.53,-1.42,99999.9,999.99,9999999.0
2024-10-12T20:45:00.000Z,1.72,-1.66,589.3,5.00,51126
2024-10-12T20:46:00.000Z,1.61,-1.51,589.3,5.00,51126
2024-10-12T20:47:00.000Z,9999.99,9999.99,589.3,5.00,51126
2024-10-12T20:48:00.000Z,1.54,-1.45,591.2,4.89,49937
2024-10-12T20:49:00.000Z,9999.99,9999.99,591.2,4.89,49937
2024-10-12T20:50:00.000Z,0.86,-0.70,99999.9,999.99,9999999.0
2024-10-12T20:51:00.000Z,1.49,-1.37,99999.9,999.99,9999999.0
2024-10-12T20:52:00.000Z,1.41,-1.28,99999.9,999.99,9999999.0
2024-10-12T20:53:00.000Z,1.05,-0.93,99999.9,999.99,9999999.0
2024-10-12T20:54:00.000Z,1.50,-1.35,99999.9,999.99,9999999.0
2024-10-12T20:55:00.000Z,9999.99,9999.99,99999.9,999.99,9999999.0
2024-10-12T20:56:00.000Z,1.59,-1.42,590.4,4.89,53366
2024-10-12T20:57:00.000Z,1.40,-1.24,590.4,4.89,53366
2024-10-12T20:58:00.000Z,1.50,-1.35,591.0,4.88,51974
2024-10-12T20:59:00.000Z,1.33,-1.17,591.0,4.88,51974
2024-10-12T21:00:00.000Z,1.33,-1.12,594.5,5.06,57281
2024-10-12T21:01:00.000Z,1.62,-1.17,594.5,5.06,57281
2024-10-12T21:02:00.000Z,1.90,-1.16,588.9,4.32,70105
2024-10-12T21:03:00.000Z,2.13,-0.63,588.3,4.30,67299
2024-10-12T21:04:00.000Z,2.28,-0.41,588.8,4.95,44082
2024-10-12T21:05:00.000Z,2.97,0.43,587.5,5.13,41552
2024-10-12T21:06:00.000Z,2.74,0.35,575.0,3.38,56026
2024-10-12T21:07:00.000Z,3.12,0.39,591.5,4.38,59197
2024-10-12T21:08:00.000Z,3.25,1.16,565.1,2.81,53726
2024-10-12T21:09:00.000Z,3.62,1.19,565.1,2.81,53726
2024-10-12T21:10:00.000Z,3.62,1.37,558.7,2.29,69484
2024-10-12T21:11:00.000Z,3.49,0.70,559.0,2.27,69132
2024-10-12T21:12:00.000Z,3.24,0.19,564.2,2.54,58591
2024-10-12T21:13:00.000Z,3.15,0.78,567.4,2.71,63398
2024-10-12T21:14:00.000Z,3.31,0.56,568.7,2.78,65406
2024-10-12T21:15:00.000Z,3.25,0.68,565.7,2.67,65088
2024-10-12T21:16:00.000Z,3.37,0.69,567.7,2.65,63310
2024-10-12T21:17:00.000Z,3.19,0.42,571.4,2.72,62907
2024-10-12T21:18:00.000Z,3.00,0.34,576.7,2.92,64218
2024-10-12T21:19:00.000Z,3.31,0.32,578.5,3.82,65347
2024-10-12T21:20:00.000Z,3.41,0.32,578.8,3.96,65526
2024-10-12T21:21:00.000Z,3.40,0.35,578.8,3.96,65526
2024-10-12T21:22:00.000Z,3.54,0.58,577.5,1.92,107690
2024-10-12T21:23:00.000Z,3.45,0.34,581.8,2.86,75228
2024-10-12T21:24:00.000Z,3.52,0.65,585.0,3.50,57714
2024-10-12T21:25:00.000Z,3.40,0.81,591.3,4.04,80577
2024-10-12T21:26:00.000Z,3.53,1.05,590.2,3.41,49546
2024-10-12T21:27:00.000Z,3.61,0.96,585.7,2.53,66778
2024-10-12T21:28:00.000Z,3.70,1.04,584.2,2.45,72233
2024-10-12T21:29:00.000Z,3.91,1.34,575.9,2.27,108167
2024-10-12T21:30:00.000Z,3.96,1.57,583.3,3.29,95407
2024-10-12T21:31:00.000Z,3.99,1.44,99999.9,999.99,9999999.0
2024-10-12T21:32:00.000Z,3.98,1.44,99999.9,999.99,9999999.0
2024-10-12T21:33:00.000Z,3.98,1.44,99999.9,999.99,9999999.0
2024-10-12T21:34:00.000Z,4.05,1.54,99999.9,999.99,9999999.0
2024-10-12T21:35:00.000Z,4.07,1.39,99999.9,999.99,9999999.0
2024-10-12T21:36:00.000Z,4.07,1.39,99999.9,999.99,9999999.0
2024-10-12T21:37:00.000Z,4.33,1.59,561.0,2.02,85393
2024-10-12T21:38:00.000Z,4.33,1.61,564.0,1.85,119876
2024-10-12T21:39:00.000Z,4.29,1.52,565.0,2.09,82529
2024-10-12T21:40:00.000Z,4.33,1.63,561.3,1.85,67336
2024-10-12T21:41:00.000Z,4.31,1.43,557.9,1.61,70944
2024-10-12T21:42:00.000Z,4.62,1.33,556.0,1.48,73390
2024-10-12T21:43:00.000Z,4.62,1.15,565.1,2.12,55728
2024-10-12T21:44:00.000Z,4.62,1.04,565.1,2.12,55728
2024-10-12T21:45:00.000Z,4.62,1.04,565.1,2.12,55728
2024-10-12T21:46:00.000Z,4.71,1.28,563.0,1.86,57430
2024-10-12T21:47:00.000Z,4.77,1.37,563.0,1.86,57430
2024-10-12T21:48:00.000Z,4.80,1.31,561.5,1.96,57430
2024-10-12T21:49:00.000Z,4.81,1.35,561.5,1.96,57517
2024-10-12T21:50:00.000Z,4.80,1.41,559.3,1.83,60169
2024-10-12T21:51:00.000Z,4.82,1.84,553.9,1.78,59159
2024-10-12T21:52:00.000Z,4.83,1.91,552.5,1.76,58893
2024-10-12T21:53:00.000Z,4.83,1.66,99999.9,999.99,9999999.0
2024-10-12T21:54:00.000Z,4.80,1.43,557.6,1.70,71510
2024-10-12T21:55:00.000Z,4.79,2.05,556.9,1.70,70968
2024-10-12T21:56:00.000Z,4.77,1.92,544.6,1.74,60479
2024-10-12T21:57:00.000Z,4.80,1.61,557.0,1.82,62815
2024-10-12T21:58:00.000Z,4.82,1.61,560.6,1.89,58667
2024-10-12T21:59:00.000Z,4.80,2.35,564.1,1.71,67324
2024-10-12T22:00:00.000Z,4.75,2.65,566.0,1.65,67570
2024-10-12T22:01:00.000Z,4.73,2.56,570.7,1.82,56391
2024-10-12T22:02:00.000Z,4.70,3.06,99999.9,999.99,9999999.0
2024-10-12T22:03:00.000Z,4.71,3.05,99999.9,999.99,9999999.0
2024-10-12T22:04:00.000Z,4.69,3.24,572.4,1.90,71053
2024-10-12T22:05:00.000Z,4.72,3.25,572.4,1.90,71053
2024-10-12T22:06:00.000Z,4.70,2.78,572.4,1.90,71053
2024-10-12T22:07:00.000Z,4.71,3.43,99999.9,999.99,9999999.0
2024-10-12T22:08:00.000Z,4.70,3.78,584.2,1.21,43098
2024-10-12T22:09:00.000Z,4.78,3.79,584.2,1.21,43098
2024-10-12T22:10:00.000Z,4.86,3.80,584.2,1.21,43098
2024-10-12T22:11:00.000Z,4.75,3.26,571.0,1.02,41213
2024-10-12T22:12:00.000Z,4.83,3.75,571.0,1.02,41213
2024-10-12T22:13:00.000Z,4.83,3.75,571.0,1.02,41213
2024-10-12T22:14:00.000Z,4.83,3.97,99999.9,999.99,9999999.0
2024-10-12T22:15:00.000Z,4.86,3.62,99999.9,999.99,9999999.0
2024-10-12T22:16:00.000Z,4.85,3.62,570.0,1.17,48797
2024-10-12T22:17:00.000Z,4.86,3.45,570.0,1.17,48797
2024-10-12T22:18:00.000Z,4.86,3.43,570.0,1.17,48797
2024-10-12T22:19:00.000Z,4.83,3.20,99999.9,999.99,9999999.0
2024-10-12T22:20:00.000Z,4.84,3.17,560.9,1.09,51868
2024-10-12T22:21:00.000Z,4.86,3.27,561.1,1.09,51800
2024-10-12T22:22:00.000Z,4.91,3.39,562.6,1.12,51320
2024-10-12T22:23:00.000Z,4.90,3.50,562.7,1.12,51302
2024-10-12T22:24:00.000Z,4.83,3.26,99999.9,999.99,9999999.0
2024-10-12T22:25:00.000Z,4.77,3.47,99999.9,999.99,9999999.0
2024-10-12T22:26:00.000Z,4.77,3.48,565.4,1.06,43454
2024-10-12T22:27:00.000Z,4.77,3.33,565.4,1.06,43454
2024-10-12T22:28:00.000Z,9999.99,9999.99,99999.9,999.99,9999999.0
2024-10-12T22:29:00.000Z,4.78,3.11,99999.9,999.99,9999999.0
2024-10-12T22:30:00.000Z,4.79,2.62,553.9,1.09,69473
2024-10-12T22:31:00.000Z,4.80,1.49,558.9,1.10,58148
2024-10-12T22:32:00.000Z,4.78,1.50,565.3,1.10,43486
2024-10-12T22:33:00.000Z,4.79,1.37,99999.9,999.99,9999999.0
2024-10-12T22:34:00.000Z,4.78,1.41,99999.9,999.99,9999999.0
2024-10-12T22:35:00.000Z,4.77,1.45,99999.9,999.99,9999999.0
2024-10-12T22:36:00.000Z,4.75,1.53,99999.9,999.99,9999999.0
2024-10-12T22:37:00.000Z,4.74,1.36,99999.9,999.99,9999999.0
2024-10-12T22:38:00.000Z,4.77,0.94,552.2,1.64,63510
2024-10-12T22:39:00.000Z,4.74,1.32,553.7,1.46,90382
2024-10-12T22:40:00.000Z,4.74,1.35,555.1,1.37,113122
2024-10-12T22:41:00.000Z,4.73,0.91,553.7,1.45,78972
2024-10-12T22:42:00.000Z,4.73,0.95,553.5,1.54,76656
2024-10-12T22:43:00.000Z,4.73,1.22,553.4,1.49,98673
2024-10-12T22:44:00.000Z,4.73,1.30,558.5,1.44,102580
2024-10-12T22:45:00.000Z,4.72,1.11,99999.9,999.99,9999999.0
2024-10-12T22:46:00.000Z,4.73,1.31,548.9,1.63,65485
2024-10-12T22:47:00.000Z,4.78,2.08,548.3,1.69,61535
2024-10-12T22:48:00.000Z,4.75,1.88,562.4,1.52,110516
2024-10-12T22:49:00.000Z,4.77,1.30,562.4,1.52,110516
2024-10-12T22:50:00.000Z,4.70,0.44,558.7,1.47,101417
2024-10-12T22:51:00.000Z,4.67,0.56,549.2,1.33,77832
2024-10-12T22:52:00.000Z,4.68,0.07,543.5,1.05,60981
2024-10-12T22:53:00.000Z,4.73,2.54,564.6,2.19,39206
2024-10-12T22:54:00.000Z,4.69,2.79,564.5,2.18,40117
2024-10-12T22:55:00.000Z,4.64,2.27,557.9,1.68,55178
2024-10-12T22:56:00.000Z,4.62,2.46,557.9,1.68,55178
2024-10-12T22:57:00.000Z,4.63,2.34,560.3,2.19,43313
2024-10-12T22:58:00.000Z,4.65,2.45,561.8,2.23,48610
2024-10-12T22:59:00.000Z,4.63,2.27,568.1,1.58,79644
2024-10-12T23:00:00.000Z,4.66,2.37,99999.9,999.99,9999999.0
2024-10-12T23:01:00.000Z,4.72,3.03,569.6,1.49,93584
2024-10-12T23:02:00.000Z,4.72,2.93,569.6,1.49,93584
2024-10-12T23:03:00.000Z,4.71,2.81,99999.9,999.99,9999999.0
2024-10-12T23:04:00.000Z,4.70,2.57,99999.9,999.99,9999999.0
2024-10-12T23:05:00.000Z,4.71,2.70,99999.9,999.99,9999999.0
2024-10-12T23:06:00.000Z,4.70,2.76,99999.9,999.99,9999999.0
2024-10-12T23:07:00.000Z,4.70,2.87,99999.9,999.99,9999999.0
2024-10-12T23:08:00.000Z,4.71,2.79,572.0,2.46,39495
2024-10-12T23:09:00.000Z,4.70,2.79,572.0,2.46,39495
2024-10-12T23:10:00.000Z,4.69,2.72,564.9,1.62,75602
2024-10-12T23:11:00.000Z,4.76,2.66,564.9,1.62,75602
2024-10-12T23:12:00.000Z,4.73,2.64,564.9,1.62,75602
2024-10-12T23:13:00.000Z,4.69,2.27,99999.9,999.99,9999999.0
2024-10-12T23:14:00.000Z,4.69,2.23,99999.9,999.99,9999999.0
2024-10-12T23:15:00.000Z,4.68,2.07,556.0,1.78,44459
2024-10-12T23:16:00.000Z,4.67,2.54,558.5,1.96,42875
2024-10-12T23:17:00.000Z,4.69,2.27,99999.9,999.99,9999999.0
2024-10-12T23:18:00.000Z,4.67,2.23,99999.9,999.99,9999999.0
2024-10-12T23:19:00.000Z,4.67,2.11,99999.9,999.99,9999999.0
2024-10-12T23:20:00.000Z,4.67,2.22,99999.9,999.99,9999999.0
2024-10-12T23:21:00.000Z,4.70,1.30,554.0,2.45,36493
2024-10-12T23:22:00.000Z,4.70,1.28,555.0,2.29,40696
2024-10-12T23:23:00.000Z,4.71,1.17,556.3,2.10,45786
2024-10-12T23:24:00.000Z,4.69,1.25,558.6,2.37,39880
2024-10-12T23:25:00.000Z,4.60,0.60,554.9,2.27,41201
2024-10-12T23:26:00.000Z,4.58,0.28,551.8,2.01,46945
2024-10-12T23:27:00.000Z,4.56,0.43,552.0,1.97,48385
2024-10-12T23:28:00.000Z,4.57,0.22,545.5,1.35,72196
2024-10-12T23:29:00.000Z,4.55,0.03,545.9,1.45,68512
2024-10-12T23:30:00.000Z,4.55,0.80,546.9,1.66,61455
2024-10-12T23:31:00.000Z,4.54,-0.05,99999.9,999.99,9999999.0
2024-10-12T23:32:00.000Z,4.53,-0.07,99999.9,999.99,9999999.0
2024-10-12T23:33:00.000Z,4.52,0.49,99999.9,999.99,9999999.0
2024-10-12T23:34:00.000Z,4.52,0.45,545.7,1.50,67325
2024-10-12T23:35:00.000Z,4.52,0.21,545.6,1.50,67559
2024-10-12T23:36:00.000Z,4.52,0.21,99999.9,999.99,9999999.0
2024-10-12T23:37:00.000Z,4.54,0.59,99999.9,999.99,9999999.0
2024-10-12T23:38:00.000Z,9999.99,9999.99,99999.9,999.99,9999999.0
2024-10-12T23:39:00.000Z,4.44,0.06,99999.9,999.99,9999999.0
2024-10-12T23:40:00.000Z,9999.99,9999.99,99999.9,999.99,9999999.0
2024-10-12T23:41:00.000Z,4.51,0.18,99999.9,999.99,9999999.0
2024-10-12T23:42:00.000Z,9999.99,9999.99,99999.9,999.99,9999999.0
2024-10-12T23:43:00.000Z,4.52,0.42,99999.9,999.99,9999999.0
2024-10-12T23:44:00.000Z,9999.99,9999.99,99999.9,999.99,9999999.0
2024-10-12T23:45:00.000Z,4.33,0.20,542.6,1.58,63805
2024-10-12T23:46:00.000Z,4.52,0.10,539.2,1.53,70334
2024-10-12T23:47:00.000Z,4.48,0.19,539.0,1.87,49416
2024-10-12T23:48:00.000Z,4.47,0.19,541.0,1.70,58094
2024-10-12T23:49:00.000Z,4.45,0.21,543.9,1.42,72680
2024-10-12T23:50:00.000Z,4.47,0.23,99999.9,999.99,9999999.0
2024-10-12T23:51:00.000Z,4.49,0.26,99999.9,999.99,9999999.0
2024-10-12T23:52:00.000Z,4.51,0.42,541.2,1.24,95017
2024-10-12T23:53:00.000Z,4.52,0.41,541.2,1.24,95017
2024-10-12T23:54:00.000Z,4.52,0.53,99999.9,999.99,9999999.0
2024-10-12T23:55:00.000Z,4.51,0.54,99999.9,999.99,9999999.0
2024-10-12T23:56:00.000Z,4.51,0.67,534.6,1.24,72428
2024-10-12T23:57:00.000Z,4.50,0.82,534.6,1.24,72428
2024-10-12T23:58:00.000Z,4.51,0.93,534.6,1.24,72428
2024-10-12T23:59:00.000Z,4.50,1.07,99999.9,999.99,9999999.0
2024-10-13T00:00:00.000Z,4.55,0.90,540.6,1.27,86375
2024-10-13T00:01:00.000Z,4.55,0.84,541.5,1.31,76545
2024-10-13T00:02:00.000Z,4.57,0.77,545.0,1.90,52139
2024-10-13T00:03:00.000Z,4.57,0.99,544.7,1.91,52243
2024-10-13T00:04:00.000Z,4.56,0.89,542.0,1.47,64616
2024-10-13T00:05:00.000Z,4.56,0.53,99999.9,999.99,9999999.0
2024-10-13T00:06:00.000Z,4.56,0.49,99999.9,999.99,9999999.0
2024-10-13T00:07:00.000Z,4.56,0.52,99999.9,999.99,9999999.0
2024-10-13T00:08:00.000Z,4.56,0.46,99999.9,999.99,9999999.0
2024-10-13T00:09:00.000Z,4.60,0.88,538.0,1.70,59196
2024-10-13T00:10:00.000Z,4.58,0.71,541.1,1.88,55744
2024-10-13T00:11:00.000Z,4.58,0.73,551.5,2.50,44333
2024-10-13T00:12:00.000Z,4.60,0.84,99999.9,999.99,9999999.0
2024-10-13T00:13:00.000Z,4.61,0.90,99999.9,999.99,9999999.0
2024-10-13T00:14:00.000Z,4.62,0.60,99999.9,999.99,9999999.0
2024-10-13T00:15:00.000Z,4.61,0.60,545.1,1.92,54469
2024-10-13T00:16:00.000Z,4.63,0.88,547.9,2.21,49180
2024-10-13T00:17:00.000Z,4.66,0.84,546.2,2.01,48959
2024-10-13T00:18:00.000Z,4.68,1.06,543.9,1.75,49452
2024-10-13T00:19:00.000Z,4.68,1.20,99999.9,999.99,9999999.0
2024-10-13T00:20:00.000Z,4.69,1.01,99999.9,999.99,9999999.0
2024-10-13T00:21:00.000Z,4.70,0.78,541.0,1.90,53618
2024-10-13T00:22:00.000Z,4.72,0.76,542.0,1.84,54444
2024-10-13T00:23:00.000Z,4.74,0.39,544.5,1.84,54517
2024-10-13T00:24:00.000Z,4.69,0.85,546.4,1.91,51196
2024-10-13T00:25:00.000Z,4.71,0.59,545.0,1.78,59557
2024-10-13T00:26:00.000Z,4.73,0.54,544.8,1.80,55047
2024-10-13T00:27:00.000Z,4.72,0.35,545.5,1.84,48519
2024-10-13T00:28:00.000Z,4.73,0.39,545.0,1.87,55258
2024-10-13T00:29:00.000Z,4.70,0.59,544.8,1.90,53565
2024-10-13T00:30:00.000Z,4.71,0.57,99999.9,999.99,9999999.0
2024-10-13T00:31:00.000Z,4.73,0.60,545.7,2.08,57205
2024-10-13T00:32:00.000Z,4.72,0.52,544.0,2.04,58014
2024-10-13T00:33:00.000Z,4.72,0.50,542.8,1.98,59891
2024-10-13T00:34:00.000Z,4.73,0.35,545.5,2.10,58554
2024-10-13T00:35:00.000Z,4.73,0.50,99999.9,999.99,9999999.0
2024-10-13T00:36:00.000Z,4.72,0.39,99999.9,999.99,9999999.0
2024-10-13T00:37:00.000Z,4.71,0.36,99999.9,999.99,9999999.0
2024-10-13T00:38:00.000Z,4.72,0.50,99999.9,999.99,9999999.0
2024-10-13T00:39:00.000Z,4.74,0.44,543.8,1.73,72219
2024-10-13T00:40:00.000Z,4.73,0.49,543.8,1.73,72219
2024-10-13T00:41:00.000Z,4.73,0.48,543.8,1.73,72219
2024-10-13T00:42:00.000Z,4.73,0.46,542.4,1.73,83283
2024-10-13T00:43:00.000Z,4.74,0.35,545.0,1.80,73653
2024-10-13T00:44:00.000Z,4.74,0.30,546.8,2.16,57922
2024-10-13T00:45:00.000Z,4.74,0.28,547.0,2.25,54715
2024-10-13T00:46:00.000Z,4.73,0.48,543.4,2.04,65470
2024-10-13T00:47:00.000Z,4.75,0.25,543.5,2.04,65277
2024-10-13T00:48:00.000Z,4.75,0.19,99999.9,999.99,9999999.0
2024-10-13T00:49:00.000Z,4.75,0.10,99999.9,999.99,9999999.0
2024-10-13T00:50:00.000Z,4.75,0.13,99999.9,999.99,9999999.0
2024-10-13T00:51:00.000Z,4.76,0.05,538.5,2.35,51797
2024-10-13T00:52:00.000Z,4.75,0.09,538.5,2.35,51797
2024-10-13T00:53:00.000Z,4.77,0.23,546.9,2.01,65526
2024-10-13T00:54:00.000Z,4.77,0.29,546.9,2.01,65526
2024-10-13T00:55:00.000Z,4.77,0.23,99999.9,999.99,9999999.0
2024-10-13T00:56:00.000Z,4.77,0.21,99999.9,999.99,9999999.0
2024-10-13T00:57:00.000Z,4.77,0.26,99999.9,999.99,9999999.0
2024-10-13T00:58:00.000Z,4.77,0.22,99999.9,999.99,9999999.0
2024-10-13T00:59:00.000Z,4.76,0.24,534.3,2.30,54814
2024-10-13T01:00:00.000Z,4.75,0.42,534.3,2.30,54814
2024-10-13T01:01:00.000Z,4.78,0.54,544.5,1.88,72931
2024-10-13T01:02:00.000Z,4.77,0.50,544.5,1.88,72931
2024-10-13T01:03:00.000Z,4.77,0.50,544.5,1.88,72931
2024-10-13T01:04:00.000Z,4.77,0.49,99999.9,999.99,9999999.0
2024-10-13T01:05:00.000Z,4.77,0.47,540.9,1.73,79457
2024-10-13T01:06:00.000Z,4.77,0.47,540.9,1.73,79457
2024-10-13T01:07:00.000Z,4.77,0.48,99999.9,999.99,9999999.0
2024-10-13T01:08:00.000Z,4.77,0.42,533.3,1.79,65287
2024-10-13T01:09:00.000Z,4.78,0.45,536.0,1.84,67585
2024-10-13T01:10:00.000Z,4.79,0.52,540.2,1.91,71162
2024-10-13T01:11:00.000Z,4.79,0.63,542.4,1.96,72094
2024-10-13T01:12:00.000Z,4.80,0.67,542.4,1.96,72094
2024-10-13T01:13:00.000Z,4.80,0.66,545.0,2.55,59158
2024-10-13T01:14:00.000Z,4.78,0.44,545.0,2.55,59158
2024-10-13T01:15:00.000Z,4.78,0.29,545.0,2.55,59158
2024-10-13T01:16:00.000Z,4.78,0.31,550.6,2.64,49729
2024-10-13T01:17:00.000Z,4.78,0.23,550.6,2.64,49729
2024-10-13T01:18:00.000Z,4.78,0.22,550.6,2.64,49729
2024-10-13T01:19:00.000Z,4.79,0.18,99999.9,999.99,9999999.0
2024-10-13T01:20:00.000Z,4.79,0.19,99999.9,999.99,9999999.0
2024-10-13T01:21:00.000Z,4.80,0.18,542.4,2.18,62029
2024-10-13T01:22:00.000Z,4.77,0.23,542.4,2.18,62029
2024-10-13T01:23:00.000Z,4.79,0.24,547.0,2.49,59993
2024-10-13T01:24:00.000Z,4.76,0.25,547.0,2.49,59993
2024-10-13T01:25:00.000Z,4.78,0.25,99999.9,999.99,9999999.0
2024-10-13T01:26:00.000Z,4.78,0.26,548.9,2.69,56096
2024-10-13T01:27:00.000Z,4.79,0.20,545.9,2.40,63943
2024-10-13T01:28:00.000Z,4.80,0.27,542.5,2.07,73100
2024-10-13T01:29:00.000Z,4.80,0.25,547.0,2.51,61643
2024-10-13T01:30:00.000Z,4.82,0.33,546.4,2.48,61441
2024-10-13T01:31:00.000Z,4.82,0.38,544.7,2.33,62607
2024-10-13T01:32:00.000Z,4.81,0.37,545.8,2.40,64011
2024-10-13T01:33:00.000Z,4.81,0.36,545.1,2.43,61720
2024-10-13T01:34:00.000Z,4.82,0.41,543.7,2.48,62308
2024-10-13T01:35:00.000Z,4.80,0.35,553.0,3.28,44333
2024-10-13T01:36:00.000Z,4.80,0.41,553.0,3.28,44386
2024-10-13T01:37:00.000Z,4.85,0.65,547.3,2.37,60528
2024-10-13T01:38:00.000Z,4.85,0.68,547.3,2.37,60528
2024-10-13T01:39:00.000Z,4.85,0.69,548.0,2.40,62456
2024-10-13T01:40:00.000Z,4.85,0.77,548.0,2.40,62456
2024-10-13T01:41:00.000Z,4.86,0.66,547.4,2.31,64811
2024-10-13T01:42:00.000Z,4.86,0.71,547.4,2.31,64854
2024-10-13T01:43:00.000Z,4.84,0.71,548.0,2.34,67491
2024-10-13T01:44:00.000Z,4.85,0.74,548.0,2.34,67491
2024-10-13T01:45:00.000Z,4.85,0.74,99999.9,999.99,9999999.0
2024-10-13T01:46:00.000Z,4.85,0.79,99999.9,999.99,9999999.0
2024-10-13T01:47:00.000Z,4.85,0.76,548.4,2.45,61759
2024-10-13T01:48:00.000Z,4.86,0.80,546.9,2.38,61158
2024-10-13T01:49:00.000Z,4.85,0.79,544.2,2.27,60084
2024-10-13T01:50:00.000Z,4.86,0.74,99999.9,999.99,9999999.0
2024-10-13T01:51:00.000Z,4.86,0.79,99999.9,999.99,9999999.0
2024-10-13T01:52:00.000Z,4.87,0.70,547.3,2.31,64218
2024-10-13T01:53:00.000Z,4.87,0.79,547.3,2.31,64218
2024-10-13T01:54:00.000Z,4.86,0.80,547.0,2.22,68868
2024-10-13T01:55:00.000Z,4.88,0.78,546.8,2.23,68687
2024-10-13T01:56:00.000Z,4.87,0.79,543.6,2.46,62055
2024-10-13T01:57:00.000Z,4.88,0.73,546.0,2.22,68166
2024-10-13T01:58:00.000Z,4.87,0.80,546.4,2.18,69036
2024-10-13T01:59:00.000Z,4.88,0.72,545.3,2.02,71679
2024-10-13T02:00:00.000Z,4.88,0.63,544.0,2.27,66816
2024-10-13T02:01:00.000Z,4.88,0.71,545.0,2.05,74462
2024-10-13T02:02:00.000Z,4.88,0.72,99999.9,999.99,9999999.0
2024-10-13T02:03:00.000Z,4.90,0.78,545.0,1.98,74877
2024-10-13T02:04:00.000Z,4.89,0.72,545.0,1.98,74877
2024-10-13T02:05:00.000Z,4.89,0.72,99999.9,999.99,9999999.0
2024-10-13T02:06:00.000Z,4.88,0.61,99999.9,999.99,9999999.0
2024-10-13T02:07:00.000Z,4.83,1.33,99999.9,999.99,9999999.0
2024-10-13T02:08:00.000Z,4.91,1.14,544.1,4.32,36276
2024-10-13T02:09:00.000Z,4.87,1.31,545.4,2.42,72810
2024-10-13T02:10:00.000Z,4.93,1.07,549.7,1.79,88978
2024-10-13T02:11:00.000Z,4.92,1.05,550.4,1.77,90049
2024-10-13T02:12:00.000Z,4.88,1.10,529.7,3.90,43324
2024-10-13T02:13:00.000Z,4.90,0.93,534.9,2.70,58519
2024-10-13T02:14:00.000Z,4.82,1.42,537.8,2.03,66887
2024-10-13T02:15:00.000Z,4.84,1.50,547.7,2.16,84806
2024-10-13T02:16:00.000Z,4.82,1.69,547.7,2.16,84806
2024-10-13T02:17:00.000Z,4.81,1.67,99999.9,999.99,9999999.0
2024-10-13T02:18:00.000Z,4.81,1.69,548.0,2.20,75988
2024-10-13T02:19:00.000Z,4.81,1.70,548.0,2.20,75988
2024-10-13T02:20:00.000Z,4.83,1.77,99999.9,999.99,9999999.0
2024-10-13T02:21:00.000Z,4.83,1.51,99999.9,999.99,9999999.0
2024-10-13T02:22:00.000Z,4.83,1.57,99999.9,999.99,9999999.0
2024-10-13T02:23:00.000Z,9999.99,9999.99,99999.9,999.99,9999999.0
2024-10-13T02:24:00.000Z,4.84,1.59,541.5,2.17,76891
2024-10-13T02:25:00.000Z,4.86,1.57,541.5,2.17,76891
2024-10-13T02:26:00.000Z,4.84,1.61,99999.9,999.99,9999999.0
2024-10-13T02:27:00.000Z,4.83,1.39,548.1,1.99,104447
2024-10-13T02:28:00.000Z,4.84,1.42,548.1,1.99,104447
2024-10-13T02:29:00.000Z,4.82,1.49,544.1,2.17,83228
2024-10-13T02:30:00.000Z,4.83,1.51,547.7,2.28,76092
2024-10-13T02:31:00.000Z,4.81,1.48,547.2,3.14,56814
2024-10-13T02:32:00.000Z,4.80,1.49,542.1,3.40,58300
2024-10-13T02:33:00.000Z,4.81,1.44,539.9,2.06,83626
2024-10-13T02:34:00.000Z,4.84,1.37,545.3,2.01,98463
2024-10-13T02:35:00.000Z,4.81,1.30,547.2,2.25,88303
2024-10-13T02:36:00.000Z,4.84,1.33,547.3,2.27,87500
2024-10-13T02:37:00.000Z,4.83,1.17,546.8,2.17,80911
2024-10-13T02:38:00.000Z,4.82,1.11,546.8,2.17,80911
2024-10-13T02:39:00.000Z,4.86,1.34,99999.9,999.99,9999999.0
2024-10-13T02:40:00.000Z,4.84,1.78,99999.9,999.99,9999999.0
2024-10-13T02:41:00.000Z,4.89,1.34,99999.9,999.99,9999999.0
2024-10-13T02:42:00.000Z,4.88,1.43,99999.9,999.99,9999999.0
2024-10-13T02:43:00.000Z,4.87,1.42,99999.9,999.99,9999999.0
2024-10-13T02:44:00.000Z,4.85,1.63,99999.9,999.99,9999999.0
2024-10-13T02:45:00.000Z,4.90,1.30,540.8,2.04,84101
2024-10-13T02:46:00.000Z,4.89,1.24,541.6,2.02,86223
2024-10-13T02:47:00.000Z,4.92,1.18,544.8,1.94,84038
2024-10-13T02:48:00.000Z,4.92,1.26,544.8,1.94,84038
2024-10-13T02:49:00.000Z,4.88,1.53,543.8,1.84,93775
2024-10-13T02:50:00.000Z,4.85,1.44,536.0,2.16,82366
2024-10-13T02:51:00.000Z,4.94,1.18,515.5,3.00,52115
2024-10-13T02:52:00.000Z,9999.99,9999.99,99999.9,999.99,9999999.0
2024-10-13T02:53:00.000Z,4.95,1.14,99999.9,999.99,9999999.0
2024-10-13T02:54:00.000Z,4.83,1.71,99999.9,999.99,9999999.0
2024-10-13T02:55:00.000Z,4.95,1.09,99999.9,999.99,9999999.0
2024-10-13T02:56:00.000Z,9999.99,9999.99,99999.9,999.99,9999999.0
2024-10-13T02:57:00.000Z,4.94,1.10,99999.9,999.99,9999999.0
2024-10-13T02:58:00.000Z,4.94,1.14,540.8,4.19,37480
2024-10-13T02:59:00.000Z,4.94,1.14,540.8,4.19,37480
2024-10-13T03:00:00.000Z,4.95,1.21,540.8,4.19,37480
2024-10-13T03:01:00.000Z,4.96,1.17,99999.9,999.99,9999999.0
2024-10-13T03:02:00.000Z,4.95,1.23,538.0,1.75,93632
2024-10-13T03:03:00.000Z,4.98,1.22,538.6,3.53,53968
2024-10-13T03:04:00.000Z,4.98,1.19,538.9,4.31,36932
2024-10-13T03:05:00.000Z,4.97,1.15,538.3,3.74,42007
2024-10-13T03:06:00.000Z,4.95,1.18,538.6,3.67,42705
2024-10-13T03:07:00.000Z,4.99,1.24,539.8,3.43,45421
2024-10-13T03:08:00.000Z,4.98,1.28,540.1,3.70,43426
2024-10-13T03:09:00.000Z,4.96,1.20,540.4,3.58,45163
2024-10-13T03:10:00.000Z,4.92,1.21,540.5,3.49,46287
2024-10-13T03:11:00.000Z,4.93,1.22,540.3,3.85,43454
2024-10-13T03:12:00.000Z,4.92,1.21,540.3,3.85,43454
2024-10-13T03:13:00.000Z,4.92,1.19,538.7,4.28,40584
2024-10-13T03:14:00.000Z,4.95,1.14,538.7,4.28,40584
2024-10-13T03:15:00.000Z,4.99,1.01,538.7,4.28,40584
2024-10-13T03:16:00.000Z,4.98,0.96,99999.9,999.99,9999999.0
2024-10-13T03:17:00.000Z,4.99,1.00,538.7,4.33,39680
2024-10-13T03:18:00.000Z,5.02,0.98,538.7,4.33,39680
2024-10-13T03:19:00.000Z,5.01,0.98,538.7,4.33,39680
2024-10-13T03:20:00.000Z,5.02,0.98,99999.9,999.99,9999999.0
2024-10-13T03:21:00.000Z,5.01,0.97,534.3,3.54,45024
2024-10-13T03:22:00.000Z,5.01,0.93,534.4,3.58,45044
2024-10-13T03:23:00.000Z,4.99,0.88,534.5,3.65,44382
2024-10-13T03:24:00.000Z,4.99,0.92,535.1,3.76,43445
2024-10-13T03:25:00.000Z,4.99,0.95,537.1,3.91,43259
2024-10-13T03:26:00.000Z,4.98,0.93,537.1,3.91,43259
2024-10-13T03:27:00.000Z,4.97,0.95,535.6,3.77,42164
2024-10-13T03:28:00.000Z,4.95,1.12,537.2,4.28,38993
2024-10-13T03:29:00.000Z,4.92,1.23,538.7,4.79,35813
2024-10-13T03:30:00.000Z,4.91,1.16,99999.9,999.99,9999999.0
2024-10-13T03:31:00.000Z,4.92,1.16,540.4,3.90,41943
2024-10-13T03:32:00.000Z,4.93,1.26,540.2,3.89,42039
2024-10-13T03:33:00.000Z,4.99,1.15,536.6,3.64,43236
2024-10-13T03:34:00.000Z,4.99,1.19,533.4,3.51,43713
2024-10-13T03:35:00.000Z,4.98,1.22,536.8,3.69,42635
2024-10-13T03:36:00.000Z,4.99,1.16,538.5,3.43,45721
2024-10-13T03:37:00.000Z,4.98,1.16,536.9,3.79,41519
2024-10-13T03:38:00.000Z,4.96,1.18,534.8,3.60,41786
2024-10-13T03:39:00.000Z,5.01,1.34,539.0,3.60,43324
2024-10-13T03:40:00.000Z,5.00,1.43,528.6,2.84,39106
2024-10-13T03:41:00.000Z,5.03,1.36,531.1,3.02,43379
2024-10-13T03:42:00.000Z,5.05,1.55,533.3,2.91,51785
2024-10-13T03:43:00.000Z,5.04,1.44,533.5,2.87,53115
2024-10-13T03:44:00.000Z,5.05,1.35,99999.9,999.99,9999999.0
2024-10-13T03:45:00.000Z,5.05,1.34,531.2,3.05,47568
2024-10-13T03:46:00.000Z,5.05,1.28,531.2,3.05,47626
2024-10-13T03:47:00.000Z,5.05,1.29,530.2,2.89,50480
2024-10-13T03:48:00.000Z,5.06,1.35,530.2,2.88,50536
2024-10-13T03:49:00.000Z,5.07,1.32,531.0,2.94,49909
2024-10-13T03:50:00.000Z,5.05,1.25,531.1,2.90,51203
2024-10-13T03:51:00.000Z,5.06,1.20,99999.9,999.99,9999999.0
2024-10-13T03:52:00.000Z,5.06,1.16,531.3,3.03,49833
2024-10-13T03:53:00.000Z,5.08,1.18,531.3,3.03,49833
2024-10-13T03:54:00.000Z,5.09,1.22,529.7,2.69,53076
2024-10-13T03:55:00.000Z,5.06,1.17,529.6,2.67,53223
2024-10-13T03:56:00.000Z,5.09,1.05,99999.9,999.99,9999999.0
2024-10-13T03:57:00.000Z,5.09,1.04,530.9,3.04,49764
2024-10-13T03:58:00.000Z,5.10,1.03,530.8,3.03,49835
2024-10-13T03:59:00.000Z,5.10,1.00,530.6,3.01,50181
2024-10-13T04:00:00.000Z,5.10,0.98,530.8,2.85,51503
2024-10-13T04:01:00.000Z,5.09,0.98,530.8,2.83,51620
2024-10-13T04:02:00.000Z,5.09,0.98,99999.9,999.99,9999999.0
2024-10-13T04:03:00.000Z,5.10,0.92,99999.9,999.99,9999999.0
2024-10-13T04:04:00.000Z,5.12,0.94,527.1,2.68,52059
2024-10-13T04:05:00.000Z,5.13,0.96,527.1,2.69,51895
2024-10-13T04:06:00.000Z,5.14,0.91,526.3,2.80,49644
2024-10-13T04:07:00.000Z,5.16,0.91,99999.9,999.99,9999999.0
2024-10-13T04:08:00.000Z,9999.99,9999.99,99999.9,999.99,9999999.0
2024-10-13T04:09:00.000Z,9999.99,9999.99,99999.9,999.99,9999999.0
2024-10-13T04:10:00.000Z,9999.99,9999.99,99999.9,999.99,9999999.0
2024-10-13T04:11:00.000Z,9999.99,9999.99,99999.9,999.99,9999999.0
2024-10-13T04:12:00.000Z,9999.99,9999.99,99999.9,999.99,9999999.0
2024-10-13T04:13:00.000Z,9999.99,9999.99,99999.9,999.99,9999999.0
2024-10-13T04:14:00.000Z,9999.99,9999.99,99999.9,999.99,9999999.0
2024-10-13T04:15:00.000Z,9999.99,9999.99,99999.9,999.99,9999999.0
2024-10-13T04:16:00.000Z,9999.99,9999.99,99999.9,999.99,9999999.0
2024-10-13T04:17:00.000Z,9999.99,9999.99,99999.9,999.99,9999999.0
2024-10-13T04:18:00.000Z,9999.99,9999.99,99999.9,999.99,9999999.0
2024-10-13T04:19:00.000Z,9999.99,9999.99,99999.9,999.99,9999999.0
2024-10-13T04:20:00.000Z,9999.99,9999.99,99999.9,999.99,9999999.0
2024-10-13T04:21:00.000Z,9999.99,9999.99,99999.9,999.99,9999999.0
2024-10-13T04:22:00.000Z,9999.99,9999.99,99999.9,999.99,9999999.0
2024-10-13T04:23:00.000Z,9999.99,9999.99,99999.9,999.99,9999999.0
2024-10-13T04:24:00.000Z,9999.99,9999.99,99999.9,999.99,9999999.0
2024-10-13T04:25:00.000Z,9999.99,9999.99,99999.9,999.99,9999999.0
2024-10-13T04:26:00.000Z,9999.99,9999.99,99999.9,999.99,9999999.0
2024-10-13T04:27:00.000Z,9999.99,9999.99,99999.9,999.99,9999999.0
2024-10-13T04:28:00.000Z,9999.99,9999.99,99999.9,999.99,9999999.0
2024-10-13T04:29:00.000Z,9999.99,9999.99,99999.9,999.99,9999999.0
2024-10-13T04:30:00.000Z,9999.99,9999.99,99999.9,999.99,9999999.0
2024-10-13T04:31:00.000Z,9999.99,9999.99,99999.9,999.99,9999999.0
2024-10-13T04:32:00.000Z,9999.99,9999.99,99999.9,999.99,9999999.0
2024-10-13T04:33:00.000Z,9999.99,9999.99,99999.9,999.99,9999999.0
2024-10-13T04:34:00.000Z,9999.99,9999.99,99999.9,999.99,9999999.0
2024-10-13T04:35:00.000Z,9999.99,9999.99,99999.9,999.99,9999999.0
2024-10-13T04:36:00.000Z,9999.99,9999.99,99999.9,999.99,9999999.0
2024-10-13T04:37:00.000Z,9999.99,9999.99,99999.9,999.99,9999999.0
2024-10-13T04:38:00.000Z,9999.99,9999.99,99999.9,999.99,9999999.0
2024-10-13T04:39:00.000Z,9999.99,9999.99,99999.9,999.99,9999999.0
2024-10-13T04:40:00.000Z,9999.99,9999.99,99999.9,999.99,9999999.0
2024-10-13T04:41:00.000Z,9999.99,9999.99,99999.9,999.99,9999999.0
2024-10-13T04:42:00.000Z,9999.99,9999.99,99999.9,999.99,9999999.0
2024-10-13T04:43:00.000Z,9999.99,9999.99,99999.9,999.99,9999999.0
2024-10-13T04:44:00.000Z,9999.99,9999.99,99999.9,999.99,9999999.0
2024-10-13T04:45:00.000Z,9999.99,9999.99,99999.9,999.99,9999999.0
2024-10-13T04:46:00.000Z,9999.99,9999.99,99999.9,999.99,9999999.0
2024-10-13T04:47:00.000Z,9999.99,9999.99,99999.9,999.99,9999999.0
2024-10-13T04:48:00.000Z,9999.99,9999.99,99999.9,999.99,9999999.0
2024-10-13T04:49:00.000Z,9999.99,9999.99,99999.9,999.99,9999999.0
2024-10-13T04:50:00.000Z,9999.99,9999.99,99999.9,999.99,9999999.0
2024-10-13T04:51:00.000Z,9999.99,9999.99,99999.9,999.99,9999999.0
2024-10-13T04:52:00.000Z,9999.99,9999.99,99999.9,999.99,9999999.0
2024-10-13T04:53:00.000Z,9999.99,9999.99,99999.9,999.99,9999999.0
2024-10-13T04:54:00.000Z,9999.99,9999.99,99999.9,999.99,9999999.0
2024-10-13T04:55:00.000Z,9999.99,9999.99,99999.9,999.99,9999999.0
2024-10-13T04:56:00.000Z,9999.99,9999.99,99999.9,999.99,9999999.0
2024-10-13T04:57:00.000Z,9999.99,9999.99,99999.9,999.99,9999999.0
2024-10-13T04:58:00.000Z,9999.99,9999.99,99999.9,999.99,9999999.0
2024-10-13T04:59:00.000Z,9999.99,9999.99,99999.9,999.99,9999999.0
2024-10-13T05:00:00.000Z,9999.99,9999.99,99999.9,999.99,9999999.0
2024-10-13T05:01:00.000Z,9999.99,9999.99,99999.9,999.99,9999999.0
2024-10-13T05:02:00.000Z,9999.99,9999.99,99999.9,999.99,9999999.0
2024-10-13T05:03:00.000Z,9999.99,9999.99,99999.9,999.99,9999999.0
2024-10-13T05:04:00.000Z,9999.99,9999.99,99999.9,999.99,9999999.0
2024-10-13T05:05:00.000Z,9999.99,9999.99,99999.9,999.99,9999999.0
2024-10-13T05:06:00.000Z,9999.99,9999.99,99999.9,999.99,9999999.0
2024-10-13T05:07:00.000Z,9999.99,9999.99,99999.9,999.99,9999999.0
2024-10-13T05:08:00.000Z,9999.99,9999.99,99999.9,999.99,9999999.0
2024-10-13T05:09:00.000Z,9999.99,9999.99,99999.9,999.99,9999999.0
2024-10-13T05:10:00.000Z,9999.99,9999.99,99999.9,999.99,9999999.0
2024-10-13T05:11:00.000Z,9999.99,9999.99,99999.9,999.99,9999999.0
2024-10-13T05:12:00.000Z,9999.99,9999.99,99999.9,999.99,9999999.0
2024-10-13T05:13:00.000Z,9999.99,9999.99,99999.9,999.99,9999999.0
2024-10-13T05:14:00.000Z,9999.99,9999.99,99999.9,999.99,9999999.0
2024-10-13T05:15:00.000Z,9999.99,9999.99,99999.9,999.99,9999999.0
2024-10-13T05:16:00.000Z,9999.99,9999.99,99999.9,999.99,9999999.0
2024-10-13T05:17:00.000Z,9999.99,9999.99,99999.9,999.99,9999999.0
2024-10-13T05:18:00.000Z,9999.99,9999.99,99999.9,999.99,9999999.0
2024-10-13T05:19:00.000Z,9999.99,9999.99,99999.9,999.99,9999999.0
2024-10-13T05:20:00.000Z,9999.99,9999.99,99999.9,999.99,9999999.0
2024-10-13T05:21:00.000Z,9999.99,9999.99,99999.9,999.99,9999999.0
2024-10-13T05:22:00.000Z,9999.99,9999.99,99999.9,999.99,9999999.0
2024-10-13T05:23:00.000Z,9999.99,9999.99,99999.9,999.99,9999999.0
2024-10-13T05:24:00.000Z,9999.99,9999.99,99999.9,999.99,9999999.0
2024-10-13T05:25:00.000Z,9999.99,9999.99,99999.9,999.99,9999999.0
2024-10-13T05:26:00.000Z,9999.99,9999.99,99999.9,999.99,9999999.0
2024-10-13T05:27:00.000Z,9999.99,9999.99,99999.9,999.99,9999999.0
2024-10-13T05:28:00.000Z,9999.99,9999.99,99999.9,999.99,9999999.0
2024-10-13T05:29:00.000Z,9999.99,9999.99,99999.9,999.99,9999999.0
2024-10-13T05:30:00.000Z,9999.99,9999.99,99999.9,999.99,9999999.0
2024-10-13T05:31:00.000Z,9999.99,9999.99,99999.9,999.99,9999999.0
2024-10-13T05:32:00.000Z,9999.99,9999.99,99999.9,999.99,9999999.0
2024-10-13T05:33:00.000Z,9999.99,9999.99,99999.9,999.99,9999999.0
2024-10-13T05:34:00.000Z,9999.99,9999.99,99999.9,999.99,9999999.0
2024-10-13T05:35:00.000Z,9999.99,9999.99,99999.9,999.99,9999999.0
2024-10-13T05:36:00.000Z,9999.99,9999.99,99999.9,999.99,9999999.0
2024-10-13T05:37:00.000Z,9999.99,9999.99,99999.9,999.99,9999999.0
2024-10-13T05:38:00.000Z,9999.99,9999.99,99999.9,999.99,9999999.0
2024-10-13T05:39:00.000Z,9999.99,9999.99,99999.9,999.99,9999999.0
2024-10-13T05:40:00.000Z,9999.99,9999.99,99999.9,999.99,9999999.0
2024-10-13T05:41:00.000Z,9999.99,9999.99,99999.9,999.99,9999999.0
2024-10-13T05:42:00.000Z,9999.99,9999.99,99999.9,999.99,9999999.0
2024-10-13T05:43:00.000Z,9999.99,9999.99,99999.9,999.99,9999999.0
2024-10-13T05:44:00.000Z,9999.99,9999.99,99999.9,999.99,9999999.0
2024-10-13T05:45:00.000Z,9999.99,9999.99,99999.9,999.99,9999999.0
2024-10-13T05:46:00.000Z,9999.99,9999.99,99999.9,999.99,9999999.0
2024-10-13T05:47:00.000Z,9999.99,9999.99,99999.9,999.99,9999999.0
2024-10-13T05:48:00.000Z,9999.99,9999.99,99999.9,999.99,9999999.0
2024-10-13T05:49:00.000Z,9999.99,9999.99,99999.9,999.99,9999999.0
2024-10-13T05:50:00.000Z,9999.99,9999.99,99999.9,999.99,9999999.0
2024-10-13T05:51:00.000Z,9999.99,9999.99,99999.9,999.99,9999999.0
2024-10-13T05:52:00.000Z,9999.99,9999.99,99999.9,999.99,9999999.0
2024-10-13T05:53:00.000Z,9999.99,9999.99,99999.9,999.99,9999999.0
2024-10-13T05:54:00.000Z,9999.99,9999.99,99999.9,999.99,9999999.0
2024-10-13T05:55:00.000Z,9999.99,9999.99,99999.9,999.99,9999999.0
2024-10-13T05:56:00.000Z,9999.99,9999.99,99999.9,999.99,9999999.0
2024-10-13T05:57:00.000Z,9999.99,9999.99,99999.9,999.99,9999999.0
2024-10-13T05:58:00.000Z,9999.99,9999.99,99999.9,999.99,9999999.0
2024-10-13T05:59:00.000Z,9999.99,9999.99,99999.9,999.99,9999999.0
2024-10-13T06:00:00.000Z,9999.99,9999.99,99999.9,999.99,9999999.0
2024-10-13T06:01:00.000Z,9999.99,9999.99,99999.9,999.99,9999999.0
2024-10-13T06:02:00.000Z,9999.99,9999.99,99999.9,999.99,9999999.0
2024-10-13T06:03:00.000Z,9999.99,9999.99,99999.9,999.99,9999999.0
2024-10-13T06:04:00.000Z,9999.99,9999.99,99999.9,999.99,9999999.0
2024-10-13T06:05:00.000Z,9999.99,9999.99,99999.9,999.99,9999999.0
2024-10-13T06:06:00.000Z,9999.99,9999.99,99999.9,999.99,9999999.0
2024-10-13T06:07:00.000Z,9999.99,9999.99,99999.9,999.99,9999999.0
2024-10-13T06:08:00.000Z,9999.99,9999.99,99999.9,999.99,9999999.0
2024-10-13T06:09:00.000Z,9999.99,9999.99,99999.9,999.99,9999999.0
2024-10-13T06:10:00.000Z,9999.99,9999.99,99999.9,999.99,9999999.0
2024-10-13T06:11:00.000Z,9999.99,9999.99,99999.9,999.99,9999999.0
2024-10-13T06:12:00.000Z,9999.99,9999.99,99999.9,999.99,9999999.0
2024-10-13T06:13:00.000Z,9999.99,9999.99,99999.9,999.99,9999999.0
2024-10-13T06:14:00.000Z,9999.99,9999.99,99999.9,999.99,9999999.0
2024-10-13T06:15:00.000Z,9999.99,9999.99,99999.9,999.99,9999999.0
2024-10-13T06:16:00.000Z,9999.99,9999.99,99999.9,999.99,9999999.0
2024-10-13T06:17:00.000Z,9999.99,9999.99,99999.9,999.99,9999999.0
2024-10-13T06:18:00.000Z,9999.99,9999.99,99999.9,999.99,9999999.0
2024-10-13T06:19:00.000Z,9999.99,9999.99,99999.9,999.99,9999999.0
2024-10-13T06:20:00.000Z,9999.99,9999.99,99999.9,999.99,9999999.0
2024-10-13T06:21:00.000Z,9999.99,9999.99,99999.9,999.99,9999999.0
2024-10-13T06:22:00.000Z,9999.99,9999.99,99999.9,999.99,9999999.0
2024-10-13T06:23:00.000Z,9999.99,9999.99,99999.9,999.99,9999999.0
2024-10-13T06:24:00.000Z,9999.99,9999.99,99999.9,999.99,9999999.0
2024-10-13T06:25:00.000Z,9999.99,9999.99,99999.9,999.99,9999999.0
2024-10-13T06:26:00.000Z,9999.99,9999.99,99999.9,999.99,9999999.0
2024-10-13T06:27:00.000Z,9999.99,9999.99,99999.9,999.99,9999999.0
2024-10-13T06:28:00.000Z,9999.99,9999.99,99999.9,999.99,9999999.0
2024-10-13T06:29:00.000Z,9999.99,9999.99,99999.9,999.99,9999999.0
2024-10-13T06:30:00.000Z,9999.99,9999.99,99999.9,999.99,9999999.0
2024-10-13T06:31:00.000Z,9999.99,9999.99,99999.9,999.99,9999999.0
2024-10-13T06:32:00.000Z,9999.99,9999.99,99999.9,999.99,9999999.0
2024-10-13T06:33:00.000Z,9999.99,9999.99,99999.9,999.99,9999999.0
2024-10-13T06:34:00.000Z,9999.99,9999.99,99999.9,999.99,9999999.0
2024-10-13T06:35:00.000Z,9999.99,9999.99,99999.9,999.99,9999999.0
2024-10-13T06:36:00.000Z,9999.99,9999.99,99999.9,999.99,9999999.0
2024-10-13T06:37:00.000Z,9999.99,9999.99,99999.9,999.99,9999999.0
2024-10-13T06:38:00.000Z,9999.99,9999.99,99999.9,999.99,9999999.0
2024-10-13T06:39:00.000Z,9999.99,9999.99,99999.9,999.99,9999999.0
2024-10-13T06:40:00.000Z,9999.99,9999.99,99999.9,999.99,9999999.0
2024-10-13T06:41:00.000Z,9999.99,9999.99,99999.9,999.99,9999999.0
2024-10-13T06:42:00.000Z,9999.99,9999.99,99999.9,999.99,9999999.0
2024-10-13T06:43:00.000Z,9999.99,9999.99,99999.9,999.99,9999999.0
2024-10-13T06:44:00.000Z,9999.99,9999.99,99999.9,999.99,9999999.0
2024-10-13T06:45:00.000Z,9999.99,9999.99,99999.9,999.99,9999999.0
2024-10-13T06:46:00.000Z,9999.99,9999.99,99999.9,999.99,9999999.0
2024-10-13T06:47:00.000Z,9999.99,9999.99,99999.9,999.99,9999999.0
2024-10-13T06:48:00.000Z,9999.99,9999.99,99999.9,999.99,9999999.0
2024-10-13T06:49:00.000Z,9999.99,9999.99,99999.9,999.99,9999999.0
2024-10-13T06:50:00.000Z,9999.99,9999.99,99999.9,999.99,9999999.0
2024-10-13T06:51:00.000Z,9999.99,9999.99,99999.9,999.99,9999999.0
2024-10-13T06:52:00.000Z,9999.99,9999.99,99999.9,999.99,9999999.0
2024-10-13T06:53:00.000Z,9999.99,9999.99,99999.9,999.99,9999999.0
2024-10-13T06:54:00.000Z,9999.99,9999.99,99999.9,999.99,9999999.0
2024-10-13T06:55:00.000Z,9999.99,9999.99,99999.9,999.99,9999999.0
2024-10-13T06:56:00.000Z,9999.99,9999.99,99999.9,999.99,9999999.0
2024-10-13T06:57:00.000Z,9999.99,9999.99,99999.9,999.99,9999999.0
2024-10-13T06:58:00.000Z,9999.99,9999.99,99999.9,999.99,9999999.0
2024-10-13T06:59:00.000Z,9999.99,9999.99,99999.9,999.99,9999999.0
2024-10-13T07:00:00.000Z,9999.99,9999.99,99999.9,999.99,9999999.0
2024-10-13T07:01:00.000Z,9999.99,9999.99,99999.9,999.99,9999999.0
2024-10-13T07:02:00.000Z,9999.99,9999.99,99999.9,999.99,9999999.0
2024-10-13T07:03:00.000Z,9999.99,9999.99,99999.9,999.99,9999999.0
2024-10-13T07:04:00.000Z,9999.99,9999.99,99999.9,999.99,9999999.0
2024-10-13T07:05:00.000Z,9999.99,9999.99,99999.9,999.99,9999999.0
2024-10-13T07:06:00.000Z,9999.99,9999.99,99999.9,999.99,9999999.0
2024-10-13T07:07:00.000Z,9999.99,9999.99,99999.9,999.99,9999999.0
2024-10-13T07:08:00.000Z,9999.99,9999.99,99999.9,999.99,9999999.0
2024-10-13T07:09:00.000Z,9999.99,9999.99,99999.9,999.99,9999999.0
2024-10-13T07:10:00.000Z,9999.99,9999.99,99999.9,999.99,9999999.0
2024-10-13T07:11:00.000Z,9999.99,9999.99,99999.9,999.99,9999999.0
2024-10-13T07:12:00.000Z,9999.99,9999.99,99999.9,999.99,9999999.0
2024-10-13T07:13:00.000Z,9999.99,9999.99,99999.9,999.99,9999999.0
2024-10-13T07:14:00.000Z,9999.99,9999.99,99999.9,999.99,9999999.0
2024-10-13T07:15:00.000Z,9999.99,9999.99,99999.9,999.99,9999999.0
2024-10-13T07:16:00.000Z,9999.99,9999.99,99999.9,999.99,9999999.0
2024-10-13T07:17:00.000Z,9999.99,9999.99,99999.9,999.99,9999999.0
2024-10-13T07:18:00.000Z,9999.99,9999.99,99999.9,999.99,9999999.0
2024-10-13T07:19:00.000Z,9999.99,9999.99,99999.9,999.99,9999999.0
2024-10-13T07:20:00.000Z,9999.99,9999.99,99999.9,999.99,9999999.0
2024-10-13T07:21:00.000Z,9999.99,9999.99,99999.9,999.99,9999999.0
2024-10-13T07:22:00.000Z,9999.99,9999.99,99999.9,999.99,9999999.0
2024-10-13T07:23:00.000Z,9999.99,9999.99,99999.9,999.99,9999999.0
2024-10-13T07:24:00.000Z,9999.99,9999.99,99999.9,999.99,9999999.0
2024-10-13T07:25:00.000Z,9999.99,9999.99,99999.9,999.99,9999999.0
2024-10-13T07:26:00.000Z,9999.99,9999.99,99999.9,999.99,9999999.0
2024-10-13T07:27:00.000Z,5.27,2.07,99999.9,999.99,9999999.0
2024-10-13T07:28:00.000Z,5.26,2.03,99999.9,999.99,9999999.0
2024-10-13T07:29:00.000Z,5.23,1.99,516.4,3.22,50042
2024-10-13T07:30:00.000Z,5.24,2.02,515.5,3.15,51575
2024-10-13T07:31:00.000Z,5.28,2.12,516.6,3.15,52321
2024-10-13T07:32:00.000Z,5.31,2.10,518.3,3.22,51479
2024-10-13T07:33:00.000Z,5.24,1.92,515.9,2.91,52722
2024-10-13T07:34:00.000Z,5.22,1.92,515.9,2.91,52722
2024-10-13T07:35:00.000Z,5.22,1.95,515.9,2.91,52722
2024-10-13T07:36:00.000Z,5.31,1.93,99999.9,999.99,9999999.0
2024-10-13T07:37:00.000Z,5.32,1.97,509.4,2.67,46455
2024-10-13T07:38:00.000Z,5.32,1.92,511.2,2.86,47516
2024-10-13T07:39:00.000Z,5.26,1.90,516.5,3.41,50550
2024-10-13T07:40:00.000Z,5.22,1.84,516.0,3.02,52472
2024-10-13T07:41:00.000Z,5.22,1.86,515.5,2.92,54534
2024-10-13T07:42:00.000Z,5.23,1.83,514.4,2.73,58931
2024-10-13T07:43:00.000Z,5.20,1.78,514.4,2.73,58931
2024-10-13T07:44:00.000Z,5.16,1.76,514.3,2.91,50495
2024-10-13T07:45:00.000Z,5.16,1.74,514.3,2.91,50495
2024-10-13T07:46:00.000Z,5.15,1.74,514.3,2.91,50495
2024-10-13T07:47:00.000Z,5.18,1.77,514.3,3.03,50740
2024-10-13T07:48:00.000Z,5.22,1.74,514.3,3.03,50740
2024-10-13T07:49:00.000Z,5.19,1.57,518.2,3.84,50600
2024-10-13T07:50:00.000Z,5.20,1.69,518.2,3.84,50600
2024-10-13T07:51:00.000Z,5.17,1.71,513.6,3.32,57514
2024-10-13T07:52:00.000Z,5.09,1.58,511.7,3.11,60336
2024-10-13T07:53:00.000Z,5.11,1.66,99999.9,999.99,9999999.0
2024-10-13T07:54:00.000Z,5.11,1.67,99999.9,999.99,9999999.0
2024-10-13T07:55:00.000Z,5.10,1.56,516.0,2.45,150223
2024-10-13T07:56:00.000Z,5.09,1.53,516.0,2.45,150223
2024-10-13T07:57:00.000Z,5.12,1.53,515.8,2.50,126630
2024-10-13T07:58:00.000Z,5.15,1.49,515.8,2.50,126630
2024-10-13T07:59:00.000Z,5.08,1.55,515.8,2.50,126630
2024-10-13T08:00:00.000Z,5.06,1.53,522.1,2.91,87362
2024-10-13T08:01:00.000Z,5.09,1.58,522.1,2.91,87362
2024-10-13T08:02:00.000Z,5.09,1.56,522.1,2.91,87362
2024-10-13T08:03:00.000Z,5.09,1.53,521.7,2.99,85470
2024-10-13T08:04:00.000Z,5.11,1.44,521.4,3.42,66929
2024-10-13T08:05:00.000Z,5.12,1.47,524.3,3.98,52195
2024-10-13T08:06:00.000Z,5.13,1.45,524.5,4.01,51797
2024-10-13T08:07:00.000Z,5.14,1.42,521.9,3.87,53654
2024-10-13T08:08:00.000Z,5.12,1.39,521.9,3.87,53654
2024-10-13T08:09:00.000Z,5.11,1.41,521.9,3.87,53654
2024-10-13T08:10:00.000Z,5.12,1.49,99999.9,999.99,9999999.0
2024-10-13T08:11:00.000Z,5.11,1.52,99999.9,999.99,9999999.0
2024-10-13T08:12:00.000Z,5.13,1.54,99999.9,999.99,9999999.0
2024-10-13T08:13:00.000Z,5.12,1.38,521.7,3.94,52972
2024-10-13T08:14:00.000Z,5.14,1.47,521.7,3.94,52972
2024-10-13T08:15:00.000Z,5.13,1.48,520.8,3.74,57691
2024-10-13T08:16:00.000Z,5.14,1.36,520.8,3.74,57691
2024-10-13T08:17:00.000Z,5.14,1.36,519.2,3.42,80447
2024-10-13T08:18:00.000Z,5.13,1.42,513.7,2.37,156006
2024-10-13T08:19:00.000Z,5.13,1.42,513.7,2.37,156006
2024-10-13T08:20:00.000Z,5.12,1.39,99999.9,999.99,9999999.0
2024-10-13T08:21:00.000Z,5.12,1.39,99999.9,999.99,9999999.0
2024-10-13T08:22:00.000Z,5.15,1.55,99999.9,999.99,9999999.0
2024-10-13T08:23:00.000Z,9999.99,9999.99,99999.9,999.99,9999999.0
2024-10-13T08:24:00.000Z,5.14,1.57,99999.9,999.99,9999999.0
2024-10-13T08:25:00.000Z,5.13,1.58,521.4,2.24,115061
2024-10-13T08:26:00.000Z,5.10,1.62,520.8,2.29,121066
2024-10-13T08:27:00.000Z,5.09,1.59,519.5,2.39,134263
2024-10-13T08:28:00.000Z,5.08,1.64,99999.9,999.99,9999999.0
2024-10-13T08:29:00.000Z,5.07,1.51,517.8,2.77,130001
2024-10-13T08:30:00.000Z,5.10,1.50,511.9,2.99,167507
2024-10-13T08:31:00.000Z,5.10,1.50,505.6,3.22,206905
2024-10-13T08:32:00.000Z,5.09,1.48,518.2,2.72,112646
2024-10-13T08:33:00.000Z,5.09,1.52,518.2,2.72,112646
2024-10-13T08:34:00.000Z,5.09,1.55,509.1,2.84,159518
2024-10-13T08:35:00.000Z,5.09,1.51,513.2,3.34,112974
2024-10-13T08:36:00.000Z,5.10,1.53,519.1,4.09,45421
2024-10-13T08:37:00.000Z,5.08,1.48,496.1,3.41,47364
2024-10-13T08:38:00.000Z,5.10,1.49,496.1,3.41,47364
2024-10-13T08:39:00.000Z,5.11,1.48,519.3,4.11,49161
2024-10-13T08:40:00.000Z,5.13,1.50,518.9,3.89,49567
2024-10-13T08:41:00.000Z,5.05,1.45,512.7,2.63,138576
2024-10-13T08:42:00.000Z,5.06,1.51,514.4,3.11,95515
2024-10-13T08:43:00.000Z,5.09,1.48,515.1,3.39,69570
2024-10-13T08:44:00.000Z,5.05,1.47,509.5,3.65,48420
2024-10-13T08:45:00.000Z,9999.99,9999.99,509.5,3.65,48420
2024-10-13T08:46:00.000Z,4.81,1.43,519.3,2.90,110338
2024-10-13T08:47:00.000Z,4.86,1.44,517.1,2.83,104636
2024-10-13T08:48:00.000Z,4.94,1.42,505.2,3.26,37401
2024-10-13T08:49:00.000Z,4.94,1.35,512.5,2.57,105420
2024-10-13T08:50:00.000Z,4.97,1.29,511.5,2.44,88508
2024-10-13T08:51:00.000Z,5.05,1.36,507.5,2.38,67119
2024-10-13T08:52:00.000Z,4.95,1.38,506.4,2.34,62980
2024-10-13T08:53:00.000Z,5.01,1.40,510.7,2.31,76737
2024-10-13T08:54:00.000Z,4.85,1.36,506.2,2.20,76357
2024-10-13T08:55:00.000Z,5.17,1.50,525.4,2.16,45820
2024-10-13T08:56:00.000Z,5.20,1.46,525.4,2.16,45820
2024-10-13T08:57:00.000Z,5.29,1.49,525.4,2.16,45820
2024-10-13T08:58:00.000Z,5.25,1.50,505.3,4.65,28568
2024-10-13T08:59:00.000Z,5.25,1.50,505.3,4.65,28568
2024-10-13T09:00:00.000Z,5.27,1.44,505.3,4.65,28568
2024-10-13T09:01:00.000Z,5.26,1.47,99999.9,999.99,9999999.0
2024-10-13T09:02:00.000Z,5.26,1.47,99999.9,999.99,9999999.0
2024-10-13T09:03:00.000Z,5.29,1.49,99999.9,999.99,9999999.0
2024-10-13T09:04:00.000Z,5.29,1.49,99999.9,999.99,9999999.0
2024-10-13T09:05:00.000Z,9999.99,9999.99,99999.9,999.99,9999999.0
2024-10-13T09:06:00.000Z,5.29,1.51,99999.9,999.99,9999999.0
2024-10-13T09:07:00.000Z,5.30,1.56,504.2,4.00,30221
2024-10-13T09:08:00.000Z,9999.99,9999.99,504.2,4.00,30221
2024-10-13T09:09:00.000Z,5.32,1.52,99999.9,999.99,9999999.0
2024-10-13T09:10:00.000Z,9999.99,9999.99,99999.9,999.99,9999999.0
2024-10-13T09:11:00.000Z,5.33,1.51,99999.9,999.99,9999999.0
2024-10-13T09:12:00.000Z,9999.99,9999.99,99999.9,999.99,9999999.0
2024-10-13T09:13:00.000Z,5.32,1.55,505.0,3.29,34529
2024-10-13T09:14:00.000Z,5.33,1.55,505.0,3.29,34529
2024-10-13T09:15:00.000Z,5.32,1.55,99999.9,999.99,9999999.0
2024-10-13T09:16:00.000Z,5.30,1.53,99999.9,999.99,9999999.0
2024-10-13T09:17:00.000Z,5.23,1.52,503.7,3.72,31561
2024-10-13T09:18:00.000Z,5.17,1.49,504.0,3.66,32331
2024-10-13T09:19:00.000Z,5.20,1.47,507.5,3.42,37191
2024-10-13T09:20:00.000Z,5.16,1.46,507.7,3.26,39468
2024-10-13T09:21:00.000Z,5.15,1.46,500.6,3.20,37560
2024-10-13T09:22:00.000Z,5.13,1.46,502.9,3.19,38530
2024-10-13T09:23:00.000Z,5.09,1.42,506.9,3.29,42062
2024-10-13T09:24:00.000Z,5.07,1.41,504.9,3.93,31748
2024-10-13T09:25:00.000Z,5.03,1.45,505.0,3.97,30677
2024-10-13T09:26:00.000Z,5.01,1.40,507.5,3.37,37900
2024-10-13T09:27:00.000Z,5.05,1.45,507.6,3.34,38140
2024-10-13T09:28:00.000Z,5.00,1.37,99999.9,999.99,9999999.0
2024-10-13T09:29:00.000Z,4.97,1.35,499.5,3.47,34500
2024-10-13T09:30:00.000Z,5.05,1.41,499.5,3.47,34565
2024-10-13T09:31:00.000Z,4.98,1.34,509.0,2.71,47979
2024-10-13T09:32:00.000Z,5.01,1.31,507.9,2.65,46209
2024-10-13T09:33:00.000Z,5.01,1.29,511.2,2.34,51454
2024-10-13T09:34:00.000Z,5.01,1.23,506.2,2.96,42271
2024-10-13T09:35:00.000Z,5.09,1.20,509.3,2.42,52554
2024-10-13T09:36:00.000Z,5.09,1.21,498.2,2.06,54053
2024-10-13T09:37:00.000Z,5.10,1.19,498.2,2.06,54051
2024-10-13T09:38:00.000Z,5.10,1.20,99999.9,999.99,9999999.0
2024-10-13T09:39:00.000Z,5.08,1.19,510.9,2.63,61604
2024-10-13T09:40:00.000Z,5.07,1.17,510.9,2.63,61604
2024-10-13T09:41:00.000Z,5.07,1.15,509.4,2.17,54814
2024-10-13T09:42:00.000Z,5.03,1.13,509.2,2.17,55148
2024-10-13T09:43:00.000Z,5.07,1.16,508.4,2.15,54982
2024-10-13T09:44:00.000Z,5.08,1.16,507.3,2.31,46608
2024-10-13T09:45:00.000Z,5.07,1.16,507.3,2.21,56127
2024-10-13T09:46:00.000Z,5.10,1.18,505.6,2.21,51542
2024-10-13T09:47:00.000Z,5.09,1.17,99999.9,999.99,9999999.0
2024-10-13T09:48:00.000Z,5.07,1.16,517.7,2.53,68221
2024-10-13T09:49:00.000Z,5.01,1.14,517.7,2.53,68221
2024-10-13T09:50:00.000Z,5.01,1.13,514.6,2.78,56643
2024-10-13T09:51:00.000Z,5.02,1.14,512.4,2.71,55952
2024-10-13T09:52:00.000Z,5.01,1.01,510.9,2.35,63824
2024-10-13T09:53:00.000Z,4.97,0.90,99999.9,999.99,9999999.0
2024-10-13T09:54:00.000Z,4.96,0.91,99999.9,999.99,9999999.0
2024-10-13T09:55:00.000Z,4.96,0.89,506.7,3.39,39155
2024-10-13T09:56:00.000Z,4.95,0.86,506.7,3.39,39155
2024-10-13T09:57:00.000Z,4.98,0.88,507.8,3.12,44422
2024-10-13T09:58:00.000Z,5.01,0.87,509.7,2.83,53088
2024-10-13T09:59:00.000Z,5.02,0.89,506.1,2.53,55256
2024-10-13T10:00:00.000Z,5.02,1.00,506.1,2.53,55215
2024-10-13T10:01:00.000Z,4.93,0.74,99999.9,999.99,9999999.0
2024-10-13T10:02:00.000Z,4.78,0.36,99999.9,999.99,9999999.0
2024-10-13T10:03:00.000Z,4.70,0.27,99999.9,999.99,9999999.0
2024-10-13T10:04:00.000Z,4.60,0.64,503.8,2.01,59543
2024-10-13T10:05:00.000Z,4.58,0.51,504.3,2.02,61313
2024-10-13T10:06:00.000Z,4.56,0.42,99999.9,999.99,9999999.0
2024-10-13T10:07:00.000Z,4.56,0.41,99999.9,999.99,9999999.0
2024-10-13T10:08:00.000Z,4.68,0.35,503.7,2.03,61288
2024-10-13T10:09:00.000Z,4.73,0.33,505.5,1.88,54219
2024-10-13T10:10:00.000Z,4.73,0.34,507.4,1.73,47564
2024-10-13T10:11:00.000Z,4.72,0.32,506.8,2.17,63746
2024-10-13T10:12:00.000Z,4.71,0.54,505.9,2.16,65055
2024-10-13T10:13:00.000Z,4.71,0.57,505.5,2.17,62960
2024-10-13T10:14:00.000Z,4.73,0.53,507.8,2.27,54611
2024-10-13T10:15:00.000Z,4.72,0.54,99999.9,999.99,9999999.0
2024-10-13T10:16:00.000Z,4.72,0.60,491.5,2.35,115907
2024-10-13T10:17:00.000Z,4.67,0.64,491.5,2.35,115907
2024-10-13T10:18:00.000Z,4.21,0.80,512.9,3.47,344591
2024-10-13T10:19:00.000Z,4.32,0.79,512.9,3.47,344591
2024-10-13T10:20:00.000Z,4.28,0.77,512.9,3.47,344591
2024-10-13T10:21:00.000Z,4.23,0.84,516.9,3.13,264434
2024-10-13T10:22:00.000Z,4.35,0.67,516.3,2.95,214875
2024-10-13T10:23:00.000Z,4.18,0.64,516.9,2.45,116119
2024-10-13T10:24:00.000Z,3.97,0.70,516.9,2.45,116119
2024-10-13T10:25:00.000Z,3.97,0.80,519.3,3.13,233087
2024-10-13T10:26:00.000Z,3.90,0.65,521.0,3.26,228359
2024-10-13T10:27:00.000Z,4.06,1.05,519.0,2.93,148695
2024-10-13T10:28:00.000Z,4.06,1.06,515.3,2.52,87454
2024-10-13T10:29:00.000Z,4.04,1.06,99999.9,999.99,9999999.0
2024-10-13T10:30:00.000Z,4.05,1.17,513.7,2.67,43194
2024-10-13T10:31:00.000Z,3.95,1.08,513.9,2.68,44059
2024-10-13T10:32:00.000Z,3.98,1.12,515.5,2.74,53402
2024-10-13T10:33:00.000Z,4.00,1.19,514.5,2.71,50637
2024-10-13T10:34:00.000Z,3.83,1.22,515.5,2.81,57890
2024-10-13T10:35:00.000Z,3.99,0.11,505.6,3.62,107102
2024-10-13T10:36:00.000Z,3.30,0.23,495.9,3.22,75845
2024-10-13T10:37:00.000Z,3.78,0.27,499.5,2.92,73700
2024-10-13T10:38:00.000Z,3.73,0.10,485.2,2.97,65385
2024-10-13T10:39:00.000Z,3.79,-0.16,483.9,3.06,73578
2024-10-13T10:40:00.000Z,3.98,-0.33,490.8,3.18,77131
2024-10-13T10:41:00.000Z,3.66,0.04,496.9,3.12,76627
2024-10-13T10:42:00.000Z,3.88,-0.94,485.1,3.04,72576
2024-10-13T10:43:00.000Z,2.77,-0.33,502.0,3.55,95237
2024-10-13T10:44:00.000Z,3.02,-0.29,528.4,4.02,119055
2024-10-13T10:45:00.000Z,4.72,-1.38,485.2,3.17,79742
2024-10-13T10:46:00.000Z,4.00,-0.28,478.0,3.04,73268
2024-10-13T10:47:00.000Z,4.15,-0.59,516.8,3.19,71427
2024-10-13T10:48:00.000Z,4.01,-0.16,516.8,3.19,71427
2024-10-13T10:49:00.000Z,4.24,-0.39,516.8,3.19,71427
2024-10-13T10:50:00.000Z,4.69,-1.09,470.5,3.36,58291
2024-10-13T10:51:00.000Z,4.55,-1.32,470.5,3.36,58291
2024-10-13T10:52:00.000Z,4.52,-1.31,99999.9,999.99,9999999.0
2024-10-13T10:53:00.000Z,4.54,-1.23,99999.9,999.99,9999999.0
2024-10-13T10:54:00.000Z,4.57,-1.29,469.0,2.82,51974
2024-10-13T10:55:00.000Z,4.51,-1.50,469.0,2.82,51974
2024-10-13T10:56:00.000Z,4.50,-1.43,99999.9,999.99,9999999.0
2024-10-13T10:57:00.000Z,4.67,-1.42,477.1,2.86,77409
2024-10-13T10:58:00.000Z,4.70,-1.37,475.7,2.80,80272
2024-10-13T10:59:00.000Z,4.66,-1.23,472.0,2.66,87592
2024-10-13T11:00:00.000Z,4.66,-1.22,99999.9,999.99,9999999.0
2024-10-13T11:01:00.000Z,4.71,-1.23,99999.9,999.99,9999999.0
2024-10-13T11:02:00.000Z,4.60,-1.22,471.8,2.42,90066
2024-10-13T11:03:00.000Z,4.61,-1.29,474.3,2.44,79846
2024-10-13T11:04:00.000Z,4.64,-1.30,99999.9,999.99,9999999.0
2024-10-13T11:05:00.000Z,4.59,-1.28,99999.9,999.99,9999999.0
2024-10-13T11:06:00.000Z,4.52,-1.05,458.5,2.97,78016
2024-10-13T11:07:00.000Z,4.52,-1.08,458.5,2.97,78016
2024-10-13T11:08:00.000Z,4.56,-1.12,458.5,2.97,78016
2024-10-13T11:09:00.000Z,4.53,-1.12,99999.9,999.99,9999999.0
2024-10-13T11:10:00.000Z,4.54,-1.13,468.0,2.82,72965
2024-10-13T11:11:00.000Z,4.46,-1.14,475.3,2.87,61721
2024-10-13T11:12:00.000Z,4.42,-1.13,99999.9,999.99,9999999.0
2024-10-13T11:13:00.000Z,4.36,-1.15,463.3,2.74,73352
2024-10-13T11:14:00.000Z,4.21,-1.10,463.3,2.74,73352
2024-10-13T11:15:00.000Z,4.22,-1.06,463.4,1.71,42807
2024-10-13T11:16:00.000Z,4.28,-1.05,463.4,1.71,42807
2024-10-13T11:17:00.000Z,4.33,-1.03,463.4,1.71,42807
2024-10-13T11:18:00.000Z,4.37,-1.09,99999.9,999.99,9999999.0
2024-10-13T11:19:00.000Z,4.36,-0.99,463.7,1.60,30221
2024-10-13T11:20:00.000Z,4.35,-1.08,463.7,1.60,30221
2024-10-13T11:21:00.000Z,4.32,-1.07,99999.9,999.99,9999999.0
2024-10-13T11:22:00.000Z,4.27,-1.03,99999.9,999.99,9999999.0
2024-10-13T11:23:00.000Z,4.28,-1.43,99999.9,999.99,9999999.0
2024-10-13T11:24:00.000Z,4.37,-1.08,461.1,1.59,30194
2024-10-13T11:25:00.000Z,4.31,-1.05,461.5,1.57,30304
2024-10-13T11:26:00.000Z,4.25,-1.15,461.8,1.56,30404
2024-10-13T11:27:00.000Z,4.25,-0.98,462.3,1.63,34155
2024-10-13T11:28:00.000Z,4.29,-0.96,462.3,1.63,34155
2024-10-13T11:29:00.000Z,4.29,-0.92,462.3,1.63,34155
2024-10-13T11:30:00.000Z,4.31,-0.85,99999.9,999.99,9999999.0
2024-10-13T11:31:00.000Z,4.41,-0.75,459.4,1.63,26630
2024-10-13T11:32:00.000Z,4.44,-0.72,459.4,1.63,26630
2024-10-13T11:33:00.000Z,4.45,-0.70,459.3,1.64,30016
2024-10-13T11:34:00.000Z,4.39,-0.88,459.3,1.64,32423
2024-10-13T11:35:00.000Z,4.35,-0.78,459.3,1.64,32441
2024-10-13T11:36:00.000Z,4.34,-0.85,459.2,1.62,32564
2024-10-13T11:37:00.000Z,4.38,-0.89,460.4,1.70,32228
2024-10-13T11:38:00.000Z,4.39,-0.96,460.6,1.72,34553
2024-10-13T11:39:00.000Z,4.45,-1.01,460.6,1.80,49348
2024-10-13T11:40:00.000Z,4.49,-0.98,460.6,1.80,49348
2024-10-13T11:41:00.000Z,4.48,-1.03,99999.9,999.99,9999999.0
2024-10-13T11:42:00.000Z,4.50,-1.06,460.5,1.75,32958
2024-10-13T11:43:00.000Z,4.51,-1.06,460.5,1.75,32958
2024-10-13T11:44:00.000Z,4.52,-1.06,460.2,1.71,31921
2024-10-13T11:45:00.000Z,4.53,-1.06,460.2,1.71,31921
2024-10-13T11:46:00.000Z,4.51,-1.08,460.2,1.71,31921
2024-10-13T11:47:00.000Z,4.49,-1.09,460.0,1.69,32479
2024-10-13T11:48:00.000Z,4.50,-1.10,460.0,1.69,32479
2024-10-13T11:49:00.000Z,4.45,-1.05,460.7,1.70,33440
2024-10-13T11:50:00.000Z,4.43,-0.91,460.7,1.70,33440
2024-10-13T11:51:00.000Z,4.39,-0.98,460.7,1.70,33440
2024-10-13T11:52:00.000Z,4.40,-0.94,99999.9,999.99,9999999.0
2024-10-13T11:53:00.000Z,4.43,-0.97,99999.9,999.99,9999999.0
2024-10-13T11:54:00.000Z,4.48,-1.00,99999.9,999.99,9999999.0
2024-10-13T11:55:00.000Z,4.39,-1.04,99999.9,999.99,9999999.0
2024-10-13T11:56:00.000Z,4.39,-1.02,460.8,1.62,32929
2024-10-13T11:57:00.000Z,4.41,-0.79,460.8,1.62,32929
2024-10-13T11:58:00.000Z,4.42,-0.84,99999.9,999.99,9999999.0
2024-10-13T11:59:00.000Z,4.41,-0.94,458.8,1.59,35256
2024-10-13T12:00:00.000Z,4.41,-0.95,458.8,1.59,35256
2024-10-13T12:01:00.000Z,4.42,-0.99,458.8,1.59,35256
2024-10-13T12:02:00.000Z,4.42,-0.98,458.1,1.56,35256
2024-10-13T12:03:00.000Z,4.42,-1.01,458.1,1.56,35256
2024-10-13T12:04:00.000Z,4.40,-1.04,458.1,1.56,35056
2024-10-13T12:05:00.000Z,4.41,-1.04,457.9,1.57,32116
2024-10-13T12:06:00.000Z,4.40,-1.02,457.9,1.57,32116
2024-10-13T12:07:00.000Z,4.44,-0.95,99999.9,999.99,9999999.0
2024-10-13T12:08:00.000Z,4.48,-0.90,457.3,1.57,27500
2024-10-13T12:09:00.000Z,4.50,-1.03,457.3,1.57,27500
2024-10-13T12:10:00.000Z,4.54,-1.16,455.2,1.62,23819
2024-10-13T12:11:00.000Z,4.55,-1.22,455.5,1.61,23841
2024-10-13T12:12:00.000Z,4.54,-1.03,456.2,1.57,23923
2024-10-13T12:13:00.000Z,4.58,-0.98,455.3,1.56,22349
2024-10-13T12:14:00.000Z,4.60,-1.17,456.5,1.61,26862
2024-10-13T12:15:00.000Z,4.60,-1.24,455.0,1.61,23539
2024-10-13T12:16:00.000Z,4.64,-1.22,454.7,1.59,23624
2024-10-13T12:17:00.000Z,4.66,-1.25,455.2,1.59,30424
2024-10-13T12:18:00.000Z,4.64,-1.38,455.2,1.65,22701
2024-10-13T12:19:00.000Z,4.62,-1.72,455.2,1.65,22699
2024-10-13T12:20:00.000Z,4.62,-1.86,458.6,1.60,29469
2024-10-13T12:21:00.000Z,4.58,-1.95,458.6,1.60,29469
2024-10-13T12:22:00.000Z,4.56,-2.13,458.6,1.60,29469
2024-10-13T12:23:00.000Z,4.57,-2.14,99999.9,999.99,9999999.0
2024-10-13T12:24:00.000Z,4.56,-2.15,461.6,1.61,34155
2024-10-13T12:25:00.000Z,4.57,-2.12,461.5,1.60,33496
2024-10-13T12:26:00.000Z,4.57,-1.92,459.3,1.51,21202
2024-10-13T12:27:00.000Z,4.57,-1.80,459.3,1.51,21202
2024-10-13T12:28:00.000Z,4.57,-2.10,99999.9,999.99,9999999.0
2024-10-13T12:29:00.000Z,4.56,-2.12,462.9,1.57,33925
2024-10-13T12:30:00.000Z,4.57,-2.11,462.9,1.57,33925
2024-10-13T12:31:00.000Z,4.57,-2.18,462.9,1.57,33925
2024-10-13T12:32:00.000Z,4.58,-2.13,99999.9,999.99,9999999.0
2024-10-13T12:33:00.000Z,4.55,-2.15,462.7,1.62,33014
2024-10-13T12:34:00.000Z,4.56,-1.76,460.9,1.61,30256
2024-10-13T12:35:00.000Z,4.55,-1.07,456.0,1.57,22817
2024-10-13T12:36:00.000Z,4.54,-1.07,453.4,1.56,22249
2024-10-13T12:37:00.000Z,4.53,-1.05,453.3,1.56,22228
2024-10-13T12:38:00.000Z,4.56,-0.95,453.3,1.59,22363
2024-10-13T12:39:00.000Z,4.55,-0.96,453.5,1.59,23036
2024-10-13T12:40:00.000Z,4.54,-1.20,453.5,1.57,24648
2024-10-13T12:41:00.000Z,4.54,-1.15,453.7,1.56,25230
2024-10-13T12:42:00.000Z,4.53,-0.97,450.4,1.58,23021
2024-10-13T12:43:00.000Z,4.48,-2.28,463.1,1.74,32533
2024-10-13T12:44:00.000Z,4.50,-2.92,469.3,2.97,40271
2024-10-13T12:45:00.000Z,4.51,-2.89,475.1,3.32,47854
2024-10-13T12:46:00.000Z,4.51,-2.86,478.0,3.27,49798
2024-10-13T12:47:00.000Z,4.50,-2.39,467.5,2.51,37771
2024-10-13T12:48:00.000Z,4.46,-3.16,453.8,1.62,23282
2024-10-13T12:49:00.000Z,4.44,-3.14,99999.9,999.99,9999999.0
2024-10-13T12:50:00.000Z,4.44,-3.09,99999.9,999.99,9999999.0
2024-10-13T12:51:00.000Z,4.40,-3.26,99999.9,999.99,9999999.0
2024-10-13T12:52:00.000Z,4.40,-3.37,483.1,1.73,34703
2024-10-13T12:53:00.000Z,4.38,-2.80,483.1,1.73,34703
2024-10-13T12:54:00.000Z,4.40,-2.89,99999.9,999.99,9999999.0
2024-10-13T12:55:00.000Z,4.40,-3.03,99999.9,999.99,9999999.0
2024-10-13T12:56:00.000Z,4.39,-3.00,99999.9,999.99,9999999.0
2024-10-13T12:57:00.000Z,4.37,-2.19,99999.9,999.99,9999999.0
2024-10-13T12:58:00.000Z,4.35,-1.17,99999.9,999.99,9999999.0
2024-10-13T12:59:00.000Z,4.36,-1.30,99999.9,999.99,9999999.0
2024-10-13T13:00:00.000Z,4.35,-0.74,449.8,1.56,25277
2024-10-13T13:01:00.000Z,4.31,-0.71,450.4,1.57,25137
2024-10-13T13:02:00.000Z,4.33,-0.81,452.3,1.62,24735
2024-10-13T13:03:00.000Z,4.32,-0.64,452.3,1.62,24735
2024-10-13T13:04:00.000Z,4.32,-0.03,99999.9,999.99,9999999.0
2024-10-13T13:05:00.000Z,4.33,-0.12,99999.9,999.99,9999999.0
2024-10-13T13:06:00.000Z,4.34,-0.22,448.6,1.54,25874
2024-10-13T13:07:00.000Z,4.34,-0.21,448.6,1.54,25874
2024-10-13T13:08:00.000Z,4.35,-0.25,448.6,1.54,25874
2024-10-13T13:09:00.000Z,4.33,-0.55,449.4,1.57,27603
2024-10-13T13:10:00.000Z,4.33,-0.78,449.4,1.57,27603
2024-10-13T13:11:00.000Z,4.29,-0.88,449.4,1.57,27603
2024-10-13T13:12:00.000Z,4.18,-0.93,99999.9,999.99,9999999.0
2024-10-13T13:13:00.000Z,4.19,-0.91,99999.9,999.99,9999999.0
2024-10-13T13:14:00.000Z,4.18,-0.93,453.2,1.66,27165
2024-10-13T13:15:00.000Z,4.17,-1.09,453.2,1.66,27165
2024-10-13T13:16:00.000Z,4.19,-0.99,99999.9,999.99,9999999.0
2024-10-13T13:17:00.000Z,4.27,-1.15,455.3,1.63,34241
2024-10-13T13:18:00.000Z,4.27,-1.01,455.3,1.63,34241
2024-10-13T13:19:00.000Z,4.26,-0.96,99999.9,999.99,9999999.0
2024-10-13T13:20:00.000Z,4.25,-0.83,99999.9,999.99,9999999.0
2024-10-13T13:21:00.000Z,4.25,-0.78,99999.9,999.99,9999999.0
2024-10-13T13:22:00.000Z,4.28,-0.83,453.3,1.57,31148
2024-10-13T13:23:00.000Z,4.30,-0.71,453.3,1.57,31148
2024-10-13T13:24:00.000Z,4.31,-0.60,453.3,1.57,31148
2024-10-13T13:25:00.000Z,4.30,-0.63,449.4,1.54,26225
2024-10-13T13:26:00.000Z,4.28,-0.48,449.4,1.54,26225
2024-10-13T13:27:00.000Z,4.29,-0.43,99999.9,999.99,9999999.0
2024-10-13T13:28:00.000Z,4.26,-0.45,99999.9,999.99,9999999.0
2024-10-13T13:29:00.000Z,4.26,-0.51,452.8,1.61,32564
2024-10-13T13:30:00.000Z,4.32,-0.73,452.7,1.58,29712
2024-10-13T13:31:00.000Z,4.32,-0.50,452.6,1.55,24760
2024-10-13T13:32:00.000Z,4.29,-0.77,99999.9,999.99,9999999.0
2024-10-13T13:33:00.000Z,4.32,-0.77,449.1,1.57,27992
2024-10-13T13:34:00.000Z,4.33,-0.82,449.1,1.57,27992
2024-10-13T13:35:00.000Z,4.37,-0.87,449.0,1.57,26778
2024-10-13T13:36:00.000Z,4.39,-0.91,448.8,1.58,25500
2024-10-13T13:37:00.000Z,4.40,-1.04,448.8,1.58,25500
2024-10-13T13:38:00.000Z,4.37,-1.01,451.6,1.55,33810
2024-10-13T13:39:00.000Z,4.34,-0.89,451.7,1.56,33266
2024-10-13T13:40:00.000Z,4.34,-1.01,452.3,1.62,28400
2024-10-13T13:41:00.000Z,4.30,-1.16,447.3,1.48,26962
2024-10-13T13:42:00.000Z,4.31,-1.84,451.9,1.51,25653
2024-10-13T13:43:00.000Z,4.34,-1.87,453.5,1.52,25277
2024-10-13T13:44:00.000Z,4.31,-1.39,99999.9,999.99,9999999.0
2024-10-13T13:45:00.000Z,4.28,-1.26,99999.9,999.99,9999999.0
2024-10-13T13:46:00.000Z,4.30,-1.44,99999.9,999.99,9999999.0
2024-10-13T13:47:00.000Z,4.36,-0.68,99999.9,999.99,9999999.0
2024-10-13T13:48:00.000Z,4.29,-1.02,450.4,1.71,25612
2024-10-13T13:49:00.000Z,4.28,-0.81,451.0,1.65,24768
2024-10-13T13:50:00.000Z,4.29,-0.83,451.5,1.58,24007
2024-10-13T13:51:00.000Z,4.32,-0.85,99999.9,999.99,9999999.0
2024-10-13T13:52:00.000Z,4.34,-1.36,457.6,1.54,24613
2024-10-13T13:53:00.000Z,4.34,-1.65,457.6,1.54,24612
2024-10-13T13:54:00.000Z,4.36,-1.79,458.4,1.56,24676
2024-10-13T13:55:00.000Z,4.36,-1.86,457.3,1.56,29243
2024-10-13T13:56:00.000Z,4.40,-2.43,457.1,1.56,30086
2024-10-13T13:57:00.000Z,4.39,-2.24,458.8,1.53,29924
2024-10-13T13:58:00.000Z,4.39,-2.11,458.8,1.53,29924
2024-10-13T13:59:00.000Z,4.39,-2.11,458.8,1.53,29924
2024-10-13T14:00:00.000Z,4.39,-1.44,99999.9,999.99,9999999.0
2024-10-13T14:01:00.000Z,4.39,-1.29,99999.9,999.99,9999999.0
2024-10-13T14:02:00.000Z,4.38,-1.21,99999.9,999.99,9999999.0
2024-10-13T14:03:00.000Z,4.37,-1.12,99999.9,999.99,9999999.0
2024-10-13T14:04:00.000Z,9999.99,9999.99,99999.9,999.99,9999999.0
2024-10-13T14:05:00.000Z,4.39,-1.10,99999.9,999.99,9999999.0
2024-10-13T14:06:00.000Z,4.37,-1.15,451.1,1.58,27500
2024-10-13T14:07:00.000Z,4.36,-1.04,451.1,1.58,27500
2024-10-13T14:08:00.000Z,4.33,-1.04,99999.9,999.99,9999999.0
2024-10-13T14:09:00.000Z,4.34,-0.93,451.2,1.59,27397
2024-10-13T14:10:00.000Z,4.35,-0.99,451.2,1.59,27397
2024-10-13T14:11:00.000Z,4.36,-1.10,451.2,1.59,27397
2024-10-13T14:12:00.000Z,4.37,-1.17,451.0,1.62,26782
2024-10-13T14:13:00.000Z,4.39,-1.19,451.0,1.62,26782
2024-10-13T14:14:00.000Z,4.42,-1.23,450.8,1.58,24662
2024-10-13T14:15:00.000Z,4.41,-1.32,450.8,1.58,24662
2024-10-13T14:16:00.000Z,4.42,-1.49,453.3,1.59,24164
2024-10-13T14:17:00.000Z,4.40,-1.99,455.6,1.58,23983
2024-10-13T14:18:00.000Z,4.42,-2.13,456.8,1.57,23886
2024-10-13T14:19:00.000Z,4.42,-2.11,99999.9,999.99,9999999.0
2024-10-13T14:20:00.000Z,4.42,-1.86,463.4,1.64,24662
2024-10-13T14:21:00.000Z,4.41,-1.78,463.4,1.64,24662
2024-10-13T14:22:00.000Z,4.39,-1.93,463.4,1.64,24662
2024-10-13T14:23:00.000Z,4.37,-1.81,99999.9,999.99,9999999.0
2024-10-13T14:24:00.000Z,4.37,-1.81,99999.9,999.99,9999999.0
2024-10-13T14:25:00.000Z,4.34,-2.16,99999.9,999.99,9999999.0
2024-10-13T14:26:00.000Z,4.36,-2.10,99999.9,999.99,9999999.0
2024-10-13T14:27:00.000Z,4.37,-1.89,99999.9,999.99,9999999.0
2024-10-13T14:28:00.000Z,4.38,-1.11,99999.9,999.99,9999999.0
2024-10-13T14:29:00.000Z,4.39,-0.84,99999.9,999.99,9999999.0
2024-10-13T14:30:00.000Z,4.38,-1.00,456.9,1.68,28963
2024-10-13T14:31:00.000Z,4.27,-1.15,456.9,1.68,28963
2024-10-13T14:32:00.000Z,4.26,-1.05,99999.9,999.99,9999999.0
2024-10-13T14:33:00.000Z,4.31,-1.06,452.1,1.45,27655
2024-10-13T14:34:00.000Z,4.30,-1.19,452.1,1.45,27655
2024-10-13T14:35:00.000Z,4.23,-0.82,452.1,1.45,27655
2024-10-13T14:36:00.000Z,4.25,-0.63,99999.9,999.99,9999999.0
2024-10-13T14:37:00.000Z,4.23,-0.55,99999.9,999.99,9999999.0
2024-10-13T14:38:00.000Z,4.28,-1.10,451.0,1.59,30113
2024-10-13T14:39:00.000Z,4.26,-0.77,451.0,1.59,30113
2024-10-13T14:40:00.000Z,4.26,-1.10,99999.9,999.99,9999999.0
2024-10-13T14:41:00.000Z,4.29,-0.94,99999.9,999.99,9999999.0
2024-10-13T14:42:00.000Z,4.29,-1.05,99999.9,999.99,9999999.0
2024-10-13T14:43:00.000Z,4.26,-1.31,454.3,1.53,32283
2024-10-13T14:44:00.000Z,4.20,-1.45,454.3,1.53,32283
2024-10-13T14:45:00.000Z,4.20,-1.39,454.3,1.53,32283
2024-10-13T14:46:00.000Z,4.19,-1.38,99999.9,999.99,9999999.0
2024-10-13T14:47:00.000Z,4.19,-1.32,99999.9,999.99,9999999.0
2024-10-13T14:48:00.000Z,4.21,-1.24,454.4,1.50,32172
2024-10-13T14:49:00.000Z,4.22,-1.23,453.2,1.52,31803
2024-10-13T14:50:00.000Z,4.24,-1.29,451.5,1.55,30974
2024-10-13T14:51:00.000Z,4.22,-1.35,451.4,1.52,31496
2024-10-13T14:52:00.000Z,4.25,-1.36,99999.9,999.99,9999999.0
2024-10-13T14:53:00.000Z,4.21,-1.35,454.3,1.45,40737
2024-10-13T14:54:00.000Z,4.22,-1.29,453.2,1.50,34334
2024-10-13T14:55:00.000Z,4.27,-1.34,454.0,1.50,33083
2024-10-13T14:56:00.000Z,4.26,-1.24,452.6,1.29,26844
2024-10-13T14:57:00.000Z,4.26,-1.20,452.5,1.27,26351
2024-10-13T14:58:00.000Z,4.28,-1.25,452.5,1.27,26351
2024-10-13T14:59:00.000Z,4.20,-1.20,454.8,1.50,32535
2024-10-13T15:00:00.000Z,4.21,-1.28,454.8,1.50,32535
2024-10-13T15:01:00.000Z,4.20,-1.23,454.6,1.52,32270
2024-10-13T15:02:00.000Z,4.21,-1.08,454.5,1.50,36353
2024-10-13T15:03:00.000Z,4.18,-1.18,454.4,1.49,38725
2024-10-13T15:04:00.000Z,4.16,-1.47,455.8,1.53,33269
2024-10-13T15:05:00.000Z,4.14,-1.27,455.8,1.53,33269
2024-10-13T15:06:00.000Z,4.12,-1.31,456.0,1.53,32974
2024-10-13T15:07:00.000Z,4.13,-1.19,456.4,1.54,32339
2024-10-13T15:08:00.000Z,4.16,-1.18,456.4,1.54,32339
2024-10-13T15:09:00.000Z,4.16,-1.08,99999.9,999.99,9999999.0
2024-10-13T15:10:00.000Z,4.16,-0.96,99999.9,999.99,9999999.0
2024-10-13T15:11:00.000Z,4.15,-0.90,454.6,1.50,33868
2024-10-13T15:12:00.000Z,4.15,-0.76,454.6,1.50,33868
2024-10-13T15:13:00.000Z,4.14,-0.70,454.6,1.50,33868
2024-10-13T15:14:00.000Z,4.12,-0.59,99999.9,999.99,9999999.0
2024-10-13T15:15:00.000Z,4.14,-0.59,455.4,1.50,35931
2024-10-13T15:16:00.000Z,4.12,-0.76,455.8,1.49,36240
2024-10-13T15:17:00.000Z,4.12,-0.84,456.9,1.47,37187
2024-10-13T15:18:00.000Z,4.09,-0.89,457.2,1.50,37801
2024-10-13T15:19:00.000Z,4.07,-1.02,455.6,1.47,39065
2024-10-13T15:20:00.000Z,4.08,-1.01,455.3,1.47,39340
2024-10-13T15:21:00.000Z,4.12,-1.04,453.3,1.52,35872
2024-10-13T15:22:00.000Z,4.13,-0.96,453.3,1.52,35872
2024-10-13T15:23:00.000Z,4.11,-0.99,99999.9,999.99,9999999.0
2024-10-13T15:24:00.000Z,4.10,-0.92,455.4,1.49,33212
2024-10-13T15:25:00.000Z,4.11,-0.97,455.4,1.49,33212
2024-10-13T15:26:00.000Z,4.13,-1.07,99999.9,999.99,9999999.0
2024-10-13T15:27:00.000Z,4.16,-0.95,99999.9,999.99,9999999.0
2024-10-13T15:28:00.000Z,4.15,-1.05,454.6,1.43,31727
2024-10-13T15:29:00.000Z,4.17,-1.01,454.1,1.42,31330
2024-10-13T15:30:00.000Z,4.17,-1.01,452.6,1.38,30032
2024-10-13T15:31:00.000Z,4.15,-1.23,451.5,1.42,33557
2024-10-13T15:32:00.000Z,4.15,-0.79,451.3,1.43,34068
2024-10-13T15:33:00.000Z,4.17,-0.75,450.3,1.43,31149
2024-10-13T15:34:00.000Z,4.15,-0.75,449.8,1.43,29897
2024-10-13T15:35:00.000Z,4.15,-0.58,449.8,1.43,29897
2024-10-13T15:36:00.000Z,4.14,-0.40,99999.9,999.99,9999999.0
2024-10-13T15:37:00.000Z,4.14,-0.71,452.7,1.42,33383
2024-10-13T15:38:00.000Z,4.19,-1.41,452.5,1.43,33845
2024-10-13T15:39:00.000Z,4.17,-1.20,452.7,1.41,38371
2024-10-13T15:40:00.000Z,4.17,-1.18,452.1,1.41,38018
2024-10-13T15:41:00.000Z,4.19,-1.04,451.1,1.42,31148
2024-10-13T15:42:00.000Z,4.17,-1.04,99999.9,999.99,9999999.0
2024-10-13T15:43:00.000Z,4.18,-1.14,99999.9,999.99,9999999.0
2024-10-13T15:44:00.000Z,4.19,-1.18,99999.9,999.99,9999999.0
2024-10-13T15:45:00.000Z,4.16,-1.28,453.5,1.37,37210
2024-10-13T15:46:00.000Z,4.15,-1.13,453.5,1.37,37210
2024-10-13T15:47:00.000Z,4.13,-0.85,99999.9,999.99,9999999.0
2024-10-13T15:48:00.000Z,4.13,-0.82,99999.9,999.99,9999999.0
2024-10-13T15:49:00.000Z,4.13,-0.89,99999.9,999.99,9999999.0
2024-10-13T15:50:00.000Z,4.17,-1.02,454.2,1.33,34327
2024-10-13T15:51:00.000Z,4.14,-1.22,454.9,1.38,36645
2024-10-13T15:52:00.000Z,4.12,-1.31,455.4,1.42,38460
2024-10-13T15:53:00.000Z,4.14,-1.20,454.3,1.44,32423
2024-10-13T15:54:00.000Z,4.16,-1.10,454.3,1.44,32605
2024-10-13T15:55:00.000Z,4.15,-1.43,454.2,1.44,32863
2024-10-13T15:56:00.000Z,4.12,-1.22,99999.9,999.99,9999999.0
2024-10-13T15:57:00.000Z,4.08,-1.08,99999.9,999.99,9999999.0
2024-10-13T15:58:00.000Z,4.10,-0.83,99999.9,999.99,9999999.0
2024-10-13T15:59:00.000Z,4.11,-0.94,456.0,1.45,34964
2024-10-13T16:00:00.000Z,4.11,-0.91,456.1,1.46,35261
2024-10-13T16:01:00.000Z,4.11,-0.76,456.3,1.48,35783
2024-10-13T16:02:00.000Z,4.15,-0.97,456.3,1.48,35783
2024-10-13T16:03:00.000Z,4.15,-0.82,99999.9,999.99,9999999.0
2024-10-13T16:04:00.000Z,4.22,-0.54,451.0,1.33,24981
2024-10-13T16:05:00.000Z,4.26,-0.76,449.2,1.34,26475
2024-10-13T16:06:00.000Z,4.25,-0.98,446.3,1.35,28935
2024-10-13T16:07:00.000Z,4.24,-1.04,448.0,1.43,27603
2024-10-13T16:08:00.000Z,4.23,-1.19,448.6,1.43,27877
2024-10-13T16:09:00.000Z,4.22,-1.11,452.4,1.46,29709
2024-10-13T16:10:00.000Z,9999.99,9999.99,452.6,1.46,29812
2024-10-13T16:11:00.000Z,4.18,-1.40,460.1,1.33,33810
2024-10-13T16:12:00.000Z,4.13,-1.34,459.2,1.37,35958
2024-10-13T16:13:00.000Z,4.14,-1.32,458.8,1.39,36940
2024-10-13T16:14:00.000Z,4.13,-1.38,99999.9,999.99,9999999.0
2024-10-13T16:15:00.000Z,4.17,-1.45,457.1,1.36,30533
2024-10-13T16:16:00.000Z,4.13,-1.49,455.9,1.39,30846
2024-10-13T16:17:00.000Z,4.19,-1.49,454.7,1.60,38298
2024-10-13T16:18:00.000Z,4.17,-1.12,454.7,1.60,38298
2024-10-13T16:19:00.000Z,4.28,-0.84,99999.9,999.99,9999999.0
2024-10-13T16:20:00.000Z,4.35,-0.90,99999.9,999.99,9999999.0
2024-10-13T16:21:00.000Z,4.32,-0.81,99999.9,999.99,9999999.0
2024-10-13T16:22:00.000Z,4.22,-0.86,453.6,1.40,29989
2024-10-13T16:23:00.000Z,4.24,-0.73,454.9,1.33,29632
2024-10-13T16:24:00.000Z,4.24,-0.75,455.0,1.31,29385
2024-10-13T16:25:00.000Z,4.25,-0.76,454.8,1.33,30710
2024-10-13T16:26:00.000Z,4.25,-0.72,452.8,1.39,31953
2024-10-13T16:27:00.000Z,4.20,-0.73,450.9,1.44,31444
2024-10-13T16:28:00.000Z,4.13,-0.73,450.7,1.47,28964
2024-10-13T16:29:00.000Z,4.16,-0.61,456.0,1.55,56576
2024-10-13T16:30:00.000Z,4.17,-0.76,456.0,1.59,62191
2024-10-13T16:31:00.000Z,4.18,-0.76,456.2,1.64,66094
2024-10-13T16:32:00.000Z,4.17,-0.82,454.1,1.39,34981
2024-10-13T16:33:00.000Z,4.20,-0.75,453.6,1.36,37757
2024-10-13T16:34:00.000Z,4.21,-0.84,453.2,1.59,45923
2024-10-13T16:35:00.000Z,4.14,-0.79,453.3,1.70,51564
2024-10-13T16:36:00.000Z,4.12,-0.67,452.2,1.46,32423
2024-10-13T16:37:00.000Z,4.17,-0.78,454.2,2.01,191903
2024-10-13T16:38:00.000Z,4.14,-0.78,455.7,2.06,176149
2024-10-13T16:39:00.000Z,4.16,-1.00,465.9,2.36,70690
2024-10-13T16:40:00.000Z,4.20,-1.09,459.9,2.00,176182
2024-10-13T16:41:00.000Z,4.20,-1.11,458.1,1.89,206692
2024-10-13T16:42:00.000Z,4.17,-0.98,458.1,1.89,206692
2024-10-13T16:43:00.000Z,4.23,-0.93,99999.9,999.99,9999999.0
2024-10-13T16:44:00.000Z,4.22,-0.94,457.2,2.13,136053
2024-10-13T16:45:00.000Z,4.22,-0.96,456.5,2.12,158343
2024-10-13T16:46:00.000Z,4.21,-0.96,453.7,2.04,230765
2024-10-13T16:47:00.000Z,4.19,-0.97,99999.9,999.99,9999999.0
2024-10-13T16:48:00.000Z,4.19,-0.91,454.0,2.04,248350
2024-10-13T16:49:00.000Z,9999.99,9999.99,454.0,2.04,248350
2024-10-13T16:50:00.000Z,4.18,-0.98,454.0,2.04,248350
2024-10-13T16:51:00.000Z,4.16,-1.01,99999.9,999.99,9999999.0
2024-10-13T16:52:00.000Z,9999.99,9999.99,99999.9,999.99,9999999.0
2024-10-13T16:53:00.000Z,4.15,-0.95,99999.9,999.99,9999999.0
2024-10-13T16:54:00.000Z,4.15,-0.62,451.8,1.94,174009
2024-10-13T16:55:00.000Z,4.19,-0.78,451.8,1.94,174009
2024-10-13T16:56:00.000Z,4.17,-0.72,451.8,1.94,174009
2024-10-13T16:57:00.000Z,4.16,-0.65,99999.9,999.99,9999999.0
2024-10-13T16:58:00.000Z,4.18,-0.64,457.6,2.17,86811
2024-10-13T16:59:00.000Z,4.19,-0.70,454.3,2.00,156849
2024-10-13T17:00:00.000Z,4.20,-0.66,452.1,1.87,202681
2024-10-13T17:01:00.000Z,4.20,-0.64,99999.9,999.99,9999999.0
2024-10-13T17:02:00.000Z,4.17,-0.60,458.8,1.91,139257
2024-10-13T17:03:00.000Z,4.13,-0.34,453.3,1.85,113268
2024-10-13T17:04:00.000Z,4.13,-0.33,451.1,1.74,106885
2024-10-13T17:05:00.000Z,4.13,-0.36,455.2,2.01,117435
2024-10-13T17:06:00.000Z,4.12,-0.25,454.9,2.10,102807
2024-10-13T17:07:00.000Z,4.11,-0.23,448.3,1.87,127954
2024-10-13T17:08:00.000Z,4.12,-0.29,448.3,1.87,127962
2024-10-13T17:09:00.000Z,4.12,-0.26,451.1,2.43,82735
2024-10-13T17:10:00.000Z,4.15,-0.31,451.1,2.43,82844
2024-10-13T17:11:00.000Z,4.14,-0.23,448.5,1.96,91892
2024-10-13T17:12:00.000Z,4.14,-0.34,448.6,1.96,91348
2024-10-13T17:13:00.000Z,4.09,-0.32,448.0,1.85,77376
2024-10-13T17:14:00.000Z,4.13,-0.34,449.8,1.85,76737
2024-10-13T17:15:00.000Z,4.11,-0.36,451.1,1.99,96009
2024-10-13T17:16:00.000Z,4.10,-0.28,451.3,2.02,100021
2024-10-13T17:17:00.000Z,4.08,-0.31,449.7,1.90,55838
2024-10-13T17:18:00.000Z,9999.99,9999.99,449.7,1.90,55838
2024-10-13T17:19:00.000Z,4.11,-0.13,449.7,1.90,55838
2024-10-13T17:20:00.000Z,9999.99,9999.99,99999.9,999.99,9999999.0
2024-10-13T17:21:00.000Z,9999.99,9999.99,99999.9,999.99,9999999.0
2024-10-13T17:22:00.000Z,4.14,-0.06,99999.9,999.99,9999999.0
2024-10-13T17:23:00.000Z,9999.99,9999.99,99999.9,999.99,9999999.0
2024-10-13T17:24:00.000Z,9999.99,9999.99,99999.9,999.99,9999999.0
2024-10-13T17:25:00.000Z,9999.99,9999.99,99999.9,999.99,9999999.0
2024-10-13T17:26:00.000Z,4.11,-0.01,447.6,1.93,61797
2024-10-13T17:27:00.000Z,4.10,-0.04,447.6,1.93,61797
2024-10-13T17:28:00.000Z,4.12,-0.15,99999.9,999.99,9999999.0
2024-10-13T17:29:00.000Z,4.12,-0.18,451.0,2.06,159466
2024-10-13T17:30:00.000Z,4.13,-0.15,451.0,2.06,159466
2024-10-13T17:31:00.000Z,4.12,-0.10,455.1,1.70,135209
2024-10-13T17:32:00.000Z,4.12,-0.10,450.8,1.70,113275
2024-10-13T17:33:00.000Z,4.09,0.16,448.3,1.71,100711
2024-10-13T17:34:00.000Z,4.09,0.23,99999.9,999.99,9999999.0
2024-10-13T17:35:00.000Z,4.06,0.30,99999.9,999.99,9999999.0
2024-10-13T17:36:00.000Z,4.04,0.32,450.4,1.78,125250
2024-10-13T17:37:00.000Z,4.07,0.37,450.4,1.78,125250
2024-10-13T17:38:00.000Z,4.08,0.41,99999.9,999.99,9999999.0
2024-10-13T17:39:00.000Z,4.09,0.21,448.9,2.04,83987
2024-10-13T17:40:00.000Z,4.10,0.15,449.1,1.91,93861
2024-10-13T17:41:00.000Z,4.09,0.17,450.7,2.02,80819
2024-10-13T17:42:00.000Z,4.10,0.11,451.8,2.19,68709
2024-10-13T17:43:00.000Z,4.10,0.01,451.0,2.23,92281
2024-10-13T17:44:00.000Z,4.10,0.16,450.2,2.28,117181
2024-10-13T17:45:00.000Z,4.08,0.34,447.0,2.06,57235
2024-10-13T17:46:00.000Z,4.06,0.44,449.5,1.94,75539
2024-10-13T17:47:00.000Z,4.08,0.42,452.6,1.79,99284
2024-10-13T17:48:00.000Z,4.09,0.46,99999.9,999.99,9999999.0
2024-10-13T17:49:00.000Z,4.09,0.63,451.5,2.18,73100
2024-10-13T17:50:00.000Z,4.05,0.44,451.6,2.18,73898
2024-10-13T17:51:00.000Z,4.07,0.43,451.1,2.22,78230
2024-10-13T17:52:00.000Z,4.08,0.45,447.0,2.14,56319
2024-10-13T17:53:00.000Z,4.08,0.38,447.2,2.08,88009
2024-10-13T17:54:00.000Z,9999.99,9999.99,446.1,2.23,65057
2024-10-13T17:55:00.000Z,4.05,0.57,99999.9,999.99,9999999.0
2024-10-13T17:56:00.000Z,9999.99,9999.99,99999.9,999.99,9999999.0
2024-10-13T17:57:00.000Z,9999.99,9999.99,99999.9,999.99,9999999.0
2024-10-13T17:58:00.000Z,9999.99,9999.99,99999.9,999.99,9999999.0
2024-10-13T17:59:00.000Z,4.09,0.54,99999.9,999.99,9999999.0
2024-10-13T18:00:00.000Z,9999.99,9999.99,99999.9,999.99,9999999.0
2024-10-13T18:01:00.000Z,4.06,-0.18,452.5,2.67,53835
2024-10-13T18:02:00.000Z,4.04,-0.10,452.5,2.67,53835
2024-10-13T18:03:00.000Z,4.07,0.07,449.5,1.92,91861
2024-10-13T18:04:00.000Z,4.06,0.26,449.4,1.89,93057
2024-10-13T18:05:00.000Z,4.04,0.15,450.2,2.20,71932
2024-10-13T18:06:00.000Z,4.06,-0.05,448.9,2.07,78763
2024-10-13T18:07:00.000Z,4.06,-0.16,99999.9,999.99,9999999.0
2024-10-13T18:08:00.000Z,4.07,-0.18,453.6,2.58,54486
2024-10-13T18:09:00.000Z,9999.99,9999.99,453.6,2.58,54486
2024-10-13T18:10:00.000Z,4.06,-0.07,99999.9,999.99,9999999.0
2024-10-13T18:11:00.000Z,3.95,-0.22,459.6,3.55,42968
2024-10-13T18:12:00.000Z,4.01,-1.66,458.1,3.18,44490
2024-10-13T18:13:00.000Z,4.03,-1.54,455.4,2.49,47364
2024-10-13T18:14:00.000Z,3.93,-0.19,455.2,2.09,42358
2024-10-13T18:15:00.000Z,3.93,-0.52,455.2,2.10,42331
2024-10-13T18:16:00.000Z,3.96,-0.21,459.2,3.98,35000
2024-10-13T18:17:00.000Z,3.91,0.11,449.7,3.15,48700
2024-10-13T18:18:00.000Z,3.96,-0.23,455.8,2.14,35126
2024-10-13T18:19:00.000Z,4.02,-0.73,454.2,2.49,44080
2024-10-13T18:20:00.000Z,4.01,-0.78,449.0,2.24,37006
2024-10-13T18:21:00.000Z,4.01,-0.31,445.4,1.79,23908
2024-10-13T18:22:00.000Z,4.02,-0.22,444.1,1.75,23735
2024-10-13T18:23:00.000Z,3.85,-0.65,444.1,1.85,27138
2024-10-13T18:24:00.000Z,3.42,-1.31,450.7,2.68,38122
2024-10-13T18:25:00.000Z,3.23,-1.52,449.4,2.93,40917
2024-10-13T18:26:00.000Z,3.77,-0.70,447.6,2.49,36525
2024-10-13T18:27:00.000Z,3.27,-1.30,443.9,2.20,34377
2024-10-13T18:28:00.000Z,3.06,-1.71,449.5,2.71,39791
2024-10-13T18:29:00.000Z,3.33,-1.66,447.6,3.03,48180
2024-10-13T18:30:00.000Z,3.63,-1.36,444.5,2.06,30085
2024-10-13T18:31:00.000Z,3.51,-1.53,448.7,2.27,32112
2024-10-13T18:32:00.000Z,3.40,-1.85,449.4,2.37,34661
2024-10-13T18:33:00.000Z,3.01,-1.66,452.7,3.06,61783
2024-10-13T18:34:00.000Z,2.78,-2.00,445.0,3.00,52678
2024-10-13T18:35:00.000Z,2.86,-2.21,442.5,3.03,44325
2024-10-13T18:36:00.000Z,3.01,-2.11,444.1,3.09,41403
2024-10-13T18:37:00.000Z,3.18,-1.96,450.2,2.71,32116
2024-10-13T18:38:00.000Z,3.07,-2.12,447.5,2.72,34113
2024-10-13T18:39:00.000Z,2.81,-2.40,443.1,2.73,37383
2024-10-13T18:40:00.000Z,2.81,-2.38,446.2,2.99,36582
2024-10-13T18:41:00.000Z,2.73,-2.36,446.2,2.99,36582
2024-10-13T18:42:00.000Z,2.85,-2.39,448.1,2.89,46576
2024-10-13T18:43:00.000Z,2.99,-2.37,448.1,2.89,46757
2024-10-13T18:44:00.000Z,3.15,-2.91,444.6,3.15,46421
2024-10-13T18:45:00.000Z,3.19,-2.94,444.6,3.15,46421
2024-10-13T18:46:00.000Z,3.28,-2.91,444.6,3.15,46421
2024-10-13T18:47:00.000Z,3.25,-2.72,99999.9,999.99,9999999.0
2024-10-13T18:48:00.000Z,3.22,-2.14,442.0,2.76,55800
2024-10-13T18:49:00.000Z,3.26,-2.23,444.6,2.82,52850
2024-10-13T18:50:00.000Z,3.27,-2.20,441.9,3.16,53555
2024-10-13T18:51:00.000Z,3.25,-2.30,443.8,2.96,43347
2024-10-13T18:52:00.000Z,3.32,-2.06,443.7,2.87,46005
2024-10-13T18:53:00.000Z,3.51,-1.86,442.8,3.09,47801
2024-10-13T18:54:00.000Z,3.56,-1.83,444.4,2.90,35186
2024-10-13T18:55:00.000Z,3.57,-2.05,444.2,2.90,35368
2024-10-13T18:56:00.000Z,3.70,-2.09,443.9,2.89,35783
2024-10-13T18:57:00.000Z,3.73,-2.11,99999.9,999.99,9999999.0
2024-10-13T18:58:00.000Z,3.69,-2.02,445.7,2.75,38431
2024-10-13T18:59:00.000Z,3.63,-2.03,445.1,2.71,35687
2024-10-13T19:00:00.000Z,3.64,-2.03,444.4,2.71,33913
2024-10-13T19:01:00.000Z,3.57,-2.04,443.3,2.79,35813
2024-10-13T19:02:00.000Z,3.55,-2.04,443.3,2.79,35813
2024-10-13T19:03:00.000Z,3.53,-1.96,440.3,2.37,27645
2024-10-13T19:04:00.000Z,3.54,-1.93,440.3,2.36,27551
2024-10-13T19:05:00.000Z,3.53,-1.94,99999.9,999.99,9999999.0
2024-10-13T19:06:00.000Z,3.55,-2.02,99999.9,999.99,9999999.0
2024-10-13T19:07:00.000Z,3.58,-2.01,445.7,2.96,43421
2024-10-13T19:08:00.000Z,3.57,-1.97,445.7,2.96,43421
2024-10-13T19:09:00.000Z,3.57,-1.97,445.7,2.96,43421
2024-10-13T19:10:00.000Z,3.55,-1.83,443.3,2.83,31893
2024-10-13T19:11:00.000Z,3.52,-2.02,443.3,2.83,31893
2024-10-13T19:12:00.000Z,3.50,-2.07,443.3,2.83,31893
2024-10-13T19:13:00.000Z,3.51,-2.02,442.4,2.91,28594
2024-10-13T19:14:00.000Z,3.46,-2.00,442.4,2.91,28594
2024-10-13T19:15:00.000Z,3.44,-1.99,442.4,2.91,28594
2024-10-13T19:16:00.000Z,3.40,-1.73,442.8,2.95,36285
2024-10-13T19:17:00.000Z,3.35,-1.72,442.8,2.95,36285
2024-10-13T19:18:00.000Z,3.33,-1.88,442.8,2.95,36285
2024-10-13T19:19:00.000Z,3.35,-1.92,99999.9,999.99,9999999.0
2024-10-13T19:20:00.000Z,3.37,-1.91,442.3,2.90,36285
2024-10-13T19:21:00.000Z,3.39,-1.82,442.3,2.90,36285
2024-10-13T19:22:00.000Z,3.45,-2.00,442.3,2.90,36285
2024-10-13T19:23:00.000Z,3.57,-2.13,99999.9,999.99,9999999.0
2024-10-13T19:24:00.000Z,3.58,-2.33,444.3,2.84,29817
2024-10-13T19:25:00.000Z,3.69,-2.49,444.3,2.84,29817
2024-10-13T19:26:00.000Z,3.74,-2.51,444.3,2.84,29817
2024-10-13T19:27:00.000Z,3.75,-2.58,99999.9,999.99,9999999.0
2024-10-13T19:28:00.000Z,3.75,-2.55,442.5,2.86,32311
2024-10-13T19:29:00.000Z,3.72,-2.48,442.5,2.86,32311
2024-10-13T19:30:00.000Z,3.71,-2.36,442.5,2.86,32311
2024-10-13T19:31:00.000Z,3.65,-2.31,99999.9,999.99,9999999.0
2024-10-13T19:32:00.000Z,3.62,-2.31,441.3,2.86,26986
2024-10-13T19:33:00.000Z,3.60,-2.18,441.3,2.86,26986
2024-10-13T19:34:00.000Z,3.62,-2.11,441.3,2.86,26986
2024-10-13T19:35:00.000Z,3.60,-2.03,99999.9,999.99,9999999.0
2024-10-13T19:36:00.000Z,3.61,-1.89,99999.9,999.99,9999999.0
2024-10-13T19:37:00.000Z,3.55,-1.92,442.1,2.86,26910
2024-10-13T19:38:00.000Z,3.54,-2.01,442.1,2.86,26910
2024-10-13T19:39:00.000Z,3.57,-2.10,442.1,2.86,26910
2024-10-13T19:40:00.000Z,3.57,-2.22,99999.9,999.99,9999999.0
2024-10-13T19:41:00.000Z,3.58,-2.17,99999.9,999.99,9999999.0
2024-10-13T19:42:00.000Z,3.57,-2.08,440.9,3.00,39742
2024-10-13T19:43:00.000Z,3.60,-2.12,440.9,3.00,39742
2024-10-13T19:44:00.000Z,3.60,-2.22,440.9,3.00,39742
2024-10-13T19:45:00.000Z,3.62,-2.35,99999.9,999.99,9999999.0
2024-10-13T19:46:00.000Z,3.61,-2.51,99999.9,999.99,9999999.0
2024-10-13T19:47:00.000Z,3.61,-2.37,99999.9,999.99,9999999.0
2024-10-13T19:48:00.000Z,3.63,-2.27,438.9,3.05,30005
2024-10-13T19:49:00.000Z,3.61,-2.24,438.9,3.05,30005
2024-10-13T19:50:00.000Z,3.61,-2.24,438.9,3.05,30005
2024-10-13T19:51:00.000Z,3.68,-2.50,99999.9,999.99,9999999.0
2024-10-13T19:52:00.000Z,3.66,-2.26,99999.9,999.99,9999999.0
2024-10-13T19:53:00.000Z,3.63,-1.93,440.7,2.79,30356
2024-10-13T19:54:00.000Z,3.67,-2.07,440.7,2.79,30356
2024-10-13T19:55:00.000Z,3.67,-2.12,439.5,2.92,29242
2024-10-13T19:56:00.000Z,3.69,-1.84,439.6,2.99,28214
2024-10-13T19:57:00.000Z,3.76,-1.80,440.5,2.96,27930
2024-10-13T19:58:00.000Z,3.67,-1.50,440.4,3.02,31727
2024-10-13T19:59:00.000Z,3.63,-1.25,440.4,3.02,31727
2024-10-13T20:00:00.000Z,3.64,-1.18,99999.9,999.99,9999999.0
2024-10-13T20:01:00.000Z,3.62,-1.18,441.2,2.99,34472
2024-10-13T20:02:00.000Z,3.63,-1.19,441.2,2.99,34575
2024-10-13T20:03:00.000Z,3.59,-0.75,439.9,3.14,41657
2024-10-13T20:04:00.000Z,3.59,-0.53,440.2,3.11,40571
2024-10-13T20:05:00.000Z,3.58,-0.11,440.2,3.12,43460
2024-10-13T20:06:00.000Z,3.59,0.10,439.6,3.18,53152
2024-10-13T20:07:00.000Z,3.64,0.11,438.7,2.84,31755
2024-10-13T20:08:00.000Z,3.64,0.07,438.7,2.84,31755
2024-10-13T20:09:00.000Z,3.61,0.23,437.5,2.81,32031
2024-10-13T20:10:00.000Z,3.62,0.31,437.5,2.81,31994
2024-10-13T20:11:00.000Z,3.68,0.34,438.5,2.81,30683
2024-10-13T20:12:00.000Z,3.69,0.69,438.6,2.85,27483
2024-10-13T20:13:00.000Z,3.85,-1.45,438.6,2.86,26579
2024-10-13T20:14:00.000Z,3.84,-1.53,438.9,2.81,22461
2024-10-13T20:15:00.000Z,3.82,-1.56,438.1,2.89,22994
2024-10-13T20:16:00.000Z,3.95,-1.19,436.5,2.91,24852
2024-10-13T20:17:00.000Z,3.96,-1.08,437.0,2.81,24334
2024-10-13T20:18:00.000Z,3.97,-0.87,437.1,2.86,25656
2024-10-13T20:19:00.000Z,4.05,-0.97,442.1,2.68,28831
2024-10-13T20:20:00.000Z,3.92,-0.91,442.1,2.68,28831
2024-10-13T20:21:00.000Z,3.94,-0.90,99999.9,999.99,9999999.0
2024-10-13T20:22:00.000Z,3.98,-0.98,436.7,2.84,39063
2024-10-13T20:23:00.000Z,3.94,-1.01,437.0,2.85,28968
2024-10-13T20:24:00.000Z,3.79,-1.20,437.2,2.86,23910
2024-10-13T20:25:00.000Z,3.87,-1.31,437.6,2.81,24882
2024-10-13T20:26:00.000Z,3.90,-1.13,437.6,2.81,24882
2024-10-13T20:27:00.000Z,3.86,-1.37,434.7,2.91,26065
2024-10-13T20:28:00.000Z,3.88,-1.48,434.0,2.92,26326
2024-10-13T20:29:00.000Z,3.83,-1.07,434.5,2.91,28884
2024-10-13T20:30:00.000Z,3.84,-1.01,435.1,2.90,28950
2024-10-13T20:31:00.000Z,3.84,-1.11,437.2,2.88,29192
2024-10-13T20:32:00.000Z,3.82,-1.11,434.0,2.71,25427
2024-10-13T20:33:00.000Z,3.80,-0.89,434.0,2.71,25425
2024-10-13T20:34:00.000Z,3.82,-0.83,99999.9,999.99,9999999.0
2024-10-13T20:35:00.000Z,3.83,-0.84,436.0,2.92,27063
2024-10-13T20:36:00.000Z,3.82,-0.88,436.0,2.92,27063
2024-10-13T20:37:00.000Z,3.80,-1.08,436.0,2.83,30901
2024-10-13T20:38:00.000Z,3.84,-0.87,435.5,3.25,31946
2024-10-13T20:39:00.000Z,3.87,-0.90,435.0,3.39,32861
2024-10-13T20:40:00.000Z,3.86,-0.94,434.0,3.25,32182
2024-10-13T20:41:00.000Z,3.83,-0.99,437.2,2.96,26057
2024-10-13T20:42:00.000Z,3.79,-0.90,431.6,4.68,37346
2024-10-13T20:43:00.000Z,3.85,-0.90,433.8,3.41,30578
2024-10-13T20:44:00.000Z,3.83,-0.95,436.0,3.04,27088
2024-10-13T20:45:00.000Z,3.80,-0.96,434.6,3.10,30296
2024-10-13T20:46:00.000Z,3.77,-1.10,433.5,3.12,32384
2024-10-13T20:47:00.000Z,3.78,-1.05,431.3,2.81,31948
2024-10-13T20:48:00.000Z,3.82,-1.05,432.8,2.95,32020
2024-10-13T20:49:00.000Z,3.82,-0.80,435.1,2.98,30535
2024-10-13T20:50:00.000Z,3.80,-0.70,433.5,2.91,32037
2024-10-13T20:51:00.000Z,3.77,-0.45,431.1,2.94,37492
2024-10-13T20:52:00.000Z,3.63,-0.08,430.0,2.95,41943
2024-10-13T20:53:00.000Z,3.62,0.09,435.9,3.21,41308
2024-10-13T20:54:00.000Z,3.57,0.08,435.9,3.21,41308
2024-10-13T20:55:00.000Z,3.61,0.04,435.9,3.21,41308
2024-10-13T20:56:00.000Z,3.66,0.23,99999.9,999.99,9999999.0
2024-10-13T20:57:00.000Z,3.80,0.02,429.4,2.81,43259
2024-10-13T20:58:00.000Z,3.81,-0.04,429.4,2.81,43268
2024-10-13T20:59:00.000Z,3.74,0.05,431.4,2.93,43648
2024-10-13T21:00:00.000Z,3.71,0.36,431.4,2.93,43648
2024-10-13T21:01:00.000Z,3.71,0.44,428.7,3.53,53402
2024-10-13T21:02:00.000Z,3.73,0.40,428.7,3.53,53402
2024-10-13T21:03:00.000Z,3.79,0.29,99999.9,999.99,9999999.0
2024-10-13T21:04:00.000Z,3.80,0.45,430.5,2.91,43876
2024-10-13T21:05:00.000Z,3.85,0.83,430.5,2.93,44052
2024-10-13T21:06:00.000Z,3.75,0.65,429.3,4.10,50459
2024-10-13T21:07:00.000Z,3.68,0.99,429.2,4.19,50916
2024-10-13T21:08:00.000Z,3.57,0.52,99999.9,999.99,9999999.0
2024-10-13T21:09:00.000Z,3.56,0.32,99999.9,999.99,9999999.0
2024-10-13T21:10:00.000Z,3.45,0.24,431.3,3.86,69732
2024-10-13T21:11:00.000Z,3.43,0.66,431.3,3.86,69732
2024-10-13T21:12:00.000Z,3.41,-0.12,99999.9,999.99,9999999.0
2024-10-13T21:13:00.000Z,3.45,-0.12,99999.9,999.99,9999999.0
2024-10-13T21:14:00.000Z,3.46,-0.25,432.4,3.47,30329
2024-10-13T21:15:00.000Z,3.42,-0.89,432.7,3.42,30096
2024-10-13T21:16:00.000Z,3.31,-0.84,433.5,3.33,29589
2024-10-13T21:17:00.000Z,3.27,-0.69,99999.9,999.99,9999999.0
2024-10-13T21:18:00.000Z,3.21,-1.08,99999.9,999.99,9999999.0
2024-10-13T21:19:00.000Z,3.20,-0.93,99999.9,999.99,9999999.0
2024-10-13T21:20:00.000Z,3.17,-0.65,428.8,3.99,28831
2024-10-13T21:21:00.000Z,3.18,-0.26,429.4,4.08,27731
2024-10-13T21:22:00.000Z,3.23,-0.13,430.4,4.21,26099
2024-10-13T21:23:00.000Z,3.28,-0.18,429.3,3.88,30297
2024-10-13T21:24:00.000Z,3.28,-0.23,429.3,3.88,30302
2024-10-13T21:25:00.000Z,3.27,-0.28,429.3,3.88,30302
2024-10-13T21:26:00.000Z,3.27,-0.33,99999.9,999.99,9999999.0
2024-10-13T21:27:00.000Z,3.26,-0.43,99999.9,999.99,9999999.0
2024-10-13T21:28:00.000Z,3.28,-0.46,99999.9,999.99,9999999.0
2024-10-13T21:29:00.000Z,3.31,-0.33,430.6,3.94,28489
2024-10-13T21:30:00.000Z,3.33,-0.32,430.6,3.94,28489
2024-10-13T21:31:00.000Z,3.32,-0.20,431.0,3.88,28697
2024-10-13T21:32:00.000Z,3.30,-0.18,431.2,3.86,28778
2024-10-13T21:33:00.000Z,3.28,-0.10,431.1,3.85,28877
2024-10-13T21:34:00.000Z,3.28,-0.20,430.9,3.80,29282
2024-10-13T21:35:00.000Z,3.22,-0.28,430.8,3.80,29258
2024-10-13T21:36:00.000Z,3.26,-0.30,430.1,3.83,28911
2024-10-13T21:37:00.000Z,3.24,-0.45,430.2,3.82,29152
2024-10-13T21:38:00.000Z,2.89,-0.15,432.7,3.43,38702
2024-10-13T21:39:00.000Z,2.81,-0.13,432.5,3.70,45465
2024-10-13T21:40:00.000Z,2.78,0.04,432.5,3.78,47297
2024-10-13T21:41:00.000Z,2.78,0.10,99999.9,999.99,9999999.0
2024-10-13T21:42:00.000Z,2.80,0.33,431.9,3.58,42494
2024-10-13T21:43:00.000Z,2.83,0.45,431.4,3.78,48359
2024-10-13T21:44:00.000Z,2.88,0.51,431.2,3.89,51868
2024-10-13T21:45:00.000Z,2.92,0.12,99999.9,999.99,9999999.0
2024-10-13T21:46:00.000Z,2.98,0.03,433.6,3.52,40606
2024-10-13T21:47:00.000Z,3.11,-0.09,433.1,3.62,37078
2024-10-13T21:48:00.000Z,3.11,-0.33,432.7,3.70,35364
2024-10-13T21:49:00.000Z,3.07,-0.44,432.1,3.78,34270
2024-10-13T21:50:00.000Z,3.09,-0.60,432.1,3.78,34270
2024-10-13T21:51:00.000Z,3.08,-0.47,99999.9,999.99,9999999.0
2024-10-13T21:52:00.000Z,3.10,0.29,432.1,3.83,35971
2024-10-13T21:53:00.000Z,3.07,0.58,433.3,3.67,34971
2024-10-13T21:54:00.000Z,2.99,0.33,430.8,3.52,33402
2024-10-13T21:55:00.000Z,2.99,0.00,427.3,3.40,31977
2024-10-13T21:56:00.000Z,3.00,0.16,427.3,3.40,31977
2024-10-13T21:57:00.000Z,2.96,0.55,99999.9,999.99,9999999.0
2024-10-13T21:58:00.000Z,2.94,0.12,99999.9,999.99,9999999.0
2024-10-13T21:59:00.000Z,2.95,0.26,431.3,3.87,39618
2024-10-13T22:00:00.000Z,2.97,0.31,431.3,3.87,39618
2024-10-13T22:01:00.000Z,2.93,0.32,431.6,3.82,38947
2024-10-13T22:02:00.000Z,2.93,0.39,431.8,3.78,38573
2024-10-13T22:03:00.000Z,2.95,0.34,429.7,3.91,45487
2024-10-13T22:04:00.000Z,2.97,0.15,429.7,3.91,45487
2024-10-13T22:05:00.000Z,2.99,0.40,429.7,3.91,45487
2024-10-13T22:06:00.000Z,2.96,0.27,99999.9,999.99,9999999.0
2024-10-13T22:07:00.000Z,2.93,0.21,430.5,3.98,39711
2024-10-13T22:08:00.000Z,2.97,0.40,430.5,3.98,39711
2024-10-13T22:09:00.000Z,2.92,0.06,431.1,3.98,40898
2024-10-13T22:10:00.000Z,3.01,0.43,431.1,3.98,40898
2024-10-13T22:11:00.000Z,3.08,0.48,429.7,3.78,36587
2024-10-13T22:12:00.000Z,3.09,0.40,429.7,3.78,36582
2024-10-13T22:13:00.000Z,3.06,0.27,430.2,3.79,37450
2024-10-13T22:14:00.000Z,3.03,-0.02,430.2,3.79,37450
2024-10-13T22:15:00.000Z,3.08,0.07,430.3,3.90,38787
2024-10-13T22:16:00.000Z,3.12,0.06,430.3,3.90,38787
2024-10-13T22:17:00.000Z,3.11,0.18,432.0,3.71,34414
2024-10-13T22:18:00.000Z,3.13,0.22,432.0,3.71,34414
2024-10-13T22:19:00.000Z,3.11,0.29,99999.9,999.99,9999999.0
2024-10-13T22:20:00.000Z,3.03,0.19,428.4,3.83,37090
2024-10-13T22:21:00.000Z,3.02,-0.05,428.4,3.83,37090
2024-10-13T22:22:00.000Z,3.08,0.07,429.3,3.83,36791
2024-10-13T22:23:00.000Z,3.04,-0.08,428.9,3.84,38961
2024-10-13T22:24:00.000Z,3.08,-0.22,427.9,3.88,45247
2024-10-13T22:25:00.000Z,3.06,-0.47,430.8,3.76,34940
2024-10-13T22:26:00.000Z,3.08,-0.57,430.6,3.83,39533
2024-10-13T22:27:00.000Z,3.06,-0.55,430.4,3.84,40647
2024-10-13T22:28:00.000Z,3.06,-0.53,431.3,3.79,34616
2024-10-13T22:29:00.000Z,3.06,-0.47,431.3,3.79,34616
2024-10-13T22:30:00.000Z,3.03,-0.37,99999.9,999.99,9999999.0
2024-10-13T22:31:00.000Z,3.04,-0.40,429.5,3.88,35052
2024-10-13T22:32:00.000Z,3.02,-0.49,429.5,3.88,35052
2024-10-13T22:33:00.000Z,3.04,-0.44,429.5,3.88,35052
2024-10-13T22:34:00.000Z,3.01,-0.42,99999.9,999.99,9999999.0
2024-10-13T22:35:00.000Z,3.02,-0.49,429.6,3.87,33525
2024-10-13T22:36:00.000Z,2.93,-0.52,429.7,3.90,34405
2024-10-13T22:37:00.000Z,2.92,-0.84,429.9,4.00,36970
2024-10-13T22:38:00.000Z,2.90,-0.79,430.7,4.10,38016
2024-10-13T22:39:00.000Z,2.94,-0.55,430.8,4.11,38176
2024-10-13T22:40:00.000Z,2.90,-0.30,430.8,4.11,38176
2024-10-13T22:41:00.000Z,3.01,-0.58,430.8,4.09,42614
2024-10-13T22:42:00.000Z,2.83,-0.46,429.8,4.00,43507
2024-10-13T22:43:00.000Z,2.78,-0.51,431.5,4.06,37610
2024-10-13T22:44:00.000Z,2.78,-0.42,432.6,4.10,33896
2024-10-13T22:45:00.000Z,2.80,-0.53,99999.9,999.99,9999999.0
2024-10-13T22:46:00.000Z,2.80,-0.49,430.3,3.93,33440
2024-10-13T22:47:00.000Z,2.82,-0.77,430.3,3.93,33440
2024-10-13T22:48:00.000Z,2.93,0.17,99999.9,999.99,9999999.0
2024-10-13T22:49:00.000Z,2.76,0.74,99999.9,999.99,9999999.0
2024-10-13T22:50:00.000Z,2.73,0.70,99999.9,999.99,9999999.0
2024-10-13T22:51:00.000Z,2.70,-1.07,430.6,3.95,39817
2024-10-13T22:52:00.000Z,2.72,-0.36,430.2,4.10,40860
2024-10-13T22:53:00.000Z,2.38,0.26,433.9,4.88,59385
2024-10-13T22:54:00.000Z,2.74,-0.12,433.9,4.88,59385
2024-10-13T22:55:00.000Z,2.61,0.23,440.5,4.48,36736
2024-10-13T22:56:00.000Z,2.36,1.05,436.7,4.35,36846
2024-10-13T22:57:00.000Z,2.33,1.35,433.7,4.26,36877
2024-10-13T22:58:00.000Z,2.29,1.37,440.6,4.93,32817
2024-10-13T22:59:00.000Z,2.53,1.29,440.8,4.37,35828
2024-10-13T23:00:00.000Z,2.22,1.50,438.3,4.10,34653
2024-10-13T23:01:00.000Z,2.41,1.47,441.5,4.08,35201
2024-10-13T23:02:00.000Z,2.37,1.41,435.8,4.43,40471
2024-10-13T23:03:00.000Z,1.94,1.66,432.1,4.70,44859
2024-10-13T23:04:00.000Z,2.00,1.78,99999.9,999.99,9999999.0
2024-10-13T23:05:00.000Z,1.94,1.70,99999.9,999.99,9999999.0
2024-10-13T23:06:00.000Z,1.87,1.63,99999.9,999.99,9999999.0
2024-10-13T23:07:00.000Z,1.94,1.72,99999.9,999.99,9999999.0
2024-10-13T23:08:00.000Z,9999.99,9999.99,99999.9,999.99,9999999.0
2024-10-13T23:09:00.000Z,1.97,1.80,438.4,4.31,41939
2024-10-13T23:10:00.000Z,1.99,1.72,439.0,4.36,42537
2024-10-13T23:11:00.000Z,1.83,1.56,440.6,4.30,41451
2024-10-13T23:12:00.000Z,1.70,1.45,442.8,4.16,39094
2024-10-13T23:13:00.000Z,1.93,1.56,442.0,4.20,38508
2024-10-13T23:14:00.000Z,2.19,1.68,441.1,4.35,40306
2024-10-13T23:15:00.000Z,2.13,1.58,442.2,4.42,37723
2024-10-13T23:16:00.000Z,2.04,1.51,443.2,4.30,37637
2024-10-13T23:17:00.000Z,1.80,1.37,442.7,4.23,39064
2024-10-13T23:18:00.000Z,1.92,1.43,442.3,4.28,37932
2024-10-13T23:19:00.000Z,2.22,1.60,442.5,4.38,43297
2024-10-13T23:20:00.000Z,2.21,1.62,442.6,4.49,46947
2024-10-13T23:21:00.000Z,2.13,1.57,442.4,4.35,36761
2024-10-13T23:22:00.000Z,2.40,1.64,441.6,4.43,36829
2024-10-13T23:23:00.000Z,1.86,1.28,440.7,4.58,39532
2024-10-13T23:24:00.000Z,2.04,1.28,440.2,4.70,43113
2024-10-13T23:25:00.000Z,1.89,1.17,439.9,4.79,49038
2024-10-13T23:26:00.000Z,2.10,1.33,440.6,4.70,33383
2024-10-13T23:27:00.000Z,1.81,1.09,440.6,4.70,33383
2024-10-13T23:28:00.000Z,1.79,1.15,441.3,4.75,33226
2024-10-13T23:29:00.000Z,1.53,0.98,441.6,4.77,33200
2024-10-13T23:30:00.000Z,1.69,1.11,442.0,4.60,35990
2024-10-13T23:31:00.000Z,2.12,1.43,441.4,4.35,35396
2024-10-13T23:32:00.000Z,2.31,1.52,441.6,4.43,37030
2024-10-13T23:33:00.000Z,2.04,1.18,442.0,4.64,39155
2024-10-13T23:34:00.000Z,9999.99,9999.99,99999.9,999.99,9999999.0
2024-10-13T23:35:00.000Z,9999.99,9999.99,99999.9,999.99,9999999.0
2024-10-13T23:36:00.000Z,2.80,1.52,441.4,4.67,39094
2024-10-13T23:37:00.000Z,2.95,1.70,441.4,4.67,39094
2024-10-13T23:38:00.000Z,3.35,1.95,436.5,4.60,43358
2024-10-13T23:39:00.000Z,3.45,2.07,434.8,4.38,39157
2024-10-13T23:40:00.000Z,3.39,1.91,431.9,3.93,26577
2024-10-13T23:41:00.000Z,3.49,2.08,435.0,4.61,29043
2024-10-13T23:42:00.000Z,3.39,2.00,432.1,4.06,31782
2024-10-13T23:43:00.000Z,3.51,2.10,433.3,4.36,32337
2024-10-13T23:44:00.000Z,3.79,2.69,431.4,4.12,30597
2024-10-13T23:45:00.000Z,3.78,2.64,431.6,4.10,29492
2024-10-13T23:46:00.000Z,3.72,2.61,433.5,4.12,28596
2024-10-13T23:47:00.000Z,3.68,2.59,433.6,3.85,29709
2024-10-13T23:48:00.000Z,3.59,2.56,432.7,4.19,28334
2024-10-13T23:49:00.000Z,3.57,2.67,426.6,4.08,31001
2024-10-13T23:50:00.000Z,3.56,2.48,421.7,4.07,32108
2024-10-13T23:51:00.000Z,3.56,2.58,432.7,4.38,35587
2024-10-13T23:52:00.000Z,3.55,2.80,427.4,4.37,30671
2024-10-13T23:53:00.000Z,3.55,2.79,428.5,4.17,29345
2024-10-13T23:54:00.000Z,3.72,2.78,426.1,3.99,33091
2024-10-13T23:55:00.000Z,3.82,2.80,430.3,3.97,30440
2024-10-13T23:56:00.000Z,3.50,3.01,430.9,3.95,30567
2024-10-13T23:57:00.000Z,3.37,2.90,99999.9,999.99,9999999.0
2024-10-13T23:58:00.000Z,3.36,2.94,99999.9,999.99,9999999.0
2024-10-13T23:59:00.000Z,3.38,2.59,99999.9,999.99,9999999.0
